primary_reasoning_family,count,mean_program_length,mean_priority_score
multi_hop,29047,7.030984266877819,17.937274073054017
comparison_or_superlative,13624,3.608998825601879,7.339034057545508
qualifier,10688,4.357035928143713,7.928798652694611
verification,9675,4.716692506459949,8.801136950904393
count,5041,4.558024201547312,8.649474310652648
logical_set,2376,8.049242424242424,17.039983164983166
filtering,1515,5.7122112211221125,8.848844884488448
temporal,826,5.47457627118644,8.898305084745763
