Сложность,Запросов,Среднее_gold,Медиана_gold,Минимум_gold,Максимум_gold,Всего_gold_связей
L1,246,123.32113821138212,45.5,1,768,30337
L2,250,42.848,12.0,0,653,10712
L3,274,47.63868613138686,14.0,1,587,13053
L4,220,15.590909090909092,4.5,0,762,3430
L5,97,12.75257731958763,3.0,1,195,1237
