id,domain,complexity,template_id,old_constraints,new_constraints,warnings,query_text_ru
cinema_l1_0000,cinema,L1,,"{""country_ru"": ""США"", ""genre_ru"": ""криминальный фильм"", ""kind"": ""film"", ""not_franchise"": false, ""rating"": null, ""source_dataset"": ""wikidata"", ""year_from"": 2015, ""year_to"": 2015}","{""country_ru"": ""США"", ""genre_ru"": ""криминальный фильм"", ""kind"": ""film"", ""year_from"": 2015, ""year_to"": 2015}",,"Назови 5 фильмов, жанра «криминальный фильм», из страны: США, 2015 года."
cinema_l1_0002,cinema,L1,,"{""country_ru"": ""Великобритания"", ""genre_ru"": ""драма"", ""kind"": ""film"", ""not_franchise"": false, ""rating"": null, ""source_dataset"": ""wikidata"", ""year_from"": 2018, ""year_to"": 2025}","{""genre_ru"": ""драма"", ""kind"": ""film"", ""year_from"": 2018, ""year_to"": 2025}",,"Назови 5 фильмов, жанра «драма», в период 2018–2025 годов."
cinema_l1_0004,cinema,L1,,"{""country_ru"": ""Япония"", ""genre_ru"": ""криминальный фильм"", ""kind"": ""film"", ""not_franchise"": false, ""rating"": null, ""source_dataset"": ""wikidata"", ""year_from"": 2019, ""year_to"": 2019}","{""genre_ru"": ""криминальный фильм"", ""kind"": ""film"", ""year_from"": 2019, ""year_to"": 2019}",,"Назови 5 фильмов, жанра «криминальный фильм», 2019 года."
cinema_l1_0006,cinema,L1,,"{""country_ru"": ""Россия"", ""genre_ru"": ""драма"", ""kind"": ""film"", ""not_franchise"": false, ""rating"": null, ""source_dataset"": ""wikidata"", ""year_from"": 2005, ""year_to"": 2009}","{""genre_ru"": ""драма"", ""kind"": ""film"", ""year_from"": 2005, ""year_to"": 2009}",,"Назови 5 фильмов, жанра «драма», в период 2005–2009 годов."
cinema_l1_0008,cinema,L1,,"{""country_ru"": ""США"", ""genre_ru"": ""криминальный фильм"", ""kind"": ""film"", ""not_franchise"": false, ""rating"": null, ""source_dataset"": ""wikidata"", ""year_from"": 2019, ""year_to"": 2024}","{""genre_ru"": ""криминальный фильм"", ""kind"": ""film"", ""year_from"": 2019, ""year_to"": 2024}",,"Назови 5 фильмов, жанра «криминальный фильм», в период 2019–2024 годов."
cinema_l1_0010,cinema,L1,,"{""country_ru"": ""Великобритания"", ""genre_ru"": ""приключенческий фильм"", ""kind"": ""film"", ""not_franchise"": false, ""rating"": null, ""source_dataset"": ""wikidata"", ""year_from"": 2016, ""year_to"": 2016}","{""genre_ru"": ""приключенческий фильм"", ""kind"": ""film"", ""year_from"": 2016, ""year_to"": 2016}",,"Назови 5 фильмов, жанра «приключенческий фильм», 2016 года."
cinema_l1_0012,cinema,L1,,"{""country_ru"": ""СФРЮ"", ""genre_ru"": ""мультфильм"", ""kind"": ""film"", ""not_franchise"": false, ""rating"": null, ""source_dataset"": ""wikidata"", ""year_from"": 2012, ""year_to"": 2014}","{""genre_ru"": ""мультфильм"", ""kind"": ""film"", ""year_from"": 2012, ""year_to"": 2014}",,"Назови 5 фильмов, жанра «мультфильм», в период 2012–2014 годов."
cinema_l1_0014,cinema,L1,,"{""country_ru"": ""Канада"", ""genre_ru"": ""ужасы"", ""kind"": ""film"", ""not_franchise"": false, ""rating"": null, ""source_dataset"": ""wikidata"", ""year_from"": 2006, ""year_to"": 2011}","{""country_ru"": ""Канада"", ""genre_ru"": ""ужасы"", ""kind"": ""film"", ""year_from"": 2006, ""year_to"": 2011}",,"Назови 5 фильмов, жанра «ужасы», из страны: Канада, в период 2006–2011 годов."
cinema_l1_0016,cinema,L1,,"{""country_ru"": ""Великобритания"", ""genre_ru"": ""боевик"", ""kind"": ""film"", ""not_franchise"": false, ""rating"": null, ""source_dataset"": ""wikidata"", ""year_from"": 2011, ""year_to"": 2014}","{""genre_ru"": ""боевик"", ""kind"": ""film"", ""year_from"": 2011, ""year_to"": 2014}",,"Назови 5 фильмов, жанра «боевик», в период 2011–2014 годов."
cinema_l1_0018,cinema,L1,,"{""country_ru"": ""Россия"", ""genre_ru"": ""приключенческий фильм"", ""kind"": ""film"", ""not_franchise"": false, ""rating"": null, ""source_dataset"": ""wikidata"", ""year_from"": 2024, ""year_to"": 2024}","{""genre_ru"": ""приключенческий фильм"", ""kind"": ""film"", ""year_from"": 2024, ""year_to"": 2024}",,"Назови 5 фильмов, жанра «приключенческий фильм», 2024 года."
cinema_l1_0020,cinema,L1,,"{""country_ru"": ""Канада"", ""genre_ru"": ""криминальный фильм"", ""kind"": ""series"", ""not_franchise"": false, ""rating"": null, ""source_dataset"": ""wikidata"", ""year_from"": 2017, ""year_to"": 2024}","{""genre_ru"": ""криминальный фильм"", ""kind"": ""film"", ""year_from"": 2017, ""year_to"": 2024}",,"Назови 5 сериалов, жанра «криминальный фильм», в период 2017–2024 годов."
cinema_l1_0022,cinema,L1,,"{""country_ru"": ""Франция"", ""genre_ru"": ""криминальный фильм"", ""kind"": ""film"", ""not_franchise"": false, ""rating"": null, ""source_dataset"": ""wikidata"", ""year_from"": 2007, ""year_to"": 2012}","{""country_ru"": ""Франция"", ""genre_ru"": ""криминальный фильм"", ""kind"": ""film"", ""year_from"": 2007, ""year_to"": 2012}",,"Назови 5 фильмов, жанра «криминальный фильм», из страны: Франция, в период 2007–2012 годов."
cinema_l1_0024,cinema,L1,,"{""country_ru"": ""Великобритания"", ""genre_ru"": ""боевик"", ""kind"": ""film"", ""not_franchise"": false, ""rating"": null, ""source_dataset"": ""wikidata"", ""year_from"": 2001, ""year_to"": 2001}","{""genre_ru"": ""боевик"", ""kind"": ""film"", ""year_from"": 2001, ""year_to"": 2001}",,"Назови 5 фильмов, жанра «боевик», 2001 года."
cinema_l1_0026,cinema,L1,,"{""country_ru"": ""Канада"", ""genre_ru"": ""приключенческий фильм"", ""kind"": ""film"", ""not_franchise"": false, ""rating"": null, ""source_dataset"": ""wikidata"", ""year_from"": 2011, ""year_to"": 2014}","{""country_ru"": ""Канада"", ""genre_ru"": ""приключенческий фильм"", ""kind"": ""film"", ""year_from"": 2011, ""year_to"": 2014}",,"Назови 5 фильмов, жанра «приключенческий фильм», из страны: Канада, в период 2011–2014 годов."
cinema_l1_0028,cinema,L1,,"{""country_ru"": ""Канада"", ""genre_ru"": ""документальный фильм"", ""kind"": ""film"", ""not_franchise"": false, ""rating"": null, ""source_dataset"": ""wikidata"", ""year_from"": 2014, ""year_to"": 2014}","{""genre_ru"": ""документальный фильм"", ""kind"": ""film"", ""year_from"": 2014, ""year_to"": 2014}",,"Назови 5 фильмов, жанра «документальный фильм», 2014 года."
cinema_l1_0030,cinema,L1,,"{""country_ru"": ""США"", ""genre_ru"": ""криминальный фильм"", ""kind"": ""film"", ""not_franchise"": false, ""rating"": null, ""source_dataset"": ""wikidata"", ""year_from"": 2018, ""year_to"": 2025}","{""country_ru"": ""США"", ""genre_ru"": ""криминальный фильм"", ""kind"": ""film"", ""year_from"": 2018, ""year_to"": 2025}",,"Назови 5 фильмов, жанра «криминальный фильм», из страны: США, в период 2018–2025 годов."
cinema_l1_0032,cinema,L1,,"{""country_ru"": ""Франция"", ""genre_ru"": ""боевик"", ""kind"": ""film"", ""not_franchise"": false, ""rating"": null, ""source_dataset"": ""wikidata"", ""year_from"": 2001, ""year_to"": 2003}","{""genre_ru"": ""боевик"", ""kind"": ""film"", ""year_from"": 2001, ""year_to"": 2003}",,"Назови 5 фильмов, жанра «боевик», в период 2001–2003 годов."
cinema_l1_0034,cinema,L1,,"{""country_ru"": ""Канада"", ""genre_ru"": ""криминальный фильм"", ""kind"": ""film"", ""not_franchise"": false, ""rating"": null, ""source_dataset"": ""wikidata"", ""year_from"": 2009, ""year_to"": 2013}","{""genre_ru"": ""криминальный фильм"", ""kind"": ""film"", ""year_from"": 2009, ""year_to"": 2013}",,"Назови 5 фильмов, жанра «криминальный фильм», в период 2009–2013 годов."
cinema_l1_0036,cinema,L1,,"{""country_ru"": ""Канада"", ""genre_ru"": ""криминальный фильм"", ""kind"": ""film"", ""not_franchise"": false, ""rating"": null, ""source_dataset"": ""wikidata"", ""year_from"": 2010, ""year_to"": 2010}","{""country_ru"": ""Канада"", ""genre_ru"": ""криминальный фильм"", ""kind"": ""film"", ""year_from"": 2010, ""year_to"": 2010}",,"Назови 5 фильмов, жанра «криминальный фильм», из страны: Канада, 2010 года."
cinema_l1_0038,cinema,L1,,"{""country_ru"": ""Япония"", ""genre_ru"": ""документальный фильм"", ""kind"": ""film"", ""not_franchise"": false, ""rating"": null, ""source_dataset"": ""wikidata"", ""year_from"": 2025, ""year_to"": 2025}","{""genre_ru"": ""документальный фильм"", ""kind"": ""film"", ""year_from"": 2025, ""year_to"": 2025}",,"Назови 5 фильмов, жанра «документальный фильм», 2025 года."
cinema_l1_0040,cinema,L1,,"{""country_ru"": ""Россия"", ""genre_ru"": ""триллер"", ""kind"": ""film"", ""not_franchise"": false, ""rating"": null, ""source_dataset"": ""wikidata"", ""year_from"": 2008, ""year_to"": 2015}","{""genre_ru"": ""триллер"", ""kind"": ""film"", ""year_from"": 2008, ""year_to"": 2015}",,"Назови 5 фильмов, жанра «триллер», в период 2008–2015 годов."
cinema_l1_0042,cinema,L1,,"{""country_ru"": ""Япония"", ""genre_ru"": ""боевик"", ""kind"": ""film"", ""not_franchise"": false, ""rating"": null, ""source_dataset"": ""wikidata"", ""year_from"": 2016, ""year_to"": 2016}","{""genre_ru"": ""боевик"", ""kind"": ""film"", ""year_from"": 2016, ""year_to"": 2016}",,"Назови 5 фильмов, жанра «боевик», 2016 года."
cinema_l1_0044,cinema,L1,,"{""country_ru"": ""Франция"", ""genre_ru"": ""криминальный фильм"", ""kind"": ""film"", ""not_franchise"": false, ""rating"": null, ""source_dataset"": ""wikidata"", ""year_from"": 2003, ""year_to"": 2005}","{""genre_ru"": ""криминальный фильм"", ""kind"": ""film"", ""year_from"": 2003, ""year_to"": 2005}",,"Назови 5 фильмов, жанра «криминальный фильм», в период 2003–2005 годов."
cinema_l1_0046,cinema,L1,,"{""country_ru"": ""Великобритания"", ""genre_ru"": ""боевик"", ""kind"": ""film"", ""not_franchise"": false, ""rating"": null, ""source_dataset"": ""wikidata"", ""year_from"": 2017, ""year_to"": 2017}","{""country_ru"": ""Великобритания"", ""genre_ru"": ""боевик"", ""kind"": ""film"", ""year_from"": 2017, ""year_to"": 2017}",,"Назови 5 фильмов, жанра «боевик», из страны: Великобритания, 2017 года."
cinema_l1_0048,cinema,L1,,"{""country_ru"": ""Франция"", ""genre_ru"": ""комедия"", ""kind"": ""film"", ""not_franchise"": false, ""rating"": null, ""source_dataset"": ""wikidata"", ""year_from"": 2018, ""year_to"": 2023}","{""genre_ru"": ""комедия"", ""kind"": ""film"", ""year_from"": 2018, ""year_to"": 2023}",,"Назови 5 фильмов, жанра «комедия», в период 2018–2023 годов."
cinema_l1_0052,cinema,L1,,"{""country_ru"": ""Япония"", ""genre_ru"": ""криминальный фильм"", ""kind"": ""film"", ""not_franchise"": false, ""rating"": null, ""source_dataset"": ""wikidata"", ""year_from"": 2018, ""year_to"": 2025}","{""genre_ru"": ""криминальный фильм"", ""kind"": ""film"", ""year_from"": 2018, ""year_to"": 2025}",,"Назови 5 фильмов, жанра «криминальный фильм», в период 2018–2025 годов."
cinema_l1_0054,cinema,L1,,"{""country_ru"": ""Россия"", ""genre_ru"": ""приключенческий фильм"", ""kind"": ""film"", ""not_franchise"": false, ""rating"": null, ""source_dataset"": ""wikidata"", ""year_from"": 2008, ""year_to"": 2008}","{""country_ru"": ""Россия"", ""genre_ru"": ""приключенческий фильм"", ""kind"": ""film"", ""year_from"": 2008, ""year_to"": 2008}",,"Назови 5 фильмов, жанра «приключенческий фильм», из страны: Россия, 2008 года."
cinema_l1_0056,cinema,L1,,"{""country_ru"": ""Франция"", ""genre_ru"": ""документальный фильм"", ""kind"": ""film"", ""not_franchise"": false, ""rating"": null, ""source_dataset"": ""wikidata"", ""year_from"": 2020, ""year_to"": 2020}","{""country_ru"": ""Франция"", ""genre_ru"": ""документальный фильм"", ""kind"": ""film"", ""year_from"": 2020, ""year_to"": 2020}",,"Назови 5 фильмов, жанра «документальный фильм», из страны: Франция, 2020 года."
cinema_l1_0058,cinema,L1,,"{""country_ru"": ""Франция"", ""genre_ru"": ""криминальный фильм"", ""kind"": ""film"", ""not_franchise"": false, ""rating"": null, ""source_dataset"": ""wikidata"", ""year_from"": 2004, ""year_to"": 2009}","{""country_ru"": ""Франция"", ""genre_ru"": ""криминальный фильм"", ""kind"": ""film"", ""year_from"": 2004, ""year_to"": 2009}",,"Назови 5 фильмов, жанра «криминальный фильм», из страны: Франция, в период 2004–2009 годов."
cinema_l1_0060,cinema,L1,,"{""country_ru"": ""Канада"", ""genre_ru"": ""ужасы"", ""kind"": ""film"", ""not_franchise"": false, ""rating"": null, ""source_dataset"": ""wikidata"", ""year_from"": 2016, ""year_to"": 2016}","{""genre_ru"": ""ужасы"", ""kind"": ""film"", ""year_from"": 2016, ""year_to"": 2016}",,"Назови 5 фильмов, жанра «ужасы», 2016 года."
cinema_l1_0062,cinema,L1,,"{""country_ru"": ""Франция"", ""genre_ru"": ""документальный фильм"", ""kind"": ""film"", ""not_franchise"": false, ""rating"": null, ""source_dataset"": ""wikidata"", ""year_from"": 2020, ""year_to"": 2024}","{""genre_ru"": ""документальный фильм"", ""kind"": ""film"", ""year_from"": 2020, ""year_to"": 2024}",,"Назови 5 фильмов, жанра «документальный фильм», в период 2020–2024 годов."
cinema_l1_0064,cinema,L1,,"{""country_ru"": ""Германия"", ""genre_ru"": ""документальный фильм"", ""kind"": ""film"", ""not_franchise"": false, ""rating"": null, ""source_dataset"": ""wikidata"", ""year_from"": 2015, ""year_to"": 2015}","{""country_ru"": ""Германия"", ""genre_ru"": ""документальный фильм"", ""kind"": ""film"", ""year_from"": 2015, ""year_to"": 2015}",,"Назови 5 фильмов, жанра «документальный фильм», из страны: Германия, 2015 года."
cinema_l1_0066,cinema,L1,,"{""country_ru"": ""Франция"", ""genre_ru"": ""триллер"", ""kind"": ""film"", ""not_franchise"": false, ""rating"": null, ""source_dataset"": ""wikidata"", ""year_from"": 2017, ""year_to"": 2024}","{""genre_ru"": ""триллер"", ""kind"": ""film"", ""year_from"": 2017, ""year_to"": 2024}",,"Назови 5 фильмов, жанра «триллер», в период 2017–2024 годов."
cinema_l1_0068,cinema,L1,,"{""country_ru"": ""Япония"", ""genre_ru"": ""криминальный фильм"", ""kind"": ""film"", ""not_franchise"": false, ""rating"": null, ""source_dataset"": ""wikidata"", ""year_from"": 2009, ""year_to"": 2016}","{""genre_ru"": ""криминальный фильм"", ""kind"": ""film"", ""year_from"": 2009, ""year_to"": 2016}",,"Назови 5 фильмов, жанра «криминальный фильм», в период 2009–2016 годов."
cinema_l1_0070,cinema,L1,,"{""country_ru"": ""Япония"", ""genre_ru"": ""триллер"", ""kind"": ""film"", ""not_franchise"": false, ""rating"": null, ""source_dataset"": ""wikidata"", ""year_from"": 2009, ""year_to"": 2012}","{""genre_ru"": ""триллер"", ""kind"": ""film"", ""year_from"": 2009, ""year_to"": 2012}",,"Назови 5 фильмов, жанра «триллер», в период 2009–2012 годов."
cinema_l1_0072,cinema,L1,,"{""country_ru"": ""Япония"", ""genre_ru"": ""боевик"", ""kind"": ""film"", ""not_franchise"": false, ""rating"": null, ""source_dataset"": ""wikidata"", ""year_from"": 2025, ""year_to"": 2025}","{""genre_ru"": ""боевик"", ""kind"": ""film"", ""year_from"": 2025, ""year_to"": 2025}",,"Назови 5 фильмов, жанра «боевик», 2025 года."
cinema_l1_0074,cinema,L1,,"{""country_ru"": ""Франция"", ""genre_ru"": ""приключенческий фильм"", ""kind"": ""film"", ""not_franchise"": false, ""rating"": null, ""source_dataset"": ""wikidata"", ""year_from"": 2010, ""year_to"": 2014}","{""genre_ru"": ""приключенческий фильм"", ""kind"": ""film"", ""year_from"": 2010, ""year_to"": 2014}",,"Назови 5 фильмов, жанра «приключенческий фильм», в период 2010–2014 годов."
cinema_l1_0076,cinema,L1,,"{""country_ru"": ""США"", ""genre_ru"": ""документальный фильм"", ""kind"": ""film"", ""not_franchise"": false, ""rating"": null, ""source_dataset"": ""wikidata"", ""year_from"": 2017, ""year_to"": 2017}","{""genre_ru"": ""документальный фильм"", ""kind"": ""film"", ""year_from"": 2017, ""year_to"": 2017}",,"Назови 5 фильмов, жанра «документальный фильм», 2017 года."
cinema_l1_0078,cinema,L1,,"{""country_ru"": ""Германия"", ""genre_ru"": ""криминальный фильм"", ""kind"": ""film"", ""not_franchise"": false, ""rating"": null, ""source_dataset"": ""wikidata"", ""year_from"": 2019, ""year_to"": 2021}","{""country_ru"": ""Германия"", ""genre_ru"": ""криминальный фильм"", ""kind"": ""film"", ""year_from"": 2019, ""year_to"": 2021}",,"Назови 5 фильмов, жанра «криминальный фильм», из страны: Германия, в период 2019–2021 годов."
cinema_l2_0040,cinema,L2,,"{""country_ru"": ""Россия"", ""genre_ru"": ""боевик"", ""kind"": ""film"", ""not_franchise"": false, ""rating"": [""kinopoisk"", 6.8], ""source_dataset"": ""wikidata"", ""year_from"": 2021, ""year_to"": 2024}","{""genre_ru"": ""боевик"", ""kind"": ""film"", ""rating_kinopoisk_min"": 6.8, ""year_from"": 2021, ""year_to"": 2024}",,"Назови 5 фильмов, жанра «боевик», в период 2021–2024 годов, с рейтингом по Кинопоиск не ниже 6.8."
cinema_l2_0042,cinema,L2,,"{""country_ru"": ""США"", ""genre_ru"": ""боевик"", ""kind"": ""film"", ""not_franchise"": false, ""rating"": [""imdb"", 6.8], ""source_dataset"": ""wikidata"", ""year_from"": 2022, ""year_to"": 2025}","{""genre_ru"": ""боевик"", ""kind"": ""film"", ""rating_imdb_min"": 6.8, ""year_from"": 2022, ""year_to"": 2025}",,"Назови 5 фильмов, жанра «боевик», в период 2022–2025 годов, с рейтингом по IMDb не ниже 6.8."
cinema_l2_0044,cinema,L2,,"{""country_ru"": ""Великобритания"", ""genre_ru"": ""ужасы"", ""kind"": ""film"", ""not_franchise"": false, ""rating"": [""imdb"", 6.3999999999999995], ""source_dataset"": ""wikidata"", ""year_from"": 2015, ""year_to"": 2021}","{""genre_ru"": ""ужасы"", ""kind"": ""film"", ""rating_imdb_min"": 6.4, ""year_from"": 2015, ""year_to"": 2021}",,"Назови 5 фильмов, жанра «ужасы», в период 2015–2021 годов, с рейтингом по IMDb не ниже 6.4."
cinema_l2_0046,cinema,L2,,"{""country_ru"": null, ""genre_ru"": ""ужасы"", ""kind"": ""film"", ""not_franchise"": false, ""rating"": [""imdb"", 6.8], ""source_dataset"": ""wikidata"", ""year_from"": 2019, ""year_to"": 2025}","{""genre_ru"": ""ужасы"", ""kind"": ""film"", ""rating_imdb_min"": 6.8, ""year_from"": 2019, ""year_to"": 2025}",,"Назови 5 фильмов, жанра «ужасы», в период 2019–2025 годов, с рейтингом по IMDb не ниже 6.8."
cinema_l2_0048,cinema,L2,,"{""country_ru"": ""Германия"", ""genre_ru"": ""боевик"", ""kind"": ""film"", ""not_franchise"": false, ""rating"": [""imdb"", 6.8], ""source_dataset"": ""wikidata"", ""year_from"": 2017, ""year_to"": 2023}","{""genre_ru"": ""боевик"", ""kind"": ""film"", ""rating_imdb_min"": 6.8, ""year_from"": 2017, ""year_to"": 2023}",,"Назови 5 фильмов, жанра «боевик», в период 2017–2023 годов, с рейтингом по IMDb не ниже 6.8."
cinema_l2_0050,cinema,L2,,"{""country_ru"": null, ""genre_ru"": ""ужасы"", ""kind"": ""film"", ""not_franchise"": false, ""rating"": [""imdb"", 6.8], ""source_dataset"": ""wikidata"", ""year_from"": 2017, ""year_to"": 2022}","{""genre_ru"": ""ужасы"", ""kind"": ""film"", ""rating_imdb_min"": 6.8, ""year_from"": 2017, ""year_to"": 2022}",,"Назови 5 фильмов, жанра «ужасы», в период 2017–2022 годов, с рейтингом по IMDb не ниже 6.8."
cinema_l2_0052,cinema,L2,,"{""country_ru"": ""Россия"", ""genre_ru"": ""ужасы"", ""kind"": ""film"", ""not_franchise"": false, ""rating"": [""imdb"", 6.8], ""source_dataset"": ""wikidata"", ""year_from"": 2022, ""year_to"": 2022}","{""genre_ru"": ""ужасы"", ""kind"": ""film"", ""rating_imdb_min"": 6.8, ""year_from"": 2022, ""year_to"": 2022}",,"Назови 5 фильмов, жанра «ужасы», 2022 года, с рейтингом по IMDb не ниже 6.8."
cinema_l2_0054,cinema,L2,,"{""country_ru"": null, ""genre_ru"": ""боевик"", ""kind"": ""film"", ""not_franchise"": false, ""rating"": [""imdb"", 6.8], ""source_dataset"": ""wikidata"", ""year_from"": 2023, ""year_to"": 2025}","{""genre_ru"": ""боевик"", ""kind"": ""film"", ""rating_imdb_min"": 6.8, ""year_from"": 2023, ""year_to"": 2025}",,"Назови 5 фильмов, жанра «боевик», в период 2023–2025 годов, с рейтингом по IMDb не ниже 6.8."
cinema_l2_0056,cinema,L2,,"{""country_ru"": null, ""genre_ru"": ""боевик"", ""kind"": ""film"", ""not_franchise"": false, ""rating"": [""imdb"", 6.3999999999999995], ""source_dataset"": ""wikidata"", ""year_from"": 2021, ""year_to"": 2023}","{""genre_ru"": ""боевик"", ""kind"": ""film"", ""rating_imdb_min"": 6.4, ""year_from"": 2021, ""year_to"": 2023}",,"Назови 5 фильмов, жанра «боевик», в период 2021–2023 годов, с рейтингом по IMDb не ниже 6.4."
cinema_l2_0058,cinema,L2,,"{""country_ru"": null, ""genre_ru"": ""боевик"", ""kind"": ""film"", ""not_franchise"": false, ""rating"": [""imdb"", 6.8], ""source_dataset"": ""wikidata"", ""year_from"": 2016, ""year_to"": 2022}","{""genre_ru"": ""боевик"", ""kind"": ""film"", ""rating_imdb_min"": 6.0, ""year_from"": 2016, ""year_to"": 2022}",,"Назови 5 фильмов, жанра «боевик», в период 2016–2022 годов, с рейтингом по IMDb не ниже 6."
cinema_l2_0060,cinema,L2,,"{""country_ru"": ""Германия"", ""genre_ru"": ""ужасы"", ""kind"": ""film"", ""not_franchise"": false, ""rating"": [""imdb"", 6.8], ""source_dataset"": ""wikidata"", ""year_from"": 2016, ""year_to"": 2023}","{""genre_ru"": ""ужасы"", ""kind"": ""film"", ""rating_imdb_min"": 6.8, ""year_from"": 2016, ""year_to"": 2023}",,"Назови 5 фильмов, жанра «ужасы», в период 2016–2023 годов, с рейтингом по IMDb не ниже 6.8."
cinema_l2_0062,cinema,L2,,"{""country_ru"": ""Россия"", ""genre_ru"": ""ужасы"", ""kind"": ""film"", ""not_franchise"": false, ""rating"": [""imdb"", 6.8], ""source_dataset"": ""wikidata"", ""year_from"": 2019, ""year_to"": 2024}","{""genre_ru"": ""ужасы"", ""kind"": ""film"", ""rating_imdb_min"": 6.5, ""year_from"": 2019, ""year_to"": 2024}",,"Назови 5 фильмов, жанра «ужасы», в период 2019–2024 годов, с рейтингом по IMDb не ниже 6.5."
cinema_l2_0064,cinema,L2,,"{""country_ru"": null, ""genre_ru"": ""боевик"", ""kind"": ""film"", ""not_franchise"": false, ""rating"": [""imdb"", 6.8], ""source_dataset"": ""wikidata"", ""year_from"": 2019, ""year_to"": 2025}","{""genre_ru"": ""боевик"", ""kind"": ""film"", ""rating_imdb_min"": 6.8, ""year_from"": 2019, ""year_to"": 2025}",,"Назови 5 фильмов, жанра «боевик», в период 2019–2025 годов, с рейтингом по IMDb не ниже 6.8."
cinema_l2_0066,cinema,L2,,"{""country_ru"": ""США"", ""genre_ru"": ""боевик"", ""kind"": ""film"", ""not_franchise"": false, ""rating"": [""kinopoisk"", ""<="", 5.9], ""source_dataset"": ""wikidata"", ""year_from"": 2019, ""year_to"": 2025}","{""genre_ru"": ""боевик"", ""kind"": ""film"", ""rating_kinopoisk_max"": 5.9, ""rating_kinopoisk_min"": 5.9, ""year_from"": 2019, ""year_to"": 2025}",,"Назови 5 фильмов, жанра «боевик», в период 2019–2025 годов, с рейтингом по Кинопоиск не выше 5.9."
cinema_l2_0068,cinema,L2,,"{""country_ru"": ""Япония"", ""genre_ru"": ""приключенческий фильм"", ""kind"": ""film"", ""not_franchise"": false, ""rating"": [""imdb"", "">="", 5.0], ""source_dataset"": ""wikidata"", ""year_from"": 2012, ""year_to"": 2019}","{""genre_ru"": ""приключенческий фильм"", ""kind"": ""film"", ""rating_imdb_min"": 5.0, ""year_from"": 2012, ""year_to"": 2019}",,"Назови 5 фильмов, жанра «приключенческий фильм», в период 2012–2019 годов, с рейтингом по IMDb не ниже 5."
cinema_l2_0070,cinema,L2,,"{""country_ru"": null, ""genre_ru"": ""ужасы"", ""kind"": ""film"", ""not_franchise"": false, ""rating"": [""kinopoisk"", "">="", 6.5], ""source_dataset"": ""wikidata"", ""year_from"": 2020, ""year_to"": 2022}","{""genre_ru"": ""ужасы"", ""kind"": ""film"", ""rating_kinopoisk_min"": 6.5, ""year_from"": 2020, ""year_to"": 2022}",,"Назови 5 фильмов, жанра «ужасы», в период 2020–2022 годов, с рейтингом по Кинопоиск не ниже 6.5."
cinema_l2_0072,cinema,L2,,"{""country_ru"": null, ""genre_ru"": ""криминальный фильм"", ""kind"": ""film"", ""not_franchise"": false, ""rating"": [""kinopoisk"", "">="", 5.0], ""source_dataset"": ""wikidata"", ""year_from"": 2012, ""year_to"": 2014}","{""genre_ru"": ""криминальный фильм"", ""kind"": ""film"", ""rating_kinopoisk_min"": 5.0, ""year_from"": 2012, ""year_to"": 2014}",,"Назови 5 фильмов, жанра «криминальный фильм», в период 2012–2014 годов, с рейтингом по Кинопоиск не ниже 5."
cinema_l2_0074,cinema,L2,,"{""country_ru"": null, ""genre_ru"": ""криминальный фильм"", ""kind"": ""film"", ""not_franchise"": false, ""rating"": [""kinopoisk"", "">="", 6.0], ""source_dataset"": ""wikidata"", ""year_from"": 2016, ""year_to"": 2022}","{""genre_ru"": ""криминальный фильм"", ""kind"": ""film"", ""rating_kinopoisk_min"": 6.0, ""year_from"": 2016, ""year_to"": 2022}",,"Назови 5 фильмов, жанра «криминальный фильм», в период 2016–2022 годов, с рейтингом по Кинопоиск не ниже 6."
cinema_l2_0076,cinema,L2,,"{""country_ru"": null, ""genre_ru"": ""приключенческий фильм"", ""kind"": ""film"", ""not_franchise"": false, ""rating"": [""kinopoisk"", "">="", 4.0], ""source_dataset"": ""wikidata"", ""year_from"": 2017, ""year_to"": 2021}","{""genre_ru"": ""приключенческий фильм"", ""kind"": ""film"", ""rating_kinopoisk_min"": 4.0, ""year_from"": 2017, ""year_to"": 2021}",,"Назови 5 фильмов, жанра «приключенческий фильм», в период 2017–2021 годов, с рейтингом по Кинопоиск не ниже 4."
cinema_l2_0078,cinema,L2,,"{""country_ru"": ""Великобритания"", ""genre_ru"": ""боевик"", ""kind"": ""film"", ""not_franchise"": false, ""rating"": [""imdb"", "">="", 6.0], ""source_dataset"": ""wikidata"", ""year_from"": 2021, ""year_to"": 2024}","{""genre_ru"": ""боевик"", ""kind"": ""film"", ""rating_imdb_min"": 6.0, ""year_from"": 2021, ""year_to"": 2024}",,"Назови 5 фильмов, жанра «боевик», в период 2021–2024 годов, с рейтингом по IMDb не ниже 6."
cinema_l2_0080,cinema,L2,,"{""country_ru"": ""Германия"", ""genre_ru"": ""боевик"", ""kind"": ""film"", ""not_franchise"": false, ""rating"": [""imdb"", "">="", 4.0], ""source_dataset"": ""wikidata"", ""year_from"": 2021, ""year_to"": 2023}","{""genre_ru"": ""боевик"", ""kind"": ""film"", ""rating_imdb_min"": 4.0, ""year_from"": 2021, ""year_to"": 2023}",,"Назови 5 фильмов, жанра «боевик», в период 2021–2023 годов, с рейтингом по IMDb не ниже 4."
cinema_l2_0082,cinema,L2,,"{""country_ru"": null, ""genre_ru"": ""приключенческий фильм"", ""kind"": ""film"", ""not_franchise"": false, ""rating"": [""imdb"", "">="", 4.0], ""source_dataset"": ""wikidata"", ""year_from"": 2019, ""year_to"": 2023}","{""genre_ru"": ""приключенческий фильм"", ""kind"": ""film"", ""rating_imdb_min"": 4.0, ""year_from"": 2019, ""year_to"": 2023}",,"Назови 5 фильмов, жанра «приключенческий фильм», в период 2019–2023 годов, с рейтингом по IMDb не ниже 4."
cinema_l2_0084,cinema,L2,,"{""country_ru"": null, ""genre_ru"": ""ужасы"", ""kind"": ""film"", ""not_franchise"": false, ""rating"": [""imdb"", "">="", 5.0], ""source_dataset"": ""wikidata"", ""year_from"": 2018, ""year_to"": 2025}","{""genre_ru"": ""ужасы"", ""kind"": ""film"", ""rating_imdb_min"": 5.0, ""year_from"": 2018, ""year_to"": 2025}",,"Назови 5 фильмов, жанра «ужасы», в период 2018–2025 годов, с рейтингом по IMDb не ниже 5."
cinema_l3_0071,cinema,L3,,"{""country_ru"": ""Германия"", ""genre_ru"": ""боевик"", ""kind"": ""film"", ""not_franchise"": true, ""rating"": [""kinopoisk"", "">="", 7.0], ""source_dataset"": ""wikidata"", ""year_from"": 2018, ""year_to"": 2023}","{""genre_ru"": ""боевик"", ""kind"": ""film"", ""not_franchise"": true, ""rating_kinopoisk_min"": 7.0, ""year_from"": 2018, ""year_to"": 2023}",,"Назови 5 фильмов, жанра «боевик», в период 2018–2023 годов, с рейтингом по Кинопоиск не ниже 7, которые не являются частью франшизы/серии."
cinema_l3_0073,cinema,L3,,"{""country_ru"": ""Великобритания"", ""genre_ru"": ""боевик"", ""kind"": ""film"", ""not_franchise"": true, ""rating"": [""kinopoisk"", ""<="", 6.0], ""source_dataset"": ""wikidata"", ""year_from"": 2018, ""year_to"": 2022}","{""genre_ru"": ""боевик"", ""kind"": ""film"", ""not_franchise"": true, ""rating_kinopoisk_max"": 6.0, ""rating_kinopoisk_min"": 6.0, ""year_from"": 2018, ""year_to"": 2022}",,"Назови 5 фильмов, жанра «боевик», в период 2018–2022 годов, с рейтингом по Кинопоиск не выше 6, которые не являются частью франшизы/серии."
cinema_l3_0075,cinema,L3,,"{""country_ru"": ""Германия"", ""genre_ru"": ""ужасы"", ""kind"": ""film"", ""not_franchise"": true, ""rating"": [""kinopoisk"", "">="", 7.0], ""source_dataset"": ""wikidata"", ""year_from"": 2020, ""year_to"": 2025}","{""genre_ru"": ""ужасы"", ""kind"": ""film"", ""not_franchise"": true, ""rating_kinopoisk_min"": 7.0, ""year_from"": 2020, ""year_to"": 2025}",,"Назови 5 фильмов, жанра «ужасы», в период 2020–2025 годов, с рейтингом по Кинопоиск не ниже 7, которые не являются частью франшизы/серии."
cinema_l4_0075,cinema,L4,,"{""country_ru"": ""Канада"", ""genre_ru"": ""боевик"", ""kind"": ""film"", ""not_franchise"": true, ""rating"": [""imdb"", ""<="", 6.5], ""source_dataset"": ""wikidata"", ""year_from"": 2020, ""year_to"": 2024}","{""genre_ru"": ""боевик"", ""kind"": ""film"", ""not_franchise"": true, ""rating_imdb_max"": 6.5, ""rating_imdb_min"": 6.5, ""year_from"": 2020, ""year_to"": 2024}",,"Назови 8 фильмов, жанра «боевик», в период 2020–2024 годов, с рейтингом по IMDb не выше 6.5, которые не являются частью франшизы/серии."
cinema_l4_0077,cinema,L4,,"{""country_ru"": ""Афганистан"", ""genre_ru"": ""подростковый фильм"", ""kind"": ""film"", ""not_franchise"": true, ""rating"": null, ""source_dataset"": ""wikidata"", ""year_from"": 2021, ""year_to"": 2023}","{""genre_ru"": ""подростковый фильм"", ""kind"": ""film"", ""not_franchise"": true, ""year_from"": 2021, ""year_to"": 2023}",,"Назови 8 фильмов, жанра «подростковый фильм», в период 2021–2023 годов, которые не являются частью франшизы/серии."
cinema_l4_0079,cinema,L4,,"{""country_ru"": ""Япония"", ""genre_ru"": ""боевик"", ""kind"": ""film"", ""not_franchise"": true, ""rating"": null, ""source_dataset"": ""wikidata"", ""year_from"": 2020, ""year_to"": 2020}","{""genre_ru"": ""боевик"", ""kind"": ""film"", ""not_franchise"": true, ""year_from"": 2020, ""year_to"": 2020}",,"Назови 8 фильмов, жанра «боевик», 2020 года, которые не являются частью франшизы/серии."
cinema_l4_0081,cinema,L4,,"{""country_ru"": ""Япония"", ""genre_ru"": ""приключенческий фильм"", ""kind"": ""film"", ""not_franchise"": true, ""rating"": null, ""source_dataset"": ""wikidata"", ""year_from"": 2024, ""year_to"": 2025}","{""genre_ru"": ""приключенческий фильм"", ""kind"": ""film"", ""not_franchise"": true, ""year_from"": 2024, ""year_to"": 2025}",,"Назови 8 фильмов, жанра «приключенческий фильм», в период 2024–2025 годов, которые не являются частью франшизы/серии."
cinema_l4_0083,cinema,L4,,"{""country_ru"": ""США"", ""genre_ru"": ""боевик"", ""kind"": ""film"", ""not_franchise"": true, ""rating"": null, ""source_dataset"": ""wikidata"", ""year_from"": 2015, ""year_to"": 2019}","{""genre_ru"": ""боевик"", ""kind"": ""film"", ""not_franchise"": true, ""year_from"": 2015, ""year_to"": 2019}",,"Назови 8 фильмов, жанра «боевик», в период 2015–2019 годов, которые не являются частью франшизы/серии."
cinema_l4_0085,cinema,L4,,"{""country_ru"": ""Канада"", ""genre_ru"": ""ужасы"", ""kind"": ""film"", ""not_franchise"": true, ""rating"": null, ""source_dataset"": ""wikidata"", ""year_from"": 2020, ""year_to"": 2025}","{""genre_ru"": ""ужасы"", ""kind"": ""film"", ""not_franchise"": true, ""year_from"": 2020, ""year_to"": 2025}",,"Назови 8 фильмов, жанра «ужасы», в период 2020–2025 годов, которые не являются частью франшизы/серии."
cinema_l4_0087,cinema,L4,,"{""country_ru"": ""США"", ""genre_ru"": ""комедия"", ""kind"": ""series"", ""not_franchise"": true, ""rating"": null, ""source_dataset"": ""wikidata"", ""year_from"": 2018, ""year_to"": 2023}","{""genre_ru"": ""комедия"", ""kind"": ""film"", ""not_franchise"": true, ""year_from"": 2018, ""year_to"": 2023}",,"Назови 8 сериалов, жанра «комедия», в период 2018–2023 годов, которые не являются частью франшизы/серии."
cinema_l4_0089,cinema,L4,,"{""country_ru"": ""Нацистская Германия"", ""genre_ru"": ""музыкальный фильм"", ""kind"": ""film"", ""not_franchise"": true, ""rating"": null, ""source_dataset"": ""wikidata"", ""year_from"": 2021, ""year_to"": 2025}","{""genre_ru"": ""музыкальный фильм"", ""kind"": ""film"", ""not_franchise"": true, ""year_from"": 2021, ""year_to"": 2025}",,"Назови 8 фильмов, жанра «музыкальный фильм», в период 2021–2025 годов, которые не являются частью франшизы/серии."
cinema_l4_0091,cinema,L4,,"{""country_ru"": ""Германия"", ""genre_ru"": ""приключенческий фильм"", ""kind"": ""film"", ""not_franchise"": true, ""rating"": null, ""source_dataset"": ""wikidata"", ""year_from"": 2023, ""year_to"": 2023}","{""country_ru"": ""Германия"", ""genre_ru"": ""приключенческий фильм"", ""kind"": ""film"", ""not_franchise"": true, ""year_from"": 2023, ""year_to"": 2023}",,"Назови 8 фильмов, жанра «приключенческий фильм», из страны: Германия, 2023 года, которые не являются частью франшизы/серии."
cinema_l5_0084,cinema,L5,,"{""country_ru"": ""Канада"", ""genre_ru"": ""комедия"", ""kind"": ""series"", ""not_franchise"": true, ""rating"": null, ""source_dataset"": ""wikidata"", ""year_from"": 2016, ""year_to"": 2023}","{""genre_ru"": ""комедия"", ""kind"": ""film"", ""not_franchise"": true, ""year_from"": 2016, ""year_to"": 2023}",,"Назови 5 сериалов, жанра «комедия», в период 2016–2023 годов, которые не являются частью франшизы/серии."
cinema_l4_0095,cinema,L4,,"{""country_ru"": ""Россия"", ""genre_ru"": ""боевик"", ""kind"": ""film"", ""not_franchise"": true, ""rating"": null, ""source_dataset"": ""wikidata"", ""year_from"": 2020, ""year_to"": 2024}","{""country_ru"": ""Россия"", ""genre_ru"": ""боевик"", ""kind"": ""film"", ""not_franchise"": true, ""year_from"": 2020, ""year_to"": 2024}",,"Назови 8 фильмов, жанра «боевик», из страны: Россия, в период 2020–2024 годов, которые не являются частью франшизы/серии."
cinema_l5_0086,cinema,L5,,"{""country_ru"": ""США"", ""genre_ru"": ""фильм-тайна"", ""kind"": ""film"", ""not_franchise"": true, ""rating"": null, ""source_dataset"": ""wikidata"", ""year_from"": 2015, ""year_to"": 2022}","{""country_ru"": ""США"", ""genre_ru"": ""фильм-тайна"", ""kind"": ""film"", ""not_franchise"": true, ""year_from"": 2015, ""year_to"": 2022}",,"Назови 5 фильмов, жанра «фильм-тайна», из страны: США, в период 2015–2022 годов, которые не являются частью франшизы/серии."
cinema_l4_0097,cinema,L4,,"{""country_ru"": ""Великобритания"", ""genre_ru"": ""боевик"", ""kind"": ""film"", ""not_franchise"": true, ""rating"": null, ""source_dataset"": ""wikidata"", ""year_from"": 2024, ""year_to"": 2025}","{""genre_ru"": ""боевик"", ""kind"": ""film"", ""not_franchise"": true, ""year_from"": 2024, ""year_to"": 2025}",,"Назови 8 фильмов, жанра «боевик», в период 2024–2025 годов, которые не являются частью франшизы/серии."
cinema_l4_0099,cinema,L4,,"{""country_ru"": ""Канада"", ""genre_ru"": ""боевик"", ""kind"": ""film"", ""not_franchise"": true, ""rating"": null, ""source_dataset"": ""wikidata"", ""year_from"": 2015, ""year_to"": 2020}","{""genre_ru"": ""боевик"", ""kind"": ""film"", ""not_franchise"": true, ""year_from"": 2015, ""year_to"": 2020}",,"Назови 8 фильмов, жанра «боевик», в период 2015–2020 годов, которые не являются частью франшизы/серии."
cinema_l4_0101,cinema,L4,,"{""country_ru"": ""Канада"", ""genre_ru"": ""приключенческий фильм"", ""kind"": ""film"", ""not_franchise"": true, ""rating"": null, ""source_dataset"": ""wikidata"", ""year_from"": 2022, ""year_to"": 2022}","{""genre_ru"": ""приключенческий фильм"", ""kind"": ""film"", ""not_franchise"": true, ""year_from"": 2022, ""year_to"": 2022}",,"Назови 8 фильмов, жанра «приключенческий фильм», 2022 года, которые не являются частью франшизы/серии."
cinema_l5_0088,cinema,L5,,"{""country_ru"": ""Великобритания"", ""genre_ru"": ""боевик"", ""kind"": ""film"", ""not_franchise"": true, ""rating"": [""kinopoisk"", "">="", 7.2], ""source_dataset"": ""wikidata"", ""year_from"": 2019, ""year_to"": 2025}","{""genre_ru"": ""боевик"", ""kind"": ""film"", ""not_franchise"": true, ""rating_kinopoisk_min"": 7.2, ""year_from"": 2019, ""year_to"": 2025}",,"Назови 5 фильмов, жанра «боевик», в период 2019–2025 годов, с рейтингом по Кинопоиск не ниже 7.2, которые не являются частью франшизы/серии."
cinema_l4_0105,cinema,L4,,"{""country_ru"": ""Великобритания"", ""genre_ru"": ""ужасы"", ""kind"": ""film"", ""not_franchise"": true, ""rating"": null, ""source_dataset"": ""wikidata"", ""year_from"": 2022, ""year_to"": 2024}","{""genre_ru"": ""ужасы"", ""kind"": ""film"", ""not_franchise"": true, ""year_from"": 2022, ""year_to"": 2024}",,"Назови 8 фильмов, жанра «ужасы», в период 2022–2024 годов, которые не являются частью франшизы/серии."
cinema_l4_0107,cinema,L4,,"{""country_ru"": ""Япония"", ""genre_ru"": ""боевик"", ""kind"": ""film"", ""not_franchise"": true, ""rating"": null, ""source_dataset"": ""wikidata"", ""year_from"": 2020, ""year_to"": 2023}","{""genre_ru"": ""боевик"", ""kind"": ""film"", ""not_franchise"": true, ""year_from"": 2020, ""year_to"": 2023}",,"Назови 8 фильмов, жанра «боевик», в период 2020–2023 годов, которые не являются частью франшизы/серии."
cinema_l5_0090,cinema,L5,,"{""country_ru"": ""Франция"", ""genre_ru"": ""боевик"", ""kind"": ""film"", ""not_franchise"": true, ""rating"": null, ""source_dataset"": ""wikidata"", ""year_from"": 2016, ""year_to"": 2023}","{""genre_ru"": ""боевик"", ""kind"": ""film"", ""not_franchise"": true, ""year_from"": 2016, ""year_to"": 2023}",,"Назови 5 фильмов, жанра «боевик», в период 2016–2023 годов, которые не являются частью франшизы/серии."
cinema_l4_0109,cinema,L4,,"{""country_ru"": ""Япония"", ""genre_ru"": ""приключенческий фильм"", ""kind"": ""film"", ""not_franchise"": true, ""rating"": null, ""source_dataset"": ""wikidata"", ""year_from"": 2023, ""year_to"": 2023}","{""genre_ru"": ""приключенческий фильм"", ""kind"": ""film"", ""not_franchise"": true, ""year_from"": 2023, ""year_to"": 2023}",,"Назови 8 фильмов, жанра «приключенческий фильм», 2023 года, которые не являются частью франшизы/серии."
cinema_l4_0111,cinema,L4,,"{""country_ru"": ""Великобритания"", ""genre_ru"": ""приключенческий фильм"", ""kind"": ""film"", ""not_franchise"": true, ""rating"": null, ""source_dataset"": ""wikidata"", ""year_from"": 2020, ""year_to"": 2021}","{""genre_ru"": ""приключенческий фильм"", ""kind"": ""film"", ""not_franchise"": true, ""year_from"": 2020, ""year_to"": 2021}",,"Назови 8 фильмов, жанра «приключенческий фильм», в период 2020–2021 годов, которые не являются частью франшизы/серии."
cinema_l4_0113,cinema,L4,,"{""country_ru"": ""Канада"", ""genre_ru"": ""боевик"", ""kind"": ""film"", ""not_franchise"": true, ""rating"": null, ""source_dataset"": ""wikidata"", ""year_from"": 2021, ""year_to"": 2024}","{""genre_ru"": ""боевик"", ""kind"": ""film"", ""not_franchise"": true, ""year_from"": 2021, ""year_to"": 2024}",,"Назови 8 фильмов, жанра «боевик», в период 2021–2024 годов, которые не являются частью франшизы/серии."
cinema_l5_0095,cinema,L5,,"{""country_ru"": ""Франция"", ""genre_ru"": ""ужасы"", ""kind"": ""film"", ""not_franchise"": true, ""rating"": [""imdb"", ""<="", 6.0], ""source_dataset"": ""wikidata"", ""year_from"": 2016, ""year_to"": 2023}","{""genre_ru"": ""ужасы"", ""kind"": ""film"", ""not_franchise"": true, ""rating_imdb_max"": 6.0, ""rating_imdb_min"": 6.0, ""year_from"": 2016, ""year_to"": 2023}",,"Назови 5 фильмов, жанра «ужасы», в период 2016–2023 годов, с рейтингом по IMDb не выше 6, которые не являются частью франшизы/серии."
cinema_l5_0092,cinema,L5,,"{""country_ru"": ""Франция"", ""genre_ru"": ""комедия"", ""kind"": ""series"", ""not_franchise"": true, ""rating"": null, ""source_dataset"": ""wikidata"", ""year_from"": 2013, ""year_to"": 2019}","{""genre_ru"": ""комедия"", ""kind"": ""film"", ""not_franchise"": true, ""year_from"": 2013, ""year_to"": 2019}",,"Назови 5 сериалов, жанра «комедия», в период 2013–2019 годов, которые не являются частью франшизы/серии."
cinema_l5_0097,cinema,L5,,"{""country_ru"": null, ""genre_ru"": ""ужасы"", ""kind"": ""film"", ""not_franchise"": true, ""rating"": [""imdb"", "">="", 6.8], ""source_dataset"": ""wikidata"", ""year_from"": 2021, ""year_to"": 2024}","{""genre_ru"": ""ужасы"", ""kind"": ""film"", ""not_franchise"": true, ""rating_imdb_min"": 6.8, ""year_from"": 2021, ""year_to"": 2024}",,"Назови 5 фильмов, жанра «ужасы», в период 2021–2024 годов, с рейтингом по IMDb не ниже 6.8, которые не являются частью франшизы/серии."
cinema_l5_0099,cinema,L5,,"{""country_ru"": ""Канада"", ""genre_ru"": ""ужасы"", ""kind"": ""film"", ""not_franchise"": true, ""rating"": null, ""source_dataset"": ""wikidata"", ""year_from"": 2022, ""year_to"": 2022}","{""genre_ru"": ""ужасы"", ""kind"": ""film"", ""not_franchise"": true, ""year_from"": 2022, ""year_to"": 2022}",,"Назови 5 фильмов, жанра «ужасы», 2022 года, которые не являются частью франшизы/серии."
cinema_l5_0094,cinema,L5,,"{""country_ru"": ""Германия"", ""genre_ru"": ""комедия"", ""kind"": ""film"", ""not_franchise"": true, ""rating"": null, ""source_dataset"": ""wikidata"", ""year_from"": 2011, ""year_to"": 2018}","{""genre_ru"": ""комедия"", ""kind"": ""film"", ""not_franchise"": true, ""year_from"": 2011, ""year_to"": 2018}",,"Назови 5 фильмов, жанра «комедия», в период 2011–2018 годов, которые не являются частью франшизы/серии."
cinema_l5_0105,cinema,L5,,"{""country_ru"": ""Япония"", ""genre_ru"": ""боевик"", ""kind"": ""film"", ""not_franchise"": true, ""rating"": [""kinopoisk"", "">="", 7.5], ""source_dataset"": ""wikidata"", ""year_from"": 2019, ""year_to"": 2025}","{""genre_ru"": ""боевик"", ""kind"": ""film"", ""not_franchise"": true, ""rating_kinopoisk_min"": 7.5, ""year_from"": 2019, ""year_to"": 2025}",,"Назови 5 фильмов, жанра «боевик», в период 2019–2025 годов, с рейтингом по Кинопоиск не ниже 7.5, которые не являются частью франшизы/серии."
cinema_l5_0096,cinema,L5,,"{""country_ru"": ""Франция"", ""genre_ru"": ""документальный фильм"", ""kind"": ""series"", ""not_franchise"": true, ""rating"": null, ""source_dataset"": ""wikidata"", ""year_from"": 2018, ""year_to"": 2024}","{""genre_ru"": ""документальный фильм"", ""kind"": ""film"", ""not_franchise"": true, ""year_from"": 2018, ""year_to"": 2024}",,"Назови 5 сериалов, жанра «документальный фильм», в период 2018–2024 годов, которые не являются частью франшизы/серии."
cinema_l5_0098,cinema,L5,,"{""country_ru"": ""Германия"", ""genre_ru"": ""боевик"", ""kind"": ""film"", ""not_franchise"": true, ""rating"": null, ""source_dataset"": ""wikidata"", ""year_from"": 2023, ""year_to"": 2025}","{""genre_ru"": ""боевик"", ""kind"": ""film"", ""not_franchise"": true, ""year_from"": 2023, ""year_to"": 2025}",,"Назови 5 фильмов, жанра «боевик», в период 2023–2025 годов, которые не являются частью франшизы/серии."
cinema_l5_0107,cinema,L5,,"{""country_ru"": null, ""genre_ru"": ""ужасы"", ""kind"": ""film"", ""not_franchise"": true, ""rating"": [""imdb"", "">="", 7.0], ""source_dataset"": ""wikidata"", ""year_from"": 2020, ""year_to"": 2025}","{""genre_ru"": ""ужасы"", ""kind"": ""film"", ""not_franchise"": true, ""rating_imdb_min"": 7.0, ""year_from"": 2020, ""year_to"": 2025}",,"Назови 5 фильмов, жанра «ужасы», в период 2020–2025 годов, с рейтингом по IMDb не ниже 7, которые не являются частью франшизы/серии."
cinema_l5_0100,cinema,L5,,"{""country_ru"": ""Канада"", ""genre_ru"": ""боевик"", ""kind"": ""film"", ""not_franchise"": true, ""rating"": null, ""source_dataset"": ""wikidata"", ""year_from"": 2010, ""year_to"": 2014}","{""genre_ru"": ""боевик"", ""kind"": ""film"", ""not_franchise"": true, ""year_from"": 2010, ""year_to"": 2014}",,"Назови 5 фильмов, жанра «боевик», в период 2010–2014 годов, которые не являются частью франшизы/серии."
cinema_l5_0109,cinema,L5,,"{""country_ru"": ""США"", ""genre_ru"": ""боевик"", ""kind"": ""film"", ""not_franchise"": true, ""rating"": null, ""source_dataset"": ""wikidata"", ""year_from"": 2012, ""year_to"": 2014}","{""genre_ru"": ""боевик"", ""kind"": ""film"", ""not_franchise"": true, ""year_from"": 2012, ""year_to"": 2014}",,"Назови 5 фильмов, жанра «боевик», в период 2012–2014 годов, которые не являются частью франшизы/серии."
cinema_l5_0111,cinema,L5,,"{""country_ru"": ""Великобритания"", ""genre_ru"": ""приключенческий фильм"", ""kind"": ""series"", ""not_franchise"": true, ""rating"": null, ""source_dataset"": ""wikidata"", ""year_from"": 2010, ""year_to"": 2016}","{""genre_ru"": ""приключенческий фильм"", ""kind"": ""film"", ""not_franchise"": true, ""year_from"": 2010, ""year_to"": 2016}",,"Назови 5 сериалов, жанра «приключенческий фильм», в период 2010–2016 годов, которые не являются частью франшизы/серии."
cinema_l5_0113,cinema,L5,,"{""country_ru"": ""Япония"", ""genre_ru"": ""документальный фильм"", ""kind"": ""film"", ""not_franchise"": true, ""rating"": null, ""source_dataset"": ""wikidata"", ""year_from"": 2018, ""year_to"": 2024}","{""genre_ru"": ""документальный фильм"", ""kind"": ""film"", ""not_franchise"": true, ""year_from"": 2018, ""year_to"": 2024}",,"Назови 5 фильмов, жанра «документальный фильм», в период 2018–2024 годов, которые не являются частью франшизы/серии."
cinema_l5_0102,cinema,L5,,"{""country_ru"": ""Япония"", ""genre_ru"": ""драма"", ""kind"": ""film"", ""not_franchise"": true, ""rating"": null, ""source_dataset"": ""wikidata"", ""year_from"": 2015, ""year_to"": 2022}","{""genre_ru"": ""драма"", ""kind"": ""film"", ""not_franchise"": true, ""year_from"": 2015, ""year_to"": 2022}",,"Назови 5 фильмов, жанра «драма», в период 2015–2022 годов, которые не являются частью франшизы/серии."
cinema_l1_0126,cinema,L1,,"{""country_ru"": ""США"", ""genre_ru"": ""документальный фильм"", ""kind"": ""film"", ""not_franchise"": false, ""rating"": null, ""source_dataset"": ""wikidata"", ""year_from"": 2022, ""year_to"": 2024}","{""genre_ru"": ""документальный фильм"", ""kind"": ""film"", ""year_from"": 2022, ""year_to"": 2024}",,"Назови 5 фильмов, жанра «документальный фильм», в период 2022–2024 годов."
countries_l2_00133,countries,L2,countries_L2_continent+language+currency,"{""continent_label_ru"": ""Южная Америка"", ""continent_qid"": ""Q18"", ""country_status"": ""historical"", ""currency_label_ru"": ""восточноафриканский шиллинг"", ""currency_qid"": ""Q1275499"", ""language_label_ru"": ""английский язык"", ""language_qid"": ""Q1860"", ""source_dataset"": ""wikidata""}","{""currency_ru"": ""восточноафриканский шиллинг"", ""exists_now"": false, ""historical_only"": true, ""kind"": ""country"", ""official_language_ru"": ""английский язык"", ""region_ru"": ""Африка""}",,"Подбери 3 стран в регионе «Африка», где официальный язык — «английский язык», а валюта — «восточноафриканский шиллинг». Учитывай только исторические государства, которых уже не существует."
countries_l2_00135,countries,L2,countries_L2_continent+language+currency,"{""continent_label_ru"": ""Центральная Азия"", ""continent_qid"": ""Q27275"", ""country_status"": ""historical"", ""currency_label_ru"": ""рубль СССР"", ""currency_qid"": ""Q615640"", ""language_label_ru"": ""русский язык"", ""language_qid"": ""Q7737"", ""source_dataset"": ""wikidata""}","{""currency_ru"": ""рубль СССР"", ""exists_now"": false, ""historical_only"": true, ""kind"": ""country"", ""official_language_ru"": ""русский язык"", ""region_ru"": ""Азия""}",,"Подбери 3 стран в регионе «Азия», где официальный язык — «русский язык», а валюта — «рубль СССР». Учитывай только исторические государства, которых уже не существует."
countries_l2_00137,countries,L2,countries_L2_continent+language+currency,"{""continent_label_ru"": ""Австралия"", ""continent_qid"": ""Q3960"", ""country_status"": ""historical"", ""currency_label_ru"": ""песета"", ""currency_qid"": ""Q189097"", ""language_label_ru"": ""испанский язык"", ""language_qid"": ""Q1321"", ""source_dataset"": ""wikidata""}","{""currency_ru"": ""песета"", ""exists_now"": false, ""historical_only"": true, ""kind"": ""country"", ""official_language_ru"": ""испанский язык"", ""region_ru"": ""Европа""}",,"Подбери 3 стран в регионе «Европа», где официальный язык — «испанский язык», а валюта — «песета». Учитывай только исторические государства, которых уже не существует."
countries_l2_00139,countries,L2,countries_L2_continent+language+currency,"{""continent_label_ru"": ""Австралия и Океания"", ""continent_qid"": ""Q55643"", ""country_status"": ""historical"", ""currency_label_ru"": ""рубль СССР"", ""currency_qid"": ""Q615640"", ""language_label_ru"": ""русский язык"", ""language_qid"": ""Q7737"", ""source_dataset"": ""wikidata""}","{""currency_ru"": ""рубль СССР"", ""exists_now"": false, ""historical_only"": true, ""kind"": ""country"", ""official_language_ru"": ""русский язык"", ""region_ru"": ""Европа""}",,"Подбери 3 стран в регионе «Европа», где официальный язык — «русский язык», а валюта — «рубль СССР». Учитывай только исторические государства, которых уже не существует."
countries_l2_00141,countries,L2,countries_L2_continent+language+currency,"{""continent_label_ru"": ""Центральная Америка"", ""continent_qid"": ""Q27611"", ""country_status"": ""historical"", ""currency_label_ru"": ""западноафриканский фунт"", ""currency_qid"": ""Q743823"", ""language_label_ru"": ""английский язык"", ""language_qid"": ""Q1860"", ""source_dataset"": ""wikidata""}","{""currency_ru"": ""западноафриканский фунт"", ""exists_now"": false, ""historical_only"": true, ""kind"": ""country"", ""official_language_ru"": ""английский язык"", ""region_ru"": ""Африка""}",,"Подбери 3 стран в регионе «Африка», где официальный язык — «английский язык», а валюта — «западноафриканский фунт». Учитывай только исторические государства, которых уже не существует."
countries_l2_00143,countries,L2,countries_L2_continent+language+currency,"{""continent_label_ru"": ""Индийский субконтинент"", ""continent_qid"": ""Q60140"", ""country_status"": ""historical"", ""currency_label_ru"": ""афгани"", ""currency_qid"": ""Q199471"", ""language_label_ru"": ""пушту"", ""language_qid"": ""Q58680"", ""source_dataset"": ""wikidata""}","{""currency_ru"": ""афгани"", ""exists_now"": false, ""historical_only"": true, ""kind"": ""country"", ""official_language_ru"": ""пушту"", ""region_ru"": ""Азия""}",,"Подбери 3 стран в регионе «Азия», где официальный язык — «пушту», а валюта — «афгани». Учитывай только исторические государства, которых уже не существует."
countries_l2_00145,countries,L2,countries_L2_continent+language+currency,"{""continent_label_ru"": ""Океания"", ""continent_qid"": ""Q538"", ""country_status"": ""historical"", ""currency_label_ru"": ""российский рубль"", ""currency_qid"": ""Q41044"", ""language_label_ru"": ""русский язык"", ""language_qid"": ""Q7737"", ""source_dataset"": ""wikidata""}","{""currency_ru"": ""российский рубль"", ""exists_now"": false, ""historical_only"": true, ""kind"": ""country"", ""official_language_ru"": ""русский язык"", ""region_ru"": ""Европа""}",,"Подбери 3 стран в регионе «Европа», где официальный язык — «русский язык», а валюта — «российский рубль». Учитывай только исторические государства, которых уже не существует."
cinema_l5_length_0145,cinema,L5,cinema_l5_length,"{""actor_ru"": ""Леонардо ДиКаприо"", ""genre_ru"": ""драма"", ""movie_length_range"": [1, 180], ""rating"": [""imdb"", "">="", 7.5], ""source_dataset"": ""wikidata"", ""type"": ""cinema_l5_length""}","{""actor_ru"": ""Леонардо ДиКаприо"", ""genre_ru"": ""драма"", ""kind"": ""film"", ""movie_length_max_minutes"": 180, ""rating_imdb_min"": 7.5}",,"Назови 2 фильма в жанре «драма» с участием актера Леонардо ДиКаприо, которые идут не более 3 часов и имеют рейтинг по IMDb от 7.5 и выше. Перечисли все подходящие."
cinema_l5_length_0147,cinema,L5,cinema_l5_length,"{""actor_ru"": ""Брэд Питт"", ""genre_ru"": ""криминал"", ""movie_length_range"": [1, 120], ""rating"": [""imdb"", "">="", 7.5], ""source_dataset"": ""wikidata"", ""type"": ""cinema_l5_length""}","{""actor_ru"": ""Брэд Питт"", ""genre_ru"": ""криминал"", ""kind"": ""film"", ""movie_length_max_minutes"": 120, ""rating_imdb_min"": 7.5}",,"Назови 3 фильма в жанре «криминал» с участием актера Брэд Питт, которые идут не более 2 часов и имеют рейтинг по IMDb от 7.5 и выше. Перечисли все подходящие."
cinema_l5_length_0148,cinema,L5,cinema_l5_length,"{""actor_ru"": ""Леонардо ДиКаприо"", ""genre_ru"": ""комедия"", ""movie_length_range"": [120, 1000], ""rating"": [""imdb"", "">="", 7.0], ""source_dataset"": ""wikidata"", ""type"": ""cinema_l5_length""}","{""actor_ru"": ""Леонардо ДиКаприо"", ""genre_ru"": ""комедия"", ""kind"": ""film"", ""movie_length_min_minutes"": 120, ""rating_imdb_min"": 7.0}",,"Назови 4 фильма в жанре «комедия» с участием актера Леонардо ДиКаприо, которые идут более 2 часов и имеют рейтинг по IMDb от 7.0 и выше. Перечисли все подходящие."
cinema_l5_length_0150,cinema,L5,cinema_l5_length,"{""actor_ru"": ""Том Круз"", ""genre_ru"": ""боевик"", ""movie_length_range"": [1, 180], ""rating"": [""imdb"", "">="", 6.5], ""source_dataset"": ""wikidata"", ""type"": ""cinema_l5_length""}","{""actor_ru"": ""Том Круз"", ""genre_ru"": ""боевик"", ""kind"": ""film"", ""movie_length_max_minutes"": 180, ""rating_imdb_min"": 6.5}",,"Назови 4 фильма в жанре «боевик» с участием актера Том Круз, которые идут не более 3 часов и имеют рейтинг по IMDb от 6.5 и выше. Перечисли все подходящие."
cinema_l5_length_0152,cinema,L5,cinema_l5_length,"{""actor_ru"": ""Леонардо ДиКаприо"", ""genre_ru"": ""криминал"", ""movie_length_range"": [1, 180], ""rating"": [""kp"", "">="", 7.5], ""source_dataset"": ""wikidata"", ""type"": ""cinema_l5_length""}","{""actor_ru"": ""Леонардо ДиКаприо"", ""genre_ru"": ""криминал"", ""kind"": ""film"", ""movie_length_max_minutes"": 180, ""rating_kinopoisk_min"": 7.5}",,"Назови 2 фильма в жанре «криминал» с участием актера Леонардо ДиКаприо, которые идут не более 3 часов и имеют рейтинг по Кинопоиск от 7.5 и выше. Перечисли все подходящие."
cinema_l5_length_0154,cinema,L5,cinema_l5_length,"{""actor_ru"": ""Том Круз"", ""genre_ru"": ""триллер"", ""movie_length_range"": [1, 180], ""rating"": [""kp"", "">="", 6.5], ""source_dataset"": ""wikidata"", ""type"": ""cinema_l5_length""}","{""actor_ru"": ""Том Круз"", ""genre_ru"": ""триллер"", ""kind"": ""film"", ""movie_length_max_minutes"": 180, ""rating_kinopoisk_min"": 6.5}",,"Назови 2 фильма в жанре «триллер» с участием актера Том Круз, которые идут не более 3 часов и имеют рейтинг по Кинопоиск от 6.5 и выше. Перечисли все подходящие."
cinema_l5_length_0156,cinema,L5,cinema_l5_length,"{""actor_ru"": ""Кристиан Бэйл"", ""genre_ru"": ""криминал"", ""movie_length_range"": [120, 1000], ""rating"": [""kp"", "">="", 7.0], ""source_dataset"": ""wikidata"", ""type"": ""cinema_l5_length""}","{""actor_ru"": ""Кристиан Бэйл"", ""genre_ru"": ""криминал"", ""kind"": ""film"", ""movie_length_min_minutes"": 120, ""rating_kinopoisk_min"": 7.0}",,"Назови 2 фильма в жанре «криминал» с участием актера Кристиан Бэйл, которые идут более 2 часов и имеют рейтинг по Кинопоиск от 7.0 и выше. Перечисли все подходящие."
cinema_l5_length_0158,cinema,L5,cinema_l5_length,"{""actor_ru"": ""Леонардо ДиКаприо"", ""genre_ru"": ""криминал"", ""movie_length_range"": [120, 1000], ""rating"": [""imdb"", "">="", 6.5], ""source_dataset"": ""wikidata"", ""type"": ""cinema_l5_length""}","{""actor_ru"": ""Леонардо ДиКаприо"", ""genre_ru"": ""криминал"", ""kind"": ""film"", ""movie_length_min_minutes"": 120, ""rating_imdb_min"": 6.5}",,"Назови 2 фильма в жанре «криминал» с участием актера Леонардо ДиКаприо, которые идут более 2 часов и имеют рейтинг по IMDb от 6.5 и выше. Перечисли все подходящие."
cinema_l5_length_0160,cinema,L5,cinema_l5_length,"{""actor_ru"": ""Кристиан Бэйл"", ""genre_ru"": ""фантастика"", ""movie_length_range"": [120, 1000], ""rating"": [""kp"", "">="", 7.0], ""source_dataset"": ""wikidata"", ""type"": ""cinema_l5_length""}","{""actor_ru"": ""Кристиан Бэйл"", ""genre_ru"": ""фантастика"", ""kind"": ""film"", ""movie_length_min_minutes"": 120, ""rating_kinopoisk_min"": 7.0}",,"Назови 2 фильма в жанре «фантастика» с участием актера Кристиан Бэйл, которые идут более 2 часов и имеют рейтинг по Кинопоиск от 7.0 и выше. Перечисли любые подходящие из них."
cinema_l5_length_0162,cinema,L5,cinema_l5_length,"{""actor_ru"": ""Том Круз"", ""genre_ru"": ""триллер"", ""movie_length_range"": [1, 180], ""rating"": [""kp"", "">="", 7.0], ""source_dataset"": ""wikidata"", ""type"": ""cinema_l5_length""}","{""actor_ru"": ""Том Круз"", ""genre_ru"": ""триллер"", ""kind"": ""film"", ""movie_length_max_minutes"": 180, ""rating_kinopoisk_min"": 7.0}",,"Назови 2 фильма в жанре «триллер» с участием актера Том Круз, которые идут не более 3 часов и имеют рейтинг по Кинопоиск от 7.0 и выше. Перечисли все подходящие."
cinema_l5_length_0164,cinema,L5,cinema_l5_length,"{""actor_ru"": ""Том Круз"", ""genre_ru"": ""боевик"", ""movie_length_range"": [1, 120], ""rating"": [""imdb"", "">="", 7.5], ""source_dataset"": ""wikidata"", ""type"": ""cinema_l5_length""}","{""actor_ru"": ""Том Круз"", ""genre_ru"": ""боевик"", ""kind"": ""film"", ""movie_length_max_minutes"": 120, ""rating_imdb_min"": 7.5}",,"Назови 2 фильма в жанре «боевик» с участием актера Том Круз, которые идут не более 2 часов и имеют рейтинг по IMDb от 7.5 и выше. Перечисли все подходящие."
cinema_l5_length_0166,cinema,L5,cinema_l5_length,"{""actor_ru"": ""Том Круз"", ""genre_ru"": ""триллер"", ""movie_length_range"": [120, 1000], ""rating"": [""imdb"", "">="", 7.0], ""source_dataset"": ""wikidata"", ""type"": ""cinema_l5_length""}","{""actor_ru"": ""Том Круз"", ""genre_ru"": ""триллер"", ""kind"": ""film"", ""movie_length_min_minutes"": 120, ""rating_imdb_min"": 7.0}",,"Назови 3 фильма в жанре «триллер» с участием актера Том Круз, которые идут более 2 часов и имеют рейтинг по IMDb от 7.0 и выше. Перечисли любые подходящие из них."
cinema_l5_length_0168,cinema,L5,cinema_l5_length,"{""actor_ru"": ""Леонардо ДиКаприо"", ""genre_ru"": ""криминал"", ""movie_length_range"": [1, 180], ""rating"": [""imdb"", "">="", 7.5], ""source_dataset"": ""wikidata"", ""type"": ""cinema_l5_length""}","{""actor_ru"": ""Леонардо ДиКаприо"", ""genre_ru"": ""криминал"", ""kind"": ""film"", ""movie_length_max_minutes"": 180, ""rating_imdb_min"": 7.5}",,"Назови 3 фильма в жанре «криминал» с участием актера Леонардо ДиКаприо, которые идут не более 3 часов и имеют рейтинг по IMDb от 7.5 и выше. Перечисли все подходящие."
countries_l1_00144,countries,L1,countries_L1_continent+language,"{""continent_label_ru"": ""Европа"", ""continent_qid"": ""Q46"", ""country_status"": ""current"", ""language_label_ru"": ""французский язык"", ""language_qid"": ""Q150"", ""source_dataset"": ""wikidata""}","{""exists_now"": true, ""historical_only"": false, ""kind"": ""country"", ""official_language_ru"": ""французский язык"", ""region_ru"": ""Европа""}",,"Назови 3 стран, которые находятся в регионе «Европа» и у которых один из официальных языков — «французский язык». Учитывай только современные государства, которые существуют сейчас."
countries_l1_00146,countries,L1,countries_L1_continent+language,"{""continent_label_ru"": ""Европа"", ""continent_qid"": ""Q46"", ""country_status"": ""current"", ""language_label_ru"": ""албанский язык"", ""language_qid"": ""Q8748"", ""source_dataset"": ""wikidata""}","{""exists_now"": true, ""historical_only"": false, ""kind"": ""country"", ""official_language_ru"": ""албанский язык"", ""region_ru"": ""Европа""}",,"Назови 3 стран, которые находятся в регионе «Европа» и у которых один из официальных языков — «албанский язык». Учитывай только современные государства, которые существуют сейчас."
countries_l1_00148,countries,L1,countries_L1_continent+language,"{""continent_label_ru"": ""Азия"", ""continent_qid"": ""Q48"", ""country_status"": ""current"", ""language_label_ru"": ""английский язык"", ""language_qid"": ""Q1860"", ""source_dataset"": ""wikidata""}","{""exists_now"": true, ""historical_only"": false, ""kind"": ""country"", ""official_language_ru"": ""английский язык"", ""region_ru"": ""Азия""}",,"Назови 3 стран, которые находятся в регионе «Азия» и у которых один из официальных языков — «английский язык». Учитывай только современные государства, которые существуют сейчас."
countries_l1_00150,countries,L1,countries_L1_continent+language,"{""continent_label_ru"": ""Азия"", ""continent_qid"": ""Q48"", ""country_status"": ""current"", ""language_label_ru"": ""русский язык"", ""language_qid"": ""Q7737"", ""source_dataset"": ""wikidata""}","{""exists_now"": true, ""historical_only"": false, ""kind"": ""country"", ""official_language_ru"": ""русский язык"", ""region_ru"": ""Азия""}",,"Назови 3 стран, которые находятся в регионе «Азия» и у которых один из официальных языков — «русский язык». Учитывай только современные государства, которые существуют сейчас."
countries_l1_00152,countries,L1,countries_L1_continent+language,"{""continent_label_ru"": ""Африка"", ""continent_qid"": ""Q15"", ""country_status"": ""current"", ""language_label_ru"": ""английский язык"", ""language_qid"": ""Q1860"", ""source_dataset"": ""wikidata""}","{""exists_now"": true, ""historical_only"": false, ""kind"": ""country"", ""official_language_ru"": ""английский язык"", ""region_ru"": ""Африка""}",,"Назови 3 стран, которые находятся в регионе «Африка» и у которых один из официальных языков — «английский язык». Учитывай только современные государства, которые существуют сейчас."
countries_l1_00154,countries,L1,countries_L1_continent+language,"{""continent_label_ru"": ""Океания"", ""continent_qid"": ""Q538"", ""country_status"": ""current"", ""language_label_ru"": ""английский язык"", ""language_qid"": ""Q1860"", ""source_dataset"": ""wikidata""}","{""exists_now"": true, ""historical_only"": false, ""kind"": ""country"", ""official_language_ru"": ""английский язык"", ""region_ru"": ""Океания""}",,"Назови 3 стран, которые находятся в регионе «Океания» и у которых один из официальных языков — «английский язык». Учитывай только современные государства, которые существуют сейчас."
countries_l1_00156,countries,L1,countries_L1_continent+language,"{""continent_label_ru"": ""Северная Америка"", ""continent_qid"": ""Q49"", ""country_status"": ""current"", ""language_label_ru"": ""английский язык"", ""language_qid"": ""Q1860"", ""source_dataset"": ""wikidata""}","{""exists_now"": true, ""historical_only"": false, ""kind"": ""country"", ""official_language_ru"": ""английский язык"", ""region_ru"": ""Северная Америка""}",,"Назови 3 стран, которые находятся в регионе «Северная Америка» и у которых один из официальных языков — «английский язык». Учитывай только современные государства, которые существуют сейчас."
countries_l1_00158,countries,L1,countries_L1_continent+language,"{""continent_label_ru"": ""Азия"", ""continent_qid"": ""Q48"", ""country_status"": ""current"", ""language_label_ru"": ""арабский язык"", ""language_qid"": ""Q13955"", ""source_dataset"": ""wikidata""}","{""exists_now"": true, ""historical_only"": false, ""kind"": ""country"", ""official_language_ru"": ""арабский язык"", ""region_ru"": ""Азия""}",,"Назови 3 стран, которые находятся в регионе «Азия» и у которых один из официальных языков — «арабский язык». Учитывай только современные государства, которые существуют сейчас."
countries_l1_00160,countries,L1,countries_L1_continent+language,"{""continent_label_ru"": ""Европа"", ""continent_qid"": ""Q46"", ""country_status"": ""current"", ""language_label_ru"": ""русский язык"", ""language_qid"": ""Q7737"", ""source_dataset"": ""wikidata""}","{""exists_now"": true, ""historical_only"": false, ""kind"": ""country"", ""official_language_ru"": ""русский язык"", ""region_ru"": ""Европа""}",,"Назови 3 стран, которые находятся в регионе «Европа» и у которых один из официальных языков — «русский язык». Учитывай только современные государства, которые существуют сейчас."
countries_l1_00162,countries,L1,countries_L1_continent+language,"{""continent_label_ru"": ""Северная Америка"", ""continent_qid"": ""Q49"", ""country_status"": ""current"", ""language_label_ru"": ""французский язык"", ""language_qid"": ""Q150"", ""source_dataset"": ""wikidata""}","{""exists_now"": true, ""historical_only"": false, ""kind"": ""country"", ""official_language_ru"": ""французский язык"", ""region_ru"": ""Северная Америка""}",,"Назови 3 стран, которые находятся в регионе «Северная Америка» и у которых один из официальных языков — «французский язык». Учитывай только современные государства, которые существуют сейчас."
countries_l2_00154,countries,L2,countries_L2_continent+language+currency,"{""continent_label_ru"": ""Европа"", ""continent_qid"": ""Q46"", ""country_status"": ""current"", ""currency_label_ru"": ""канадский доллар"", ""currency_qid"": ""Q1104069"", ""language_label_ru"": ""французский язык"", ""language_qid"": ""Q150"", ""source_dataset"": ""wikidata""}","{""currency_ru"": ""канадский доллар"", ""exists_now"": true, ""historical_only"": false, ""kind"": ""country"", ""official_language_ru"": ""французский язык"", ""region_ru"": ""Северная Америка""}",,"Подбери 3 стран в регионе «Северная Америка», где официальный язык — «французский язык», а валюта — «канадский доллар». Учитывай только современные государства, которые существуют сейчас."
countries_l2_00156,countries,L2,countries_L2_continent+language+currency,"{""continent_label_ru"": ""Азия"", ""continent_qid"": ""Q48"", ""country_status"": ""current"", ""currency_label_ru"": ""южноафриканский рэнд"", ""currency_qid"": ""Q181907"", ""language_label_ru"": ""английский язык"", ""language_qid"": ""Q1860"", ""source_dataset"": ""wikidata""}","{""currency_ru"": ""южноафриканский рэнд"", ""exists_now"": true, ""historical_only"": false, ""kind"": ""country"", ""official_language_ru"": ""английский язык"", ""region_ru"": ""Африка""}",,"Подбери 3 стран в регионе «Африка», где официальный язык — «английский язык», а валюта — «южноафриканский рэнд». Учитывай только современные государства, которые существуют сейчас."
countries_l2_00158,countries,L2,countries_L2_continent+language+currency,"{""continent_label_ru"": ""Антарктида"", ""continent_qid"": ""Q51"", ""country_status"": ""current"", ""currency_label_ru"": ""евро"", ""currency_qid"": ""Q4916"", ""language_label_ru"": ""английский язык"", ""language_qid"": ""Q1860"", ""source_dataset"": ""wikidata""}","{""currency_ru"": ""евро"", ""exists_now"": true, ""historical_only"": false, ""kind"": ""country"", ""official_language_ru"": ""английский язык"", ""region_ru"": ""Европа""}",,"Подбери 3 стран в регионе «Европа», где официальный язык — «английский язык», а валюта — «евро». Учитывай только современные государства, которые существуют сейчас."
countries_l2_00160,countries,L2,countries_L2_continent+language+currency,"{""continent_label_ru"": ""Европа"", ""continent_qid"": ""Q46"", ""country_status"": ""current"", ""currency_label_ru"": ""евро"", ""currency_qid"": ""Q4916"", ""language_label_ru"": ""нидерландский язык"", ""language_qid"": ""Q7411"", ""source_dataset"": ""wikidata""}","{""currency_ru"": ""евро"", ""exists_now"": true, ""historical_only"": false, ""kind"": ""country"", ""official_language_ru"": ""нидерландский язык"", ""region_ru"": ""Европа""}",,"Подбери 3 стран в регионе «Европа», где официальный язык — «нидерландский язык», а валюта — «евро». Учитывай только современные государства, которые существуют сейчас."
countries_l2_00162,countries,L2,countries_L2_continent+language+currency,"{""continent_label_ru"": ""Европа"", ""continent_qid"": ""Q46"", ""country_status"": ""current"", ""currency_label_ru"": ""российский рубль"", ""currency_qid"": ""Q41044"", ""language_label_ru"": ""русский язык"", ""language_qid"": ""Q7737"", ""source_dataset"": ""wikidata""}","{""currency_ru"": ""российский рубль"", ""exists_now"": true, ""historical_only"": false, ""kind"": ""country"", ""official_language_ru"": ""русский язык"", ""region_ru"": ""Европа""}",,"Подбери 3 стран в регионе «Европа», где официальный язык — «русский язык», а валюта — «российский рубль». Учитывай только современные государства, которые существуют сейчас."
countries_l2_00164,countries,L2,countries_L2_continent+language+currency,"{""continent_label_ru"": ""Северная Америка"", ""continent_qid"": ""Q49"", ""country_status"": ""current"", ""currency_label_ru"": ""евро"", ""currency_qid"": ""Q4916"", ""language_label_ru"": ""немецкий язык"", ""language_qid"": ""Q188"", ""source_dataset"": ""wikidata""}","{""currency_ru"": ""евро"", ""exists_now"": true, ""historical_only"": false, ""kind"": ""country"", ""official_language_ru"": ""немецкий язык"", ""region_ru"": ""Европа""}",,"Подбери 3 стран в регионе «Европа», где официальный язык — «немецкий язык», а валюта — «евро». Учитывай только современные государства, которые существуют сейчас."
countries_l2_00166,countries,L2,countries_L2_continent+language+currency,"{""continent_label_ru"": ""Америка"", ""continent_qid"": ""Q828"", ""country_status"": ""current"", ""currency_label_ru"": ""доллар США"", ""currency_qid"": ""Q4917"", ""language_label_ru"": ""английский язык"", ""language_qid"": ""Q1860"", ""source_dataset"": ""wikidata""}","{""currency_ru"": ""доллар США"", ""exists_now"": true, ""historical_only"": false, ""kind"": ""country"", ""official_language_ru"": ""английский язык"", ""region_ru"": ""Австралия и Океания""}",,"Подбери 3 стран в регионе «Австралия и Океания», где официальный язык — «английский язык», а валюта — «доллар США». Учитывай только современные государства, которые существуют сейчас."
countries_l2_00168,countries,L2,countries_L2_continent+language+currency,"{""continent_label_ru"": ""Центральная Азия"", ""continent_qid"": ""Q27275"", ""country_status"": ""current"", ""currency_label_ru"": ""евро"", ""currency_qid"": ""Q4916"", ""language_label_ru"": ""итальянский язык"", ""language_qid"": ""Q652"", ""source_dataset"": ""wikidata""}","{""currency_ru"": ""евро"", ""exists_now"": true, ""historical_only"": false, ""kind"": ""country"", ""official_language_ru"": ""итальянский язык"", ""region_ru"": ""Европа""}",,"Подбери 3 стран в регионе «Европа», где официальный язык — «итальянский язык», а валюта — «евро». Учитывай только современные государства, которые существуют сейчас."
countries_l2_00170,countries,L2,countries_L2_continent+language+currency,"{""continent_label_ru"": ""Южная Америка"", ""continent_qid"": ""Q18"", ""country_status"": ""current"", ""currency_label_ru"": ""евро"", ""currency_qid"": ""Q4916"", ""language_label_ru"": ""французский язык"", ""language_qid"": ""Q150"", ""source_dataset"": ""wikidata""}","{""currency_ru"": ""евро"", ""exists_now"": true, ""historical_only"": false, ""kind"": ""country"", ""official_language_ru"": ""французский язык"", ""region_ru"": ""Европа""}",,"Подбери 3 стран в регионе «Европа», где официальный язык — «французский язык», а валюта — «евро». Учитывай только современные государства, которые существуют сейчас."
countries_l2_00174,countries,L2,countries_L2_continent+language+currency,"{""continent_label_ru"": ""Америка"", ""continent_qid"": ""Q828"", ""country_status"": ""current"", ""currency_label_ru"": ""канадский доллар"", ""currency_qid"": ""Q1104069"", ""language_label_ru"": ""английский язык"", ""language_qid"": ""Q1860"", ""source_dataset"": ""wikidata""}","{""currency_ru"": ""канадский доллар"", ""exists_now"": true, ""historical_only"": false, ""kind"": ""country"", ""official_language_ru"": ""английский язык"", ""region_ru"": ""Северная Америка""}",,"Подбери 3 стран в регионе «Северная Америка», где официальный язык — «английский язык», а валюта — «канадский доллар». Учитывай только современные государства, которые существуют сейчас."
countries_l2_00180,countries,L2,countries_L2_continent+language+currency,"{""continent_label_ru"": ""Евразия"", ""continent_qid"": ""Q5401"", ""country_status"": ""current"", ""currency_label_ru"": ""франк КФА BEAC"", ""currency_qid"": ""Q847739"", ""language_label_ru"": ""французский язык"", ""language_qid"": ""Q150"", ""source_dataset"": ""wikidata""}","{""currency_ru"": ""франк КФА BEAC"", ""exists_now"": true, ""historical_only"": false, ""kind"": ""country"", ""official_language_ru"": ""французский язык"", ""region_ru"": ""Африка""}",,"Подбери 3 стран в регионе «Африка», где официальный язык — «французский язык», а валюта — «франк КФА BEAC». Учитывай только современные государства, которые существуют сейчас."
countries_l3_00169,countries,L3,countries_L3_continent+language+pop_range,"{""continent_label_ru"": ""Африка"", ""continent_qid"": ""Q15"", ""country_status"": ""current"", ""language_label_ru"": ""арабский язык"", ""language_qid"": ""Q13955"", ""pop_max"": 80000000, ""pop_min"": 10000000, ""source_dataset"": ""wikidata""}","{""exists_now"": true, ""historical_only"": false, ""kind"": ""country"", ""official_language_ru"": ""арабский язык"", ""population_max"": 80000000, ""population_min"": 10000000, ""region_ru"": ""Африка""}",,Назови 3 стран в регионе «Африка»  где официальный язык — «арабский язык»  и численность населения примерно в диапазоне 10 000 000–80 000 000 человек. Учитывай только современные государства  которые существуют сейчас.
countries_l3_00171,countries,L3,countries_L3_continent+language+pop_range,"{""continent_label_ru"": ""Северная Америка"", ""continent_qid"": ""Q49"", ""country_status"": ""current"", ""language_label_ru"": ""испанский язык"", ""language_qid"": ""Q1321"", ""pop_max"": 50000000, ""pop_min"": 10000000, ""source_dataset"": ""wikidata""}","{""exists_now"": true, ""historical_only"": false, ""kind"": ""country"", ""official_language_ru"": ""испанский язык"", ""population_max"": 50000000, ""population_min"": 10000000, ""region_ru"": ""Северная Америка""}",,Назови 3 стран в регионе «Северная Америка»  где официальный язык — «испанский язык»  и численность населения примерно в диапазоне 10 000 000–50 000 000 человек. Учитывай только современные государства  которые существуют сейчас.
countries_l3_00173,countries,L3,countries_L3_continent+language+pop_range,"{""continent_label_ru"": ""Африка"", ""continent_qid"": ""Q15"", ""country_status"": ""current"", ""language_label_ru"": ""английский язык"", ""language_qid"": ""Q1860"", ""pop_max"": 8000000, ""pop_min"": 1000000, ""source_dataset"": ""wikidata""}","{""exists_now"": true, ""historical_only"": false, ""kind"": ""country"", ""official_language_ru"": ""английский язык"", ""population_max"": 8000000, ""population_min"": 1000000, ""region_ru"": ""Африка""}",,Назови 3 стран в регионе «Африка»  где официальный язык — «английский язык»  и численность населения примерно в диапазоне 1 000 000–8 000 000 человек. Учитывай только современные государства  которые существуют сейчас.
countries_l3_00175,countries,L3,countries_L3_continent+language+pop_range,"{""continent_label_ru"": ""Южная Америка"", ""continent_qid"": ""Q18"", ""country_status"": ""current"", ""language_label_ru"": ""испанский язык"", ""language_qid"": ""Q1321"", ""pop_max"": 30000000, ""pop_min"": 10000000, ""source_dataset"": ""wikidata""}","{""exists_now"": true, ""historical_only"": false, ""kind"": ""country"", ""official_language_ru"": ""испанский язык"", ""population_max"": 30000000, ""population_min"": 10000000, ""region_ru"": ""Южная Америка""}",,Назови 3 стран в регионе «Южная Америка»  где официальный язык — «испанский язык»  и численность населения примерно в диапазоне 10 000 000–30 000 000 человек. Учитывай только современные государства  которые существуют сейчас.
countries_l3_00177,countries,L3,countries_L3_continent+language+pop_range,"{""continent_label_ru"": ""Азия"", ""continent_qid"": ""Q48"", ""country_status"": ""current"", ""language_label_ru"": ""арабский язык"", ""language_qid"": ""Q13955"", ""pop_max"": 50000000, ""pop_min"": 10000000, ""source_dataset"": ""wikidata""}","{""exists_now"": true, ""historical_only"": false, ""kind"": ""country"", ""official_language_ru"": ""арабский язык"", ""population_max"": 50000000, ""population_min"": 10000000, ""region_ru"": ""Азия""}",,Назови 3 стран в регионе «Азия»  где официальный язык — «арабский язык»  и численность населения примерно в диапазоне 10 000 000–50 000 000 человек. Учитывай только современные государства  которые существуют сейчас.
countries_l3_00179,countries,L3,countries_L3_continent+language+pop_range,"{""continent_label_ru"": ""Северная Америка"", ""continent_qid"": ""Q49"", ""country_status"": ""current"", ""language_label_ru"": ""английский язык"", ""language_qid"": ""Q1860"", ""pop_max"": 30000000, ""pop_min"": 10000000, ""source_dataset"": ""wikidata""}","{""exists_now"": true, ""historical_only"": false, ""kind"": ""country"", ""official_language_ru"": ""английский язык"", ""population_max"": 30000000, ""population_min"": 10000000, ""region_ru"": ""Северная Америка""}",,Назови 3 стран в регионе «Северная Америка»  где официальный язык — «английский язык»  и численность населения примерно в диапазоне 10 000 000–30 000 000 человек. Учитывай только современные государства  которые существуют сейчас.
countries_l3_00181,countries,L3,countries_adv_multihop_not_pop,"{""continent_label_ru"": ""Африка"", ""continent_qid"": ""Q15"", ""country_status"": ""current"", ""language_label_ru"": ""английский язык"", ""language_qid"": ""Q1860"", ""not_member_of_qid"": ""Q458"", ""pop_min"": 20000000, ""source_dataset"": ""wikidata""}","{""exists_now"": true, ""historical_only"": false, ""kind"": ""country"", ""not_member_of_ru"": ""Европейский союз"", ""official_language_ru"": ""английский язык"", ""population_min"": 20000000, ""region_ru"": ""Африка""}",,"Подбери ровно 5 стран  которые находятся в регионе «Африка»  имеют официальный язык «английский язык»  население больше 20 000 000 человек и при этом НЕ входят в Европейский союз. Учитывай только современные государства, которые существуют сейчас."
countries_l3_00183,countries,L3,countries_L3_continent+language+pop_range,"{""continent_label_ru"": ""Европа"", ""continent_qid"": ""Q46"", ""country_status"": ""current"", ""language_label_ru"": ""русский язык"", ""language_qid"": ""Q7737"", ""pop_max"": 8000000, ""pop_min"": 1000000, ""source_dataset"": ""wikidata""}","{""exists_now"": true, ""historical_only"": false, ""kind"": ""country"", ""official_language_ru"": ""русский язык"", ""population_max"": 8000000, ""population_min"": 1000000, ""region_ru"": ""Европа""}",,Назови 3 стран в регионе «Европа»  где официальный язык — «русский язык»  и численность населения примерно в диапазоне 1 000 000–8 000 000 человек. Учитывай только современные государства  которые существуют сейчас.
countries_l3_00185,countries,L3,countries_L3_continent+language+pop_range,"{""continent_label_ru"": ""Африка"", ""continent_qid"": ""Q15"", ""country_status"": ""current"", ""language_label_ru"": ""французский язык"", ""language_qid"": ""Q150"", ""pop_max"": 25000000, ""pop_min"": 5000000, ""source_dataset"": ""wikidata""}","{""exists_now"": true, ""historical_only"": false, ""kind"": ""country"", ""official_language_ru"": ""французский язык"", ""population_max"": 25000000, ""population_min"": 5000000, ""region_ru"": ""Африка""}",,Назови 3 стран в регионе «Африка»  где официальный язык — «французский язык»  и численность населения примерно в диапазоне 5 000 000–25 000 000 человек. Учитывай только современные государства  которые существуют сейчас.
countries_l3_00187,countries,L3,countries_adv_multihop_not_pop,"{""continent_label_ru"": ""Африка"", ""continent_qid"": ""Q15"", ""country_status"": ""current"", ""language_label_ru"": ""английский язык"", ""language_qid"": ""Q1860"", ""not_member_of_qid"": null, ""pop_min"": 10000000, ""source_dataset"": ""wikidata""}","{""exists_now"": true, ""historical_only"": false, ""kind"": ""country"", ""official_language_ru"": ""английский язык"", ""population_min"": 10000000, ""region_ru"": ""Африка""}",,"Подбери ровно 5 стран  которые находятся в регионе «Африка»  имеют официальный язык «английский язык»  население больше 10 000 000 человек. Учитывай только современные государства, которые существуют сейчас."
countries_l3_00189,countries,L3,countries_adv_multihop_not_pop,"{""continent_label_ru"": ""Северная Америка"", ""continent_qid"": ""Q49"", ""country_status"": ""current"", ""language_label_ru"": ""английский язык"", ""language_qid"": ""Q1860"", ""not_member_of_qid"": null, ""pop_min"": 10000000, ""source_dataset"": ""wikidata""}","{""exists_now"": true, ""historical_only"": false, ""kind"": ""country"", ""official_language_ru"": ""английский язык"", ""population_min"": 10000000, ""region_ru"": ""Северная Америка""}",,"Подбери ровно 5 стран  которые находятся в регионе «Северная Америка»  имеют официальный язык «английский язык»  население больше 10 000 000 человек. Учитывай только современные государства, которые существуют сейчас."
countries_l3_00191,countries,L3,countries_L3_continent+language+pop_range,"{""continent_label_ru"": ""Европа"", ""continent_qid"": ""Q46"", ""country_status"": ""current"", ""language_label_ru"": ""албанский язык"", ""language_qid"": ""Q8748"", ""pop_max"": 3000000, ""pop_min"": 1000000, ""source_dataset"": ""wikidata""}","{""exists_now"": true, ""historical_only"": false, ""kind"": ""country"", ""official_language_ru"": ""албанский язык"", ""population_max"": 3000000, ""population_min"": 1000000, ""region_ru"": ""Европа""}",,Назови 3 стран в регионе «Европа»  где официальный язык — «албанский язык»  и численность населения примерно в диапазоне 1 000 000–3 000 000 человек. Учитывай только современные государства  которые существуют сейчас.
countries_l3_00193,countries,L3,countries_L3_continent+language+pop_range,"{""continent_label_ru"": ""Африка"", ""continent_qid"": ""Q15"", ""country_status"": ""current"", ""language_label_ru"": ""английский язык"", ""language_qid"": ""Q1860"", ""pop_max"": 5000000, ""pop_min"": 1000000, ""source_dataset"": ""wikidata""}","{""exists_now"": true, ""historical_only"": false, ""kind"": ""country"", ""official_language_ru"": ""английский язык"", ""population_max"": 5000000, ""population_min"": 1000000, ""region_ru"": ""Африка""}",,Назови 3 стран в регионе «Африка»  где официальный язык — «английский язык»  и численность населения примерно в диапазоне 1 000 000–5 000 000 человек. Учитывай только современные государства  которые существуют сейчас.
countries_l3_00195,countries,L3,countries_adv_multihop_not_pop,"{""continent_label_ru"": ""Африка"", ""continent_qid"": ""Q15"", ""country_status"": ""current"", ""language_label_ru"": ""французский язык"", ""language_qid"": ""Q150"", ""not_member_of_qid"": null, ""pop_min"": 10000000, ""source_dataset"": ""wikidata""}","{""exists_now"": true, ""historical_only"": false, ""kind"": ""country"", ""official_language_ru"": ""французский язык"", ""population_min"": 10000000, ""region_ru"": ""Африка""}",,"Подбери ровно 5 стран  которые находятся в регионе «Африка»  имеют официальный язык «французский язык»  население больше 10 000 000 человек. Учитывай только современные государства, которые существуют сейчас."
countries_l3_00197,countries,L3,countries_adv_multihop_not_pop,"{""continent_label_ru"": ""Африка"", ""continent_qid"": ""Q15"", ""country_status"": ""current"", ""language_label_ru"": ""французский язык"", ""language_qid"": ""Q150"", ""not_member_of_qid"": ""Q458"", ""pop_min"": 10000000, ""source_dataset"": ""wikidata""}","{""exists_now"": true, ""historical_only"": false, ""kind"": ""country"", ""not_member_of_ru"": ""Европейский союз"", ""official_language_ru"": ""французский язык"", ""population_min"": 10000000, ""region_ru"": ""Африка""}",,"Подбери ровно 5 стран  которые находятся в регионе «Африка»  имеют официальный язык «французский язык»  население больше 10 000 000 человек и при этом НЕ входят в Европейский союз. Учитывай только современные государства, которые существуют сейчас."
countries_l3_00199,countries,L3,countries_L3_continent+language+pop_range,"{""continent_label_ru"": ""Европа"", ""continent_qid"": ""Q46"", ""country_status"": ""current"", ""language_label_ru"": ""албанский язык"", ""language_qid"": ""Q8748"", ""pop_max"": 5000000, ""pop_min"": 1000000, ""source_dataset"": ""wikidata""}","{""exists_now"": true, ""historical_only"": false, ""kind"": ""country"", ""official_language_ru"": ""албанский язык"", ""population_max"": 5000000, ""population_min"": 1000000, ""region_ru"": ""Европа""}",,Назови 3 стран в регионе «Европа»  где официальный язык — «албанский язык»  и численность населения примерно в диапазоне 1 000 000–5 000 000 человек. Учитывай только современные государства  которые существуют сейчас.
countries_l3_00201,countries,L3,countries_L3_continent+language+pop_range,"{""continent_label_ru"": ""Африка"", ""continent_qid"": ""Q15"", ""country_status"": ""current"", ""language_label_ru"": ""английский язык"", ""language_qid"": ""Q1860"", ""pop_max"": 15000000, ""pop_min"": 5000000, ""source_dataset"": ""wikidata""}","{""exists_now"": true, ""historical_only"": false, ""kind"": ""country"", ""official_language_ru"": ""английский язык"", ""population_max"": 15000000, ""population_min"": 5000000, ""region_ru"": ""Африка""}",,Назови 3 стран в регионе «Африка»  где официальный язык — «английский язык»  и численность населения примерно в диапазоне 5 000 000–15 000 000 человек. Учитывай только современные государства  которые существуют сейчас.
countries_l3_00203,countries,L3,countries_L3_continent+language+pop_range,"{""continent_label_ru"": ""Африка"", ""continent_qid"": ""Q15"", ""country_status"": ""current"", ""language_label_ru"": ""французский язык"", ""language_qid"": ""Q150"", ""pop_max"": 3000000, ""pop_min"": 1000000, ""source_dataset"": ""wikidata""}","{""exists_now"": true, ""historical_only"": false, ""kind"": ""country"", ""official_language_ru"": ""французский язык"", ""population_max"": 3000000, ""population_min"": 1000000, ""region_ru"": ""Африка""}",,Назови 3 стран в регионе «Африка»  где официальный язык — «французский язык»  и численность населения примерно в диапазоне 1 000 000–3 000 000 человек. Учитывай только современные государства  которые существуют сейчас.
countries_l3_00205,countries,L3,countries_L3_continent+language+pop_range,"{""continent_label_ru"": ""Африка"", ""continent_qid"": ""Q15"", ""country_status"": ""current"", ""language_label_ru"": ""арабский язык"", ""language_qid"": ""Q13955"", ""pop_max"": 5000000, ""pop_min"": 1000000, ""source_dataset"": ""wikidata""}","{""exists_now"": true, ""historical_only"": false, ""kind"": ""country"", ""official_language_ru"": ""арабский язык"", ""population_max"": 5000000, ""population_min"": 1000000, ""region_ru"": ""Африка""}",,Назови 3 стран в регионе «Африка»  где официальный язык — «арабский язык»  и численность населения примерно в диапазоне 1 000 000–5 000 000 человек. Учитывай только современные государства  которые существуют сейчас.
countries_l3_00207,countries,L3,countries_adv_multihop_not_pop,"{""continent_label_ru"": ""Азия"", ""continent_qid"": ""Q48"", ""country_status"": ""current"", ""language_label_ru"": ""арабский язык"", ""language_qid"": ""Q13955"", ""not_member_of_qid"": null, ""pop_min"": 10000000, ""source_dataset"": ""wikidata""}","{""exists_now"": true, ""historical_only"": false, ""kind"": ""country"", ""official_language_ru"": ""арабский язык"", ""population_min"": 10000000, ""region_ru"": ""Азия""}",,"Подбери ровно 5 стран  которые находятся в регионе «Азия»  имеют официальный язык «арабский язык»  население больше 10 000 000 человек. Учитывай только современные государства, которые существуют сейчас."
countries_l3_00209,countries,L3,countries_L3_continent+language+pop_range,"{""continent_label_ru"": ""Африка"", ""continent_qid"": ""Q15"", ""country_status"": ""current"", ""language_label_ru"": ""английский язык"", ""language_qid"": ""Q1860"", ""pop_max"": 240000000, ""pop_min"": 30000000, ""source_dataset"": ""wikidata""}","{""exists_now"": true, ""historical_only"": false, ""kind"": ""country"", ""official_language_ru"": ""английский язык"", ""population_max"": 240000000, ""population_min"": 30000000, ""region_ru"": ""Африка""}",,Назови 3 стран в регионе «Африка»  где официальный язык — «английский язык»  и численность населения примерно в диапазоне 30 000 000–240 000 000 человек. Учитывай только современные государства  которые существуют сейчас.
countries_l3_00211,countries,L3,countries_L3_continent+language+pop_range,"{""continent_label_ru"": ""Северная Америка"", ""continent_qid"": ""Q49"", ""country_status"": ""current"", ""language_label_ru"": ""испанский язык"", ""language_qid"": ""Q1321"", ""pop_max"": 15000000, ""pop_min"": 5000000, ""source_dataset"": ""wikidata""}","{""exists_now"": true, ""historical_only"": false, ""kind"": ""country"", ""official_language_ru"": ""испанский язык"", ""population_max"": 15000000, ""population_min"": 5000000, ""region_ru"": ""Северная Америка""}",,Назови 3 стран в регионе «Северная Америка»  где официальный язык — «испанский язык»  и численность населения примерно в диапазоне 5 000 000–15 000 000 человек. Учитывай только современные государства  которые существуют сейчас.
countries_l3_00213,countries,L3,countries_L3_continent+language+pop_range,"{""continent_label_ru"": ""Африка"", ""continent_qid"": ""Q15"", ""country_status"": ""current"", ""language_label_ru"": ""французский язык"", ""language_qid"": ""Q150"", ""pop_max"": 240000000, ""pop_min"": 30000000, ""source_dataset"": ""wikidata""}","{""exists_now"": true, ""historical_only"": false, ""kind"": ""country"", ""official_language_ru"": ""французский язык"", ""population_max"": 240000000, ""population_min"": 30000000, ""region_ru"": ""Африка""}",,Назови 3 стран в регионе «Африка»  где официальный язык — «французский язык»  и численность населения примерно в диапазоне 30 000 000–240 000 000 человек. Учитывай только современные государства  которые существуют сейчас.
countries_l3_00215,countries,L3,countries_L3_continent+language+pop_range,"{""continent_label_ru"": ""Европа"", ""continent_qid"": ""Q46"", ""country_status"": ""current"", ""language_label_ru"": ""нидерландский язык"", ""language_qid"": ""Q7411"", ""pop_max"": 25000000, ""pop_min"": 5000000, ""source_dataset"": ""wikidata""}","{""exists_now"": true, ""historical_only"": false, ""kind"": ""country"", ""official_language_ru"": ""нидерландский язык"", ""population_max"": 25000000, ""population_min"": 5000000, ""region_ru"": ""Европа""}",,Назови 3 стран в регионе «Европа»  где официальный язык — «нидерландский язык»  и численность населения примерно в диапазоне 5 000 000–25 000 000 человек. Учитывай только современные государства  которые существуют сейчас.
countries_l3_00217,countries,L3,countries_L3_continent+language+pop_range,"{""continent_label_ru"": ""Северная Америка"", ""continent_qid"": ""Q49"", ""country_status"": ""current"", ""language_label_ru"": ""английский язык"", ""language_qid"": ""Q1860"", ""pop_max"": 50000000, ""pop_min"": 10000000, ""source_dataset"": ""wikidata""}","{""exists_now"": true, ""historical_only"": false, ""kind"": ""country"", ""official_language_ru"": ""английский язык"", ""population_max"": 50000000, ""population_min"": 10000000, ""region_ru"": ""Северная Америка""}",,Назови 3 стран в регионе «Северная Америка»  где официальный язык — «английский язык»  и численность населения примерно в диапазоне 10 000 000–50 000 000 человек. Учитывай только современные государства  которые существуют сейчас.
countries_l4_00194,countries,L4,countries_L4_insufficient_EU_and_G7,"{""continent_label_ru"": ""Антарктида"", ""continent_qid"": ""Q51"", ""country_status"": ""current"", ""source_dataset"": ""wikidata""}","{""exists_now"": true, ""historical_only"": false, ""kind"": ""country"", ""member_of_ru"": [""Европейский союз"", ""G7""], ""region_ru"": ""Антарктида""}",,"Перечисли 5 стран, которые сейчас одновременно состоят в Европейском союзе и в G7. Если таких стран меньше 5, перечисли все, сколько есть, и явно напиши, что их меньше 5."
countries_l4_00222,countries,L4,countries_adv_multihop_not_pop,"{""continent_label_ru"": ""Австралия и Океания"", ""continent_qid"": ""Q55643"", ""country_status"": ""current"", ""language_label_ru"": ""Papua New Guinean Sign Language"", ""language_qid"": ""Q25044405"", ""not_member_of_qid"": null, ""pop_min"": 5000000, ""source_dataset"": ""wikidata""}","{""exists_now"": true, ""historical_only"": false, ""kind"": ""country"", ""official_language_ru"": ""Papua New Guinean Sign Language"", ""population_min"": 5000000, ""region_ru"": ""Австралия и Океания""}",,"Подбери ровно 5 стран  которые находятся в регионе «Австралия и Океания»  имеют официальный язык «Papua New Guinean Sign Language»  население больше 5 000 000 человек. Учитывай только современные государства, которые существуют сейчас."
countries_l5_00209,countries,L5,countries_L5_impossible_antarctica_language,"{""continent_label_ru"": ""Антарктида"", ""continent_qid"": ""Q51"", ""country_status"": ""current"", ""language_label_ru"": ""английский язык"", ""language_qid"": ""Q1860"", ""source_dataset"": ""wikidata""}","{""exists_now"": true, ""historical_only"": false, ""kind"": ""country"", ""official_language_ru"": ""английский язык"", ""region_ru"": ""Антарктида""}",,"Назови 3 стран в регионе «Антарктида», где официальный язык — «английский язык». Учитывай только современные государства, которые существуют сейчас."
countries_l5_00211,countries,L5,countries_L5_impossible_antarctica_language,"{""continent_label_ru"": ""Антарктида"", ""continent_qid"": ""Q51"", ""country_status"": ""current"", ""language_label_ru"": ""немецкий язык"", ""language_qid"": ""Q188"", ""source_dataset"": ""wikidata""}","{""exists_now"": true, ""historical_only"": false, ""kind"": ""country"", ""official_language_ru"": ""немецкий язык"", ""region_ru"": ""Антарктида""}",,"Назови 3 стран в регионе «Антарктида», где официальный язык — «немецкий язык». Учитывай только современные государства, которые существуют сейчас."
countries_l5_00213,countries,L5,countries_adv_multihop_not_pop,"{""continent_label_ru"": ""Северная Америка"", ""continent_qid"": ""Q49"", ""country_status"": ""current"", ""language_label_ru"": ""американский вариант английского языка"", ""language_qid"": ""Q7976"", ""not_member_of_qid"": ""Q458"", ""pop_min"": 5000000, ""source_dataset"": ""wikidata""}","{""exists_now"": true, ""historical_only"": false, ""kind"": ""country"", ""not_member_of_ru"": ""Европейский союз"", ""official_language_ru"": ""американский вариант английского языка"", ""population_min"": 5000000, ""region_ru"": ""Северная Америка""}",,"Подбери ровно 5 стран  которые находятся в регионе «Северная Америка»  имеют официальный язык «американский вариант английского языка»  население больше 5 000 000 человек и при этом НЕ входят в Европейский союз. Учитывай только современные государства, которые существуют сейчас."
countries_l5_00217,countries,L5,countries_adv_multihop_not_pop,"{""continent_label_ru"": ""Европа"", ""continent_qid"": ""Q46"", ""country_status"": ""current"", ""language_label_ru"": ""испанский язык"", ""language_qid"": ""Q1321"", ""not_member_of_qid"": null, ""pop_min"": 5000000, ""source_dataset"": ""wikidata""}","{""exists_now"": true, ""historical_only"": false, ""kind"": ""country"", ""official_language_ru"": ""испанский язык"", ""population_min"": 5000000, ""region_ru"": ""Европа""}",,"Подбери ровно 5 стран  которые находятся в регионе «Европа»  имеют официальный язык «испанский язык»  население больше 5 000 000 человек. Учитывай только современные государства, которые существуют сейчас."
countries_l5_00144,countries,L5,countries_adv_multihop_not_pop,"{""continent_label_ru"": ""Азия"", ""continent_qid"": ""Q48"", ""country_status"": ""current"", ""language_label_ru"": ""вьетнамский язык"", ""language_qid"": ""Q9199"", ""not_member_of_qid"": ""Q458"", ""pop_min"": 20000000, ""source_dataset"": ""wikidata""}","{""exists_now"": true, ""historical_only"": false, ""kind"": ""country"", ""not_member_of_ru"": ""Европейский союз"", ""official_language_ru"": ""вьетнамский язык"", ""population_min"": 20000000, ""region_ru"": ""Азия""}",,"Подбери ровно 5 стран  которые находятся в регионе «Азия»  имеют официальный язык «вьетнамский язык»  население больше 20 000 000 человек и при этом НЕ входят в Европейский союз. Учитывай только современные государства, которые существуют сейчас."
countries_l5_00148,countries,L5,countries_adv_multihop_not_pop,"{""continent_label_ru"": ""Азия"", ""continent_qid"": ""Q48"", ""country_status"": ""current"", ""language_label_ru"": ""английский язык"", ""language_qid"": ""Q1860"", ""not_member_of_qid"": null, ""pop_min"": 10000000, ""source_dataset"": ""wikidata""}","{""exists_now"": true, ""historical_only"": false, ""kind"": ""country"", ""official_language_ru"": ""английский язык"", ""population_min"": 10000000, ""region_ru"": ""Азия""}",,"Подбери ровно 5 стран  которые находятся в регионе «Азия»  имеют официальный язык «английский язык»  население больше 10 000 000 человек. Учитывай только современные государства, которые существуют сейчас."
countries_l5_00150,countries,L5,countries_adv_multihop_not_pop,"{""continent_label_ru"": ""Азия"", ""continent_qid"": ""Q48"", ""country_status"": ""current"", ""language_label_ru"": ""вьетнамский язык"", ""language_qid"": ""Q9199"", ""not_member_of_qid"": null, ""pop_min"": 5000000, ""source_dataset"": ""wikidata""}","{""exists_now"": true, ""historical_only"": false, ""kind"": ""country"", ""official_language_ru"": ""вьетнамский язык"", ""population_min"": 5000000, ""region_ru"": ""Азия""}",,"Подбери ровно 5 стран  которые находятся в регионе «Азия»  имеют официальный язык «вьетнамский язык»  население больше 5 000 000 человек. Учитывай только современные государства, которые существуют сейчас."
countries_l5_00152,countries,L5,countries_adv_multihop_not_pop,"{""continent_label_ru"": ""Азия"", ""continent_qid"": ""Q48"", ""country_status"": ""current"", ""language_label_ru"": ""английский язык"", ""language_qid"": ""Q1860"", ""not_member_of_qid"": ""Q458"", ""pop_min"": 5000000, ""source_dataset"": ""wikidata""}","{""exists_now"": true, ""historical_only"": false, ""kind"": ""country"", ""not_member_of_ru"": ""Европейский союз"", ""official_language_ru"": ""английский язык"", ""population_min"": 5000000, ""region_ru"": ""Азия""}",,"Подбери ровно 5 стран  которые находятся в регионе «Азия»  имеют официальный язык «английский язык»  население больше 5 000 000 человек и при этом НЕ входят в Европейский союз. Учитывай только современные государства, которые существуют сейчас."
countries_l5_00154,countries,L5,countries_adv_multihop_not_pop,"{""continent_label_ru"": ""Азия"", ""continent_qid"": ""Q48"", ""country_status"": ""current"", ""language_label_ru"": ""азербайджанский язык"", ""language_qid"": ""Q9292"", ""not_member_of_qid"": null, ""pop_min"": 10000000, ""source_dataset"": ""wikidata""}","{""exists_now"": true, ""historical_only"": false, ""kind"": ""country"", ""official_language_ru"": ""азербайджанский язык"", ""population_min"": 10000000, ""region_ru"": ""Азия""}",,"Подбери ровно 5 стран  которые находятся в регионе «Азия»  имеют официальный язык «азербайджанский язык»  население больше 10 000 000 человек. Учитывай только современные государства, которые существуют сейчас."
countries_l5_00158,countries,L5,countries_adv_multihop_not_pop,"{""continent_label_ru"": ""Азия"", ""continent_qid"": ""Q48"", ""country_status"": ""current"", ""language_label_ru"": ""русский язык"", ""language_qid"": ""Q7737"", ""not_member_of_qid"": null, ""pop_min"": 5000000, ""source_dataset"": ""wikidata""}","{""exists_now"": true, ""historical_only"": false, ""kind"": ""country"", ""official_language_ru"": ""русский язык"", ""population_min"": 5000000, ""region_ru"": ""Азия""}",,"Подбери ровно 5 стран  которые находятся в регионе «Азия»  имеют официальный язык «русский язык»  население больше 5 000 000 человек. Учитывай только современные государства, которые существуют сейчас."
dishes_l1_00144,dishes,L1,dishes_L1_ingredient,"{""ingredient_label_ru"": ""лёд"", ""ingredient_qid"": ""Q23392"", ""source_dataset"": ""wikidata""}","{""include_ingredients_ru"": [""лёд""], ""kind"": ""dish""}",,"Назови 3 блюд, в составе которых есть ингредиент «лёд»."
dishes_l1_00146,dishes,L1,dishes_L1_ingredient,"{""ingredient_label_ru"": ""рис"", ""ingredient_qid"": ""Q5090"", ""source_dataset"": ""wikidata""}","{""include_ingredients_ru"": [""рис""], ""kind"": ""dish""}",,"Назови 3 блюд, в составе которых есть ингредиент «рис»."
dishes_l1_00148,dishes,L1,dishes_L1_ingredient,"{""ingredient_label_ru"": ""зелень"", ""ingredient_qid"": ""Q207123"", ""source_dataset"": ""wikidata""}","{""include_ingredients_ru"": [""зелень""], ""kind"": ""dish""}",,"Назови 3 блюд, в составе которых есть ингредиент «зелень»."
dishes_l1_00150,dishes,L1,dishes_L1_ingredient,"{""ingredient_label_ru"": ""салат латук"", ""ingredient_qid"": ""Q83193"", ""source_dataset"": ""wikidata""}","{""include_ingredients_ru"": [""салат латук""], ""kind"": ""dish""}",,"Назови 3 блюд, в составе которых есть ингредиент «салат латук»."
dishes_l1_00152,dishes,L1,dishes_L1_ingredient,"{""ingredient_label_ru"": ""ванильный крем"", ""ingredient_qid"": ""Q2048003"", ""source_dataset"": ""wikidata""}","{""include_ingredients_ru"": [""ванильный крем""], ""kind"": ""dish""}",,"Назови 3 блюд, в составе которых есть ингредиент «ванильный крем»."
dishes_l1_00154,dishes,L1,dishes_L1_ingredient,"{""ingredient_label_ru"": ""мука"", ""ingredient_qid"": ""Q36465"", ""source_dataset"": ""wikidata""}","{""include_ingredients_ru"": [""мука""], ""kind"": ""dish""}",,"Назови 3 блюд, в составе которых есть ингредиент «мука»."
dishes_l1_00156,dishes,L1,dishes_L1_ingredient,"{""ingredient_label_ru"": ""масло"", ""ingredient_qid"": ""Q42962"", ""source_dataset"": ""wikidata""}","{""include_ingredients_ru"": [""масло""], ""kind"": ""dish""}",,"Назови 3 блюд, в составе которых есть ингредиент «масло»."
dishes_l1_00158,dishes,L1,dishes_L1_ingredient,"{""ingredient_label_ru"": ""майонез"", ""ingredient_qid"": ""Q167893"", ""source_dataset"": ""wikidata""}","{""include_ingredients_ru"": [""майонез""], ""kind"": ""dish""}",,"Назови 3 блюд, в составе которых есть ингредиент «майонез»."
dishes_l1_00160,dishes,L1,dishes_L1_ingredient,"{""ingredient_label_ru"": ""курятина"", ""ingredient_qid"": ""Q864693"", ""source_dataset"": ""wikidata""}","{""include_ingredients_ru"": [""курятина""], ""kind"": ""dish""}",,"Назови 3 блюд, в составе которых есть ингредиент «курятина»."
dishes_l1_00162,dishes,L1,dishes_L1_ingredient,"{""ingredient_label_ru"": ""ягнятина"", ""ingredient_qid"": ""Q643419"", ""source_dataset"": ""wikidata""}","{""include_ingredients_ru"": [""ягнятина""], ""kind"": ""dish""}",,"Назови 3 блюд, в составе которых есть ингредиент «ягнятина»."
dishes_l1_00164,dishes,L1,dishes_L1_ingredient,"{""ingredient_label_ru"": ""уксус"", ""ingredient_qid"": ""Q41354"", ""source_dataset"": ""wikidata""}","{""include_ingredients_ru"": [""уксус""], ""kind"": ""dish""}",,"Назови 3 блюд, в составе которых есть ингредиент «уксус»."
dishes_l1_00166,dishes,L1,dishes_L1_ingredient,"{""ingredient_label_ru"": ""изюм"", ""ingredient_qid"": ""Q13186"", ""source_dataset"": ""wikidata""}","{""include_ingredients_ru"": [""изюм""], ""kind"": ""dish""}",,"Назови 3 блюд, в составе которых есть ингредиент «изюм»."
dishes_l1_00168,dishes,L1,dishes_L1_ingredient,"{""ingredient_label_ru"": ""паприка"", ""ingredient_qid"": ""Q3127593"", ""source_dataset"": ""wikidata""}","{""include_ingredients_ru"": [""паприка""], ""kind"": ""dish""}",,"Назови 3 блюд, в составе которых есть ингредиент «паприка»."
dishes_l1_00170,dishes,L1,dishes_L1_ingredient,"{""ingredient_label_ru"": ""кукурузная крупа"", ""ingredient_qid"": ""Q10286140"", ""source_dataset"": ""wikidata""}","{""include_ingredients_ru"": [""кукурузная крупа""], ""kind"": ""dish""}",,"Назови 3 блюд, в составе которых есть ингредиент «кукурузная крупа»."
dishes_l1_00172,dishes,L1,dishes_L1_ingredient,"{""ingredient_label_ru"": ""ржаная мука"", ""ingredient_qid"": ""Q10658708"", ""source_dataset"": ""wikidata""}","{""include_ingredients_ru"": [""ржаная мука""], ""kind"": ""dish""}",,"Назови 3 блюд, в составе которых есть ингредиент «ржаная мука»."
dishes_l2_00159,dishes,L2,dishes_L2_ingredient+country,"{""country_label_ru"": ""США"", ""country_qid"": ""Q30"", ""ingredient_label_ru"": ""сливочное масло"", ""ingredient_qid"": ""Q34172"", ""source_dataset"": ""wikidata""}","{""country_ru"": ""США"", ""include_ingredients_ru"": [""сливочное масло""], ""kind"": ""dish""}",,"Подбери 3 блюд с ингредиентом «сливочное масло», которые происходят из страны «США»."
cinema_l3_kp_0144,cinema,L3,,"{""genre_ru"": ""драма"", ""rating"": [""imdb"", "">="", 7.0], ""source_dataset"": ""wikidata"", ""type"": ""cinema_l3_rating"", ""year_range"": [2000, 2010]}","{""genre_ru"": ""драма"", ""kind"": ""film"", ""rating_imdb_min"": 7.0, ""year_from"": 2000, ""year_to"": 2010}",,"Назови 4 фильмов в жанре «драма», выпущенных в период 2000–2010 годов, с рейтингом по IMDb от 7.0 и выше. Учитывай только полнометражные фильмы (не сериалы и не мультфильмы). Перечисли любые подходящие из них."
cinema_l3_kp_0146,cinema,L3,,"{""genre_ru"": ""драма"", ""rating"": [""imdb"", "">="", 7.0], ""source_dataset"": ""wikidata"", ""type"": ""cinema_l3_rating"", ""year_range"": [1980, 1990]}","{""genre_ru"": ""драма"", ""kind"": ""film"", ""rating_imdb_min"": 7.0, ""year_from"": 1980, ""year_to"": 1990}",,"Назови 4 фильмов в жанре «драма», выпущенных в период 1980–1990 годов, с рейтингом по IMDb от 7.0 и выше. Учитывай только полнометражные фильмы (не сериалы и не мультфильмы). Перечисли любые подходящие из них."
cinema_l3_kp_0148,cinema,L3,,"{""genre_ru"": ""боевик"", ""rating"": [""imdb"", "">="", 6.5], ""source_dataset"": ""wikidata"", ""type"": ""cinema_l3_rating"", ""year_range"": [2005, 2015]}","{""genre_ru"": ""боевик"", ""kind"": ""film"", ""rating_imdb_min"": 6.5, ""year_from"": 2005, ""year_to"": 2015}",,"Назови 4 фильмов в жанре «боевик», выпущенных в период 2005–2015 годов, с рейтингом по IMDb от 6.5 и выше. Учитывай только полнометражные фильмы (не сериалы и не мультфильмы). Перечисли любые подходящие из них."
cinema_l3_kp_0150,cinema,L3,,"{""genre_ru"": ""фантастика"", ""rating"": [""imdb"", "">="", 6.5], ""source_dataset"": ""wikidata"", ""type"": ""cinema_l3_rating"", ""year_range"": [2015, 2024]}","{""genre_ru"": ""фантастика"", ""kind"": ""film"", ""rating_imdb_min"": 6.5, ""year_from"": 2015, ""year_to"": 2024}",,"Назови 4 фильмов в жанре «фантастика», выпущенных в период 2015–2024 годов, с рейтингом по IMDb от 6.5 и выше. Учитывай только полнометражные фильмы (не сериалы и не мультфильмы). Перечисли любые подходящие из них."
cinema_l3_kp_0152,cinema,L3,,"{""genre_ru"": ""комедия"", ""rating"": [""imdb"", "">="", 7.0], ""source_dataset"": ""wikidata"", ""type"": ""cinema_l3_rating"", ""year_range"": [2010, 2020]}","{""genre_ru"": ""комедия"", ""kind"": ""film"", ""rating_imdb_min"": 7.0, ""year_from"": 2010, ""year_to"": 2020}",,"Назови 4 фильмов в жанре «комедия», выпущенных в период 2010–2020 годов, с рейтингом по IMDb от 7.0 и выше. Учитывай только полнометражные фильмы (не сериалы и не мультфильмы). Перечисли любые подходящие из них."
cinema_l3_kp_0154,cinema,L3,,"{""genre_ru"": ""драма"", ""rating"": [""imdb"", "">="", 7.0], ""source_dataset"": ""wikidata"", ""type"": ""cinema_l3_rating"", ""year_range"": [2005, 2015]}","{""genre_ru"": ""драма"", ""kind"": ""film"", ""rating_imdb_min"": 7.0, ""year_from"": 2005, ""year_to"": 2015}",,"Назови 4 фильмов в жанре «драма», выпущенных в период 2005–2015 годов, с рейтингом по IMDb от 7.0 и выше. Учитывай только полнометражные фильмы (не сериалы и не мультфильмы). Перечисли любые подходящие из них."
cinema_l3_kp_0156,cinema,L3,,"{""genre_ru"": ""мелодрама"", ""rating"": [""kp"", "">="", 6.5], ""source_dataset"": ""wikidata"", ""type"": ""cinema_l3_rating"", ""year_range"": [2000, 2010]}","{""genre_ru"": ""мелодрама"", ""kind"": ""film"", ""rating_kinopoisk_min"": 6.5, ""year_from"": 2000, ""year_to"": 2010}",,"Назови 5 фильмов в жанре «мелодрама», выпущенных в период 2000–2010 годов, с рейтингом по Кинопоиск от 6.5 и выше. Учитывай только полнометражные фильмы (не сериалы и не мультфильмы). Перечисли любые подходящие из них."
cinema_l3_kp_0158,cinema,L3,,"{""genre_ru"": ""комедия"", ""rating"": [""imdb"", "">="", 6.5], ""source_dataset"": ""wikidata"", ""type"": ""cinema_l3_rating"", ""year_range"": [1980, 1990]}","{""genre_ru"": ""комедия"", ""kind"": ""film"", ""rating_imdb_min"": 6.5, ""year_from"": 1980, ""year_to"": 1990}",,"Назови 4 фильмов в жанре «комедия», выпущенных в период 1980–1990 годов, с рейтингом по IMDb от 6.5 и выше. Учитывай только полнометражные фильмы (не сериалы и не мультфильмы). Перечисли любые подходящие из них."
cinema_l3_kp_0160,cinema,L3,,"{""genre_ru"": ""фантастика"", ""rating"": [""kp"", "">="", 6.5], ""source_dataset"": ""wikidata"", ""type"": ""cinema_l3_rating"", ""year_range"": [2010, 2020]}","{""genre_ru"": ""фантастика"", ""kind"": ""film"", ""rating_kinopoisk_min"": 6.5, ""year_from"": 2010, ""year_to"": 2020}",,"Назови 4 фильмов в жанре «фантастика», выпущенных в период 2010–2020 годов, с рейтингом по Кинопоиск от 6.5 и выше. Учитывай только полнометражные фильмы (не сериалы и не мультфильмы). Перечисли любые подходящие из них."
cinema_l4_kp_0153,cinema,L4,,"{""actor_ru"": ""Джонни Депп"", ""genre_ru"": ""драма"", ""rating"": [""imdb"", "">="", 7.0], ""source_dataset"": ""wikidata"", ""type"": ""cinema_l4_actor_rating"", ""year_range"": [1980, 1990]}","{""actor_ru"": ""Джонни Депп"", ""genre_ru"": ""драма"", ""kind"": ""film"", ""rating_imdb_min"": 7.0, ""year_from"": 1980, ""year_to"": 1990}",,"Назови 2 фильмов в жанре «драма» с участием актёра Джонни Депп, выпущенных в период 1980–1990 годов, с рейтингом по IMDb от 7.0 и выше. Учитывай только полнометражные фильмы (не сериалы и не мультфильмы). Перечисли все подходящие."
cinema_l4_kp_0155,cinema,L4,,"{""actor_ru"": ""Джонни Депп"", ""genre_ru"": ""боевик"", ""rating"": [""kp"", "">="", 7.0], ""source_dataset"": ""wikidata"", ""type"": ""cinema_l4_actor_rating"", ""year_range"": [2000, 2010]}","{""actor_ru"": ""Джонни Депп"", ""genre_ru"": ""боевик"", ""kind"": ""film"", ""rating_kinopoisk_min"": 7.0, ""year_from"": 2000, ""year_to"": 2010}",,"Назови 3 фильмов в жанре «боевик» с участием актёра Джонни Депп, выпущенных в период 2000–2010 годов, с рейтингом по Кинопоиск от 7.0 и выше. Учитывай только полнометражные фильмы (не сериалы и не мультфильмы). Перечисли все подходящие."
cinema_l4_kp_0157,cinema,L4,,"{""actor_ru"": ""Уилл Смит"", ""genre_ru"": ""приключения"", ""rating"": [""kp"", "">="", 7.5], ""source_dataset"": ""wikidata"", ""type"": ""cinema_l4_actor_rating"", ""year_range"": [1990, 2000]}","{""actor_ru"": ""Уилл Смит"", ""genre_ru"": ""приключения"", ""kind"": ""film"", ""rating_kinopoisk_min"": 7.5, ""year_from"": 1990, ""year_to"": 2000}",,"Назови 2 фильмов в жанре «приключения» с участием актёра Уилл Смит, выпущенных в период 1990–2000 годов, с рейтингом по Кинопоиск от 7.5 и выше. Учитывай только полнометражные фильмы (не сериалы и не мультфильмы). Перечисли все подходящие."
cinema_l4_kp_0159,cinema,L4,,"{""actor_ru"": ""Скарлетт Йоханссон"", ""genre_ru"": ""комедия"", ""rating"": [""imdb"", "">="", 7.0], ""source_dataset"": ""wikidata"", ""type"": ""cinema_l4_actor_rating"", ""year_range"": [2005, 2015]}","{""actor_ru"": ""Скарлетт Йоханссон"", ""genre_ru"": ""комедия"", ""kind"": ""film"", ""rating_imdb_min"": 7.0, ""year_from"": 2005, ""year_to"": 2015}",,"Назови 3 фильмов в жанре «комедия» с участием актёра Скарлетт Йоханссон, выпущенных в период 2005–2015 годов, с рейтингом по IMDb от 7.0 и выше. Учитывай только полнометражные фильмы (не сериалы и не мультфильмы). Перечисли все подходящие."
cinema_l4_kp_0161,cinema,L4,,"{""actor_ru"": ""Джонни Депп"", ""genre_ru"": ""боевик"", ""rating"": [""imdb"", "">="", 7.0], ""source_dataset"": ""wikidata"", ""type"": ""cinema_l4_actor_rating"", ""year_range"": [2000, 2010]}","{""actor_ru"": ""Джонни Депп"", ""genre_ru"": ""боевик"", ""kind"": ""film"", ""rating_imdb_min"": 7.0, ""year_from"": 2000, ""year_to"": 2010}",,"Назови 3 фильмов в жанре «боевик» с участием актёра Джонни Депп, выпущенных в период 2000–2010 годов, с рейтингом по IMDb от 7.0 и выше. Учитывай только полнометражные фильмы (не сериалы и не мультфильмы). Перечисли все подходящие."
cinema_l4_kp_0163,cinema,L4,,"{""actor_ru"": ""Том Круз"", ""genre_ru"": ""фантастика"", ""rating"": [""kp"", "">="", 7.0], ""source_dataset"": ""wikidata"", ""type"": ""cinema_l4_actor_rating"", ""year_range"": [2010, 2020]}","{""actor_ru"": ""Том Круз"", ""genre_ru"": ""фантастика"", ""kind"": ""film"", ""rating_kinopoisk_min"": 7.0, ""year_from"": 2010, ""year_to"": 2020}",,"Назови 2 фильмов в жанре «фантастика» с участием актёра Том Круз, выпущенных в период 2010–2020 годов, с рейтингом по Кинопоиск от 7.0 и выше. Учитывай только полнометражные фильмы (не сериалы и не мультфильмы). Перечисли все подходящие."
cinema_l4_kp_0165,cinema,L4,,"{""actor_ru"": ""Скарлетт Йоханссон"", ""genre_ru"": ""боевик"", ""rating"": [""kp"", "">="", 7.0], ""source_dataset"": ""wikidata"", ""type"": ""cinema_l4_actor_rating"", ""year_range"": [2000, 2010]}","{""actor_ru"": ""Скарлетт Йоханссон"", ""genre_ru"": ""боевик"", ""kind"": ""film"", ""rating_kinopoisk_min"": 7.0, ""year_from"": 2000, ""year_to"": 2010}",,"Назови 2 фильмов в жанре «боевик» с участием актёра Скарлетт Йоханссон, выпущенных в период 2000–2010 годов, с рейтингом по Кинопоиск от 7.0 и выше. Учитывай только полнометражные фильмы (не сериалы и не мультфильмы). Перечисли все подходящие."
cinema_l4_kp_0167,cinema,L4,,"{""actor_ru"": ""Скарлетт Йоханссон"", ""genre_ru"": ""мелодрама"", ""rating"": [""imdb"", "">="", 7.0], ""source_dataset"": ""wikidata"", ""type"": ""cinema_l4_actor_rating"", ""year_range"": [2000, 2010]}","{""actor_ru"": ""Скарлетт Йоханссон"", ""genre_ru"": ""мелодрама"", ""kind"": ""film"", ""rating_imdb_min"": 7.0, ""year_from"": 2000, ""year_to"": 2010}",,"Назови 3 фильмов в жанре «мелодрама» с участием актёра Скарлетт Йоханссон, выпущенных в период 2000–2010 годов, с рейтингом по IMDb от 7.0 и выше. Учитывай только полнометражные фильмы (не сериалы и не мультфильмы). Перечисли все подходящие."
cinema_l4_kp_0169,cinema,L4,,"{""actor_ru"": ""Том Хэнкс"", ""genre_ru"": ""драма"", ""rating"": [""imdb"", "">="", 7.5], ""source_dataset"": ""wikidata"", ""type"": ""cinema_l4_actor_rating"", ""year_range"": [2015, 2024]}","{""actor_ru"": ""Том Хэнкс"", ""genre_ru"": ""драма"", ""kind"": ""film"", ""rating_imdb_min"": 7.5, ""year_from"": 2015, ""year_to"": 2024}",,"Назови 2 фильмов в жанре «драма» с участием актёра Том Хэнкс, выпущенных в период 2015–2024 годов, с рейтингом по IMDb от 7.5 и выше. Учитывай только полнометражные фильмы (не сериалы и не мультфильмы). Перечисли все подходящие."
cinema_l4_kp_0171,cinema,L4,,"{""actor_ru"": ""Брэд Питт"", ""genre_ru"": ""криминал"", ""rating"": [""imdb"", "">="", 7.5], ""source_dataset"": ""wikidata"", ""type"": ""cinema_l4_actor_rating"", ""year_range"": [2000, 2010]}","{""actor_ru"": ""Брэд Питт"", ""genre_ru"": ""криминал"", ""kind"": ""film"", ""rating_imdb_min"": 7.5, ""year_from"": 2000, ""year_to"": 2010}",,"Назови 4 фильмов в жанре «криминал» с участием актёра Брэд Питт, выпущенных в период 2000–2010 годов, с рейтингом по IMDb от 7.5 и выше. Учитывай только полнометражные фильмы (не сериалы и не мультфильмы). Перечисли все подходящие."
cinema_l4_kp_0173,cinema,L4,,"{""actor_ru"": ""Марго Робби"", ""genre_ru"": ""комедия"", ""rating"": [""imdb"", "">="", 7.5], ""source_dataset"": ""wikidata"", ""type"": ""cinema_l4_actor_rating"", ""year_range"": [2015, 2024]}","{""actor_ru"": ""Марго Робби"", ""genre_ru"": ""комедия"", ""kind"": ""film"", ""rating_imdb_min"": 7.5, ""year_from"": 2015, ""year_to"": 2024}",,"Назови 3 фильмов в жанре «комедия» с участием актёра Марго Робби, выпущенных в период 2015–2024 годов, с рейтингом по IMDb от 7.5 и выше. Учитывай только полнометражные фильмы (не сериалы и не мультфильмы). Перечисли все подходящие."
cinema_l4_kp_0175,cinema,L4,,"{""actor_ru"": ""Скарлетт Йоханссон"", ""genre_ru"": ""криминал"", ""rating"": [""kp"", "">="", 7.0], ""source_dataset"": ""wikidata"", ""type"": ""cinema_l4_actor_rating"", ""year_range"": [2000, 2010]}","{""actor_ru"": ""Скарлетт Йоханссон"", ""genre_ru"": ""криминал"", ""kind"": ""film"", ""rating_kinopoisk_min"": 7.0, ""year_from"": 2000, ""year_to"": 2010}",,"Назови 2 фильмов в жанре «криминал» с участием актёра Скарлетт Йоханссон, выпущенных в период 2000–2010 годов, с рейтингом по Кинопоиск от 7.0 и выше. Учитывай только полнометражные фильмы (не сериалы и не мультфильмы). Перечисли все подходящие."
cinema_l4_kp_0177,cinema,L4,,"{""actor_ru"": ""Джим Керри"", ""genre_ru"": ""комедия"", ""rating"": [""kp"", "">="", 7.0], ""source_dataset"": ""wikidata"", ""type"": ""cinema_l4_actor_rating"", ""year_range"": [2000, 2010]}","{""actor_ru"": ""Джим Керри"", ""genre_ru"": ""комедия"", ""kind"": ""film"", ""rating_kinopoisk_min"": 7.0, ""year_from"": 2000, ""year_to"": 2010}",,"Назови 4 фильмов в жанре «комедия» с участием актёра Джим Керри, выпущенных в период 2000–2010 годов, с рейтингом по Кинопоиск от 7.0 и выше. Учитывай только полнометражные фильмы (не сериалы и не мультфильмы). Перечисли все подходящие."
cinema_l4_kp_0179,cinema,L4,,"{""actor_ru"": ""Том Хэнкс"", ""genre_ru"": ""триллер"", ""rating"": [""imdb"", "">="", 7.5], ""source_dataset"": ""wikidata"", ""type"": ""cinema_l4_actor_rating"", ""year_range"": [2005, 2015]}","{""actor_ru"": ""Том Хэнкс"", ""genre_ru"": ""триллер"", ""kind"": ""film"", ""rating_imdb_min"": 7.5, ""year_from"": 2005, ""year_to"": 2015}",,"Назови 2 фильмов в жанре «триллер» с участием актёра Том Хэнкс, выпущенных в период 2005–2015 годов, с рейтингом по IMDb от 7.5 и выше. Учитывай только полнометражные фильмы (не сериалы и не мультфильмы). Перечисли все подходящие."
cinema_l4_kp_0181,cinema,L4,,"{""actor_ru"": ""Том Хэнкс"", ""genre_ru"": ""драма"", ""rating"": [""imdb"", "">="", 7.5], ""source_dataset"": ""wikidata"", ""type"": ""cinema_l4_actor_rating"", ""year_range"": [2010, 2020]}","{""actor_ru"": ""Том Хэнкс"", ""genre_ru"": ""драма"", ""kind"": ""film"", ""rating_imdb_min"": 7.5, ""year_from"": 2010, ""year_to"": 2020}",,"Назови 3 фильмов в жанре «драма» с участием актёра Том Хэнкс, выпущенных в период 2010–2020 годов, с рейтингом по IMDb от 7.5 и выше. Учитывай только полнометражные фильмы (не сериалы и не мультфильмы). Перечисли все подходящие."
cinema_l4_kp_0183,cinema,L4,,"{""actor_ru"": ""Джим Керри"", ""genre_ru"": ""комедия"", ""rating"": [""imdb"", "">="", 7.0], ""source_dataset"": ""wikidata"", ""type"": ""cinema_l4_actor_rating"", ""year_range"": [1990, 2000]}","{""actor_ru"": ""Джим Керри"", ""genre_ru"": ""комедия"", ""kind"": ""film"", ""rating_imdb_min"": 7.0, ""year_from"": 1990, ""year_to"": 2000}",,"Назови 4 фильмов в жанре «комедия» с участием актёра Джим Керри, выпущенных в период 1990–2000 годов, с рейтингом по IMDb от 7.0 и выше. Учитывай только полнометражные фильмы (не сериалы и не мультфильмы). Перечисли все подходящие."
cinema_l4_kp_0185,cinema,L4,,"{""actor_ru"": ""Том Круз"", ""genre_ru"": ""триллер"", ""rating"": [""imdb"", "">="", 7.5], ""source_dataset"": ""wikidata"", ""type"": ""cinema_l4_actor_rating"", ""year_range"": [2015, 2024]}","{""actor_ru"": ""Том Круз"", ""genre_ru"": ""триллер"", ""kind"": ""film"", ""rating_imdb_min"": 7.5, ""year_from"": 2015, ""year_to"": 2024}",,"Назови 2 фильмов в жанре «триллер» с участием актёра Том Круз, выпущенных в период 2015–2024 годов, с рейтингом по IMDb от 7.5 и выше. Учитывай только полнометражные фильмы (не сериалы и не мультфильмы). Перечисли все подходящие."
cinema_l4_kp_0187,cinema,L4,,"{""actor_ru"": ""Кристиан Бэйл"", ""genre_ru"": ""фантастика"", ""rating"": [""kp"", "">="", 7.5], ""source_dataset"": ""wikidata"", ""type"": ""cinema_l4_actor_rating"", ""year_range"": [2005, 2015]}","{""actor_ru"": ""Кристиан Бэйл"", ""genre_ru"": ""фантастика"", ""kind"": ""film"", ""rating_kinopoisk_min"": 7.5, ""year_from"": 2005, ""year_to"": 2015}",,"Назови 4 фильмов в жанре «фантастика» с участием актёра Кристиан Бэйл, выпущенных в период 2005–2015 годов, с рейтингом по Кинопоиск от 7.5 и выше. Учитывай только полнометражные фильмы (не сериалы и не мультфильмы). Перечисли все подходящие."
cinema_l4_kp_0189,cinema,L4,,"{""actor_ru"": ""Уилл Смит"", ""genre_ru"": ""приключения"", ""rating"": [""imdb"", "">="", 7.0], ""source_dataset"": ""wikidata"", ""type"": ""cinema_l4_actor_rating"", ""year_range"": [1990, 2000]}","{""actor_ru"": ""Уилл Смит"", ""genre_ru"": ""приключения"", ""kind"": ""film"", ""rating_imdb_min"": 7.0, ""year_from"": 1990, ""year_to"": 2000}",,"Назови 2 фильмов в жанре «приключения» с участием актёра Уилл Смит, выпущенных в период 1990–2000 годов, с рейтингом по IMDb от 7.0 и выше. Учитывай только полнометражные фильмы (не сериалы и не мультфильмы). Перечисли все подходящие."
cinema_l4_kp_0191,cinema,L4,,"{""actor_ru"": ""Брэд Питт"", ""genre_ru"": ""боевик"", ""rating"": [""kp"", "">="", 7.0], ""source_dataset"": ""wikidata"", ""type"": ""cinema_l4_actor_rating"", ""year_range"": [1990, 2000]}","{""actor_ru"": ""Брэд Питт"", ""genre_ru"": ""боевик"", ""kind"": ""film"", ""rating_kinopoisk_min"": 7.0, ""year_from"": 1990, ""year_to"": 2000}",,"Назови 2 фильмов в жанре «боевик» с участием актёра Брэд Питт, выпущенных в период 1990–2000 годов, с рейтингом по Кинопоиск от 7.0 и выше. Учитывай только полнометражные фильмы (не сериалы и не мультфильмы). Перечисли все подходящие."
cinema_l4_kp_0193,cinema,L4,,"{""actor_ru"": ""Уилл Смит"", ""genre_ru"": ""приключения"", ""rating"": [""kp"", "">="", 7.0], ""source_dataset"": ""wikidata"", ""type"": ""cinema_l4_actor_rating"", ""year_range"": [1990, 2000]}","{""actor_ru"": ""Уилл Смит"", ""genre_ru"": ""приключения"", ""kind"": ""film"", ""rating_kinopoisk_min"": 7.0, ""year_from"": 1990, ""year_to"": 2000}",,"Назови 2 фильмов в жанре «приключения» с участием актёра Уилл Смит, выпущенных в период 1990–2000 годов, с рейтингом по Кинопоиск от 7.0 и выше. Учитывай только полнометражные фильмы (не сериалы и не мультфильмы). Перечисли все подходящие."
cinema_l4_kp_0195,cinema,L4,,"{""actor_ru"": ""Том Хэнкс"", ""genre_ru"": ""драма"", ""rating"": [""imdb"", "">="", 7.0], ""source_dataset"": ""wikidata"", ""type"": ""cinema_l4_actor_rating"", ""year_range"": [1990, 2000]}","{""actor_ru"": ""Том Хэнкс"", ""genre_ru"": ""драма"", ""kind"": ""film"", ""rating_imdb_min"": 7.0, ""year_from"": 1990, ""year_to"": 2000}",,"Назови 4 фильмов в жанре «драма» с участием актёра Том Хэнкс, выпущенных в период 1990–2000 годов, с рейтингом по IMDb от 7.0 и выше. Учитывай только полнометражные фильмы (не сериалы и не мультфильмы). Перечисли все подходящие."
cinema_l4_kp_0197,cinema,L4,,"{""actor_ru"": ""Брэд Питт"", ""genre_ru"": ""комедия"", ""rating"": [""kp"", "">="", 7.5], ""source_dataset"": ""wikidata"", ""type"": ""cinema_l4_actor_rating"", ""year_range"": [2000, 2010]}","{""actor_ru"": ""Брэд Питт"", ""genre_ru"": ""комедия"", ""kind"": ""film"", ""rating_kinopoisk_min"": 7.5, ""year_from"": 2000, ""year_to"": 2010}",,"Назови 4 фильмов в жанре «комедия» с участием актёра Брэд Питт, выпущенных в период 2000–2010 годов, с рейтингом по Кинопоиск от 7.5 и выше. Учитывай только полнометражные фильмы (не сериалы и не мультфильмы). Перечисли все подходящие."
cinema_l4_kp_0199,cinema,L4,,"{""actor_ru"": ""Том Круз"", ""genre_ru"": ""триллер"", ""rating"": [""imdb"", "">="", 7.0], ""source_dataset"": ""wikidata"", ""type"": ""cinema_l4_actor_rating"", ""year_range"": [1990, 2000]}","{""actor_ru"": ""Том Круз"", ""genre_ru"": ""триллер"", ""kind"": ""film"", ""rating_imdb_min"": 7.0, ""year_from"": 1990, ""year_to"": 2000}",,"Назови 3 фильмов в жанре «триллер» с участием актёра Том Круз, выпущенных в период 1990–2000 годов, с рейтингом по IMDb от 7.0 и выше. Учитывай только полнометражные фильмы (не сериалы и не мультфильмы). Перечисли все подходящие."
cinema_l4_kp_0201,cinema,L4,,"{""actor_ru"": ""Уилл Смит"", ""genre_ru"": ""приключения"", ""rating"": [""kp"", "">="", 7.0], ""source_dataset"": ""wikidata"", ""type"": ""cinema_l4_actor_rating"", ""year_range"": [2010, 2020]}","{""actor_ru"": ""Уилл Смит"", ""genre_ru"": ""приключения"", ""kind"": ""film"", ""rating_kinopoisk_min"": 7.0, ""year_from"": 2010, ""year_to"": 2020}",,"Назови 3 фильмов в жанре «приключения» с участием актёра Уилл Смит, выпущенных в период 2010–2020 годов, с рейтингом по Кинопоиск от 7.0 и выше. Учитывай только полнометражные фильмы (не сериалы и не мультфильмы). Перечисли все подходящие."
cinema_l4_kp_0203,cinema,L4,,"{""actor_ru"": ""Том Круз"", ""genre_ru"": ""триллер"", ""rating"": [""imdb"", "">="", 7.5], ""source_dataset"": ""wikidata"", ""type"": ""cinema_l4_actor_rating"", ""year_range"": [2000, 2010]}","{""actor_ru"": ""Том Круз"", ""genre_ru"": ""триллер"", ""kind"": ""film"", ""rating_imdb_min"": 7.5, ""year_from"": 2000, ""year_to"": 2010}",,"Назови 2 фильмов в жанре «триллер» с участием актёра Том Круз, выпущенных в период 2000–2010 годов, с рейтингом по IMDb от 7.5 и выше. Учитывай только полнометражные фильмы (не сериалы и не мультфильмы). Перечисли все подходящие."
cinema_l4_kp_0205,cinema,L4,,"{""actor_ru"": ""Том Круз"", ""genre_ru"": ""боевик"", ""rating"": [""imdb"", "">="", 7.5], ""source_dataset"": ""wikidata"", ""type"": ""cinema_l4_actor_rating"", ""year_range"": [2015, 2024]}","{""actor_ru"": ""Том Круз"", ""genre_ru"": ""боевик"", ""kind"": ""film"", ""rating_imdb_min"": 7.5, ""year_from"": 2015, ""year_to"": 2024}",,"Назови 3 фильмов в жанре «боевик» с участием актёра Том Круз, выпущенных в период 2015–2024 годов, с рейтингом по IMDb от 7.5 и выше. Учитывай только полнометражные фильмы (не сериалы и не мультфильмы). Перечисли все подходящие."
cinema_l4_kp_0207,cinema,L4,,"{""actor_ru"": ""Кристиан Бэйл"", ""genre_ru"": ""триллер"", ""rating"": [""kp"", "">="", 7.0], ""source_dataset"": ""wikidata"", ""type"": ""cinema_l4_actor_rating"", ""year_range"": [2000, 2010]}","{""actor_ru"": ""Кристиан Бэйл"", ""genre_ru"": ""триллер"", ""kind"": ""film"", ""rating_kinopoisk_min"": 7.0, ""year_from"": 2000, ""year_to"": 2010}",,"Назови 3 фильмов в жанре «триллер» с участием актёра Кристиан Бэйл, выпущенных в период 2000–2010 годов, с рейтингом по Кинопоиск от 7.0 и выше. Учитывай только полнометражные фильмы (не сериалы и не мультфильмы). Перечисли все подходящие."
cinema_l4_kp_0209,cinema,L4,,"{""actor_ru"": ""Марго Робби"", ""genre_ru"": ""мелодрама"", ""rating"": [""imdb"", "">="", 7.0], ""source_dataset"": ""wikidata"", ""type"": ""cinema_l4_actor_rating"", ""year_range"": [2010, 2020]}","{""actor_ru"": ""Марго Робби"", ""genre_ru"": ""мелодрама"", ""kind"": ""film"", ""rating_imdb_min"": 7.0, ""year_from"": 2010, ""year_to"": 2020}",,"Назови 2 фильмов в жанре «мелодрама» с участием актёра Марго Робби, выпущенных в период 2010–2020 годов, с рейтингом по IMDb от 7.0 и выше. Учитывай только полнометражные фильмы (не сериалы и не мультфильмы). Перечисли все подходящие."
cinema_l4_kp_0211,cinema,L4,,"{""actor_ru"": ""Кристиан Бэйл"", ""genre_ru"": ""боевик"", ""rating"": [""kp"", "">="", 7.5], ""source_dataset"": ""wikidata"", ""type"": ""cinema_l4_actor_rating"", ""year_range"": [2005, 2015]}","{""actor_ru"": ""Кристиан Бэйл"", ""genre_ru"": ""боевик"", ""kind"": ""film"", ""rating_kinopoisk_min"": 7.5, ""year_from"": 2005, ""year_to"": 2015}",,"Назови 5 фильмов в жанре «боевик» с участием актёра Кристиан Бэйл, выпущенных в период 2005–2015 годов, с рейтингом по Кинопоиск от 7.5 и выше. Учитывай только полнометражные фильмы (не сериалы и не мультфильмы). Перечисли все подходящие."
cinema_l4_kp_0213,cinema,L4,,"{""actor_ru"": ""Кристиан Бэйл"", ""genre_ru"": ""боевик"", ""rating"": [""kp"", "">="", 7.0], ""source_dataset"": ""wikidata"", ""type"": ""cinema_l4_actor_rating"", ""year_range"": [2015, 2024]}","{""actor_ru"": ""Кристиан Бэйл"", ""genre_ru"": ""боевик"", ""kind"": ""film"", ""rating_kinopoisk_min"": 7.0, ""year_from"": 2015, ""year_to"": 2024}",,"Назови 2 фильмов в жанре «боевик» с участием актёра Кристиан Бэйл, выпущенных в период 2015–2024 годов, с рейтингом по Кинопоиск от 7.0 и выше. Учитывай только полнометражные фильмы (не сериалы и не мультфильмы). Перечисли все подходящие."
cinema_l4_kp_0215,cinema,L4,,"{""actor_ru"": ""Уилл Смит"", ""genre_ru"": ""комедия"", ""rating"": [""kp"", "">="", 7.5], ""source_dataset"": ""wikidata"", ""type"": ""cinema_l4_actor_rating"", ""year_range"": [2000, 2010]}","{""actor_ru"": ""Уилл Смит"", ""genre_ru"": ""комедия"", ""kind"": ""film"", ""rating_kinopoisk_min"": 7.5, ""year_from"": 2000, ""year_to"": 2010}",,"Назови 2 фильмов в жанре «комедия» с участием актёра Уилл Смит, выпущенных в период 2000–2010 годов, с рейтингом по Кинопоиск от 7.5 и выше. Учитывай только полнометражные фильмы (не сериалы и не мультфильмы). Перечисли все подходящие."
cinema_l4_kp_0217,cinema,L4,,"{""actor_ru"": ""Том Круз"", ""genre_ru"": ""драма"", ""rating"": [""kp"", "">="", 7.5], ""source_dataset"": ""wikidata"", ""type"": ""cinema_l4_actor_rating"", ""year_range"": [1980, 1990]}","{""actor_ru"": ""Том Круз"", ""genre_ru"": ""драма"", ""kind"": ""film"", ""rating_kinopoisk_min"": 7.5, ""year_from"": 1980, ""year_to"": 1990}",,"Назови 2 фильмов в жанре «драма» с участием актёра Том Круз, выпущенных в период 1980–1990 годов, с рейтингом по Кинопоиск от 7.5 и выше. Учитывай только полнометражные фильмы (не сериалы и не мультфильмы). Перечисли все подходящие."
cinema_l4_kp_0219,cinema,L4,,"{""actor_ru"": ""Брэд Питт"", ""genre_ru"": ""триллер"", ""rating"": [""imdb"", "">="", 7.5], ""source_dataset"": ""wikidata"", ""type"": ""cinema_l4_actor_rating"", ""year_range"": [1990, 2000]}","{""actor_ru"": ""Брэд Питт"", ""genre_ru"": ""триллер"", ""kind"": ""film"", ""rating_imdb_min"": 7.5, ""year_from"": 1990, ""year_to"": 2000}",,"Назови 5 фильмов в жанре «триллер» с участием актёра Брэд Питт, выпущенных в период 1990–2000 годов, с рейтингом по IMDb от 7.5 и выше. Учитывай только полнометражные фильмы (не сериалы и не мультфильмы). Перечисли все подходящие."
cinema_l4_kp_0221,cinema,L4,,"{""actor_ru"": ""Марго Робби"", ""genre_ru"": ""драма"", ""rating"": [""kp"", "">="", 7.5], ""source_dataset"": ""wikidata"", ""type"": ""cinema_l4_actor_rating"", ""year_range"": [2010, 2020]}","{""actor_ru"": ""Марго Робби"", ""genre_ru"": ""драма"", ""kind"": ""film"", ""rating_kinopoisk_min"": 7.5, ""year_from"": 2010, ""year_to"": 2020}",,"Назови 2 фильмов в жанре «драма» с участием актёра Марго Робби, выпущенных в период 2010–2020 годов, с рейтингом по Кинопоиск от 7.5 и выше. Учитывай только полнометражные фильмы (не сериалы и не мультфильмы). Перечисли все подходящие."
cinema_l4_kp_0223,cinema,L4,,"{""actor_ru"": ""Том Хэнкс"", ""genre_ru"": ""приключения"", ""rating"": [""imdb"", "">="", 7.0], ""source_dataset"": ""wikidata"", ""type"": ""cinema_l4_actor_rating"", ""year_range"": [1990, 2000]}","{""actor_ru"": ""Том Хэнкс"", ""genre_ru"": ""приключения"", ""kind"": ""film"", ""rating_imdb_min"": 7.0, ""year_from"": 1990, ""year_to"": 2000}",,"Назови 2 фильмов в жанре «приключения» с участием актёра Том Хэнкс, выпущенных в период 1990–2000 годов, с рейтингом по IMDb от 7.0 и выше. Учитывай только полнометражные фильмы (не сериалы и не мультфильмы). Перечисли все подходящие."
cinema_l4_kp_0225,cinema,L4,,"{""actor_ru"": ""Джонни Депп"", ""genre_ru"": ""боевик"", ""rating"": [""kp"", "">="", 7.0], ""source_dataset"": ""wikidata"", ""type"": ""cinema_l4_actor_rating"", ""year_range"": [2005, 2015]}","{""actor_ru"": ""Джонни Депп"", ""genre_ru"": ""боевик"", ""kind"": ""film"", ""rating_kinopoisk_min"": 7.0, ""year_from"": 2005, ""year_to"": 2015}",,"Назови 3 фильмов в жанре «боевик» с участием актёра Джонни Депп, выпущенных в период 2005–2015 годов, с рейтингом по Кинопоиск от 7.0 и выше. Учитывай только полнометражные фильмы (не сериалы и не мультфильмы). Перечисли все подходящие."
cinema_l4_kp_0227,cinema,L4,,"{""actor_ru"": ""Том Хэнкс"", ""genre_ru"": ""триллер"", ""rating"": [""kp"", "">="", 7.0], ""source_dataset"": ""wikidata"", ""type"": ""cinema_l4_actor_rating"", ""year_range"": [2005, 2015]}","{""actor_ru"": ""Том Хэнкс"", ""genre_ru"": ""триллер"", ""kind"": ""film"", ""rating_kinopoisk_min"": 7.0, ""year_from"": 2005, ""year_to"": 2015}",,"Назови 4 фильмов в жанре «триллер» с участием актёра Том Хэнкс, выпущенных в период 2005–2015 годов, с рейтингом по Кинопоиск от 7.0 и выше. Учитывай только полнометражные фильмы (не сериалы и не мультфильмы). Перечисли все подходящие."
cinema_l4_kp_0229,cinema,L4,,"{""actor_ru"": ""Киану Ривз"", ""genre_ru"": ""фантастика"", ""rating"": [""kp"", "">="", 7.0], ""source_dataset"": ""wikidata"", ""type"": ""cinema_l4_actor_rating"", ""year_range"": [2000, 2010]}","{""actor_ru"": ""Киану Ривз"", ""genre_ru"": ""фантастика"", ""kind"": ""film"", ""rating_kinopoisk_min"": 7.0, ""year_from"": 2000, ""year_to"": 2010}",,"Назови 2 фильмов в жанре «фантастика» с участием актёра Киану Ривз, выпущенных в период 2000–2010 годов, с рейтингом по Кинопоиск от 7.0 и выше. Учитывай только полнометражные фильмы (не сериалы и не мультфильмы). Перечисли все подходящие."
cinema_l5_kp_0144,cinema,L5,,"{""actor_ru"": ""Том Круз"", ""genre_ru"": ""боевик"", ""movie_length_range"": [120, 1000], ""rating"": [""imdb"", "">="", 7.5], ""source_dataset"": ""wikidata"", ""type"": ""cinema_l5_actor_rating_length"", ""year_range"": [2000, 2010]}","{""actor_ru"": ""Том Круз"", ""genre_ru"": ""боевик"", ""kind"": ""film"", ""movie_length_min_minutes"": 120, ""rating_imdb_min"": 7.5}",,"Назови 3 фильма в жанре «боевик» с участием актёра Том Круз, которые идут более 2 часов и имеют рейтинг по IMDb от 7.5 и выше. Учитывай только полнометражные фильмы (не сериалы и не мультфильмы). Перечисли все подходящие."
dishes_l2_00144,dishes,L2,dishes_L2_ingredient+country,"{""country_label_ru"": ""Индонезия"", ""country_qid"": ""Q252"", ""ingredient_label_ru"": ""луковица лука-шалота"", ""ingredient_qid"": ""Q67206407"", ""source_dataset"": ""wikidata""}","{""country_ru"": ""Индонезия"", ""include_ingredients_ru"": [""луковица лука-шалота""], ""kind"": ""dish""}",,"Подбери 3 блюд с ингредиентом «луковица лука-шалота», которые происходят из страны «Индонезия»."
dishes_l2_00146,dishes,L2,dishes_L2_ingredient+country,"{""country_label_ru"": ""Индонезия"", ""country_qid"": ""Q252"", ""ingredient_label_ru"": ""сахар"", ""ingredient_qid"": ""Q11002"", ""source_dataset"": ""wikidata""}","{""country_ru"": ""Индонезия"", ""include_ingredients_ru"": [""сахар""], ""kind"": ""dish""}",,"Подбери 3 блюд с ингредиентом «сахар», которые происходят из страны «Индонезия»."
dishes_l2_00148,dishes,L2,dishes_L2_ingredient+country,"{""country_label_ru"": ""Индонезия"", ""country_qid"": ""Q252"", ""ingredient_label_ru"": ""поваренная соль"", ""ingredient_qid"": ""Q11254"", ""source_dataset"": ""wikidata""}","{""country_ru"": ""Индонезия"", ""include_ingredients_ru"": [""поваренная соль""], ""kind"": ""dish""}",,"Подбери 3 блюд с ингредиентом «поваренная соль», которые происходят из страны «Индонезия»."
dishes_l2_00150,dishes,L2,dishes_L2_ingredient+country,"{""country_label_ru"": ""Греция"", ""country_qid"": ""Q41"", ""ingredient_label_ru"": ""поваренная соль"", ""ingredient_qid"": ""Q11254"", ""source_dataset"": ""wikidata""}","{""country_ru"": ""Греция"", ""include_ingredients_ru"": [""поваренная соль""], ""kind"": ""dish""}",,"Подбери 3 блюд с ингредиентом «поваренная соль», которые происходят из страны «Греция»."
dishes_l2_00152,dishes,L2,dishes_L2_ingredient+country,"{""country_label_ru"": ""Индонезия"", ""country_qid"": ""Q252"", ""ingredient_label_ru"": ""арахисовый соус"", ""ingredient_qid"": ""Q2480049"", ""source_dataset"": ""wikidata""}","{""country_ru"": ""Индонезия"", ""include_ingredients_ru"": [""арахисовый соус""], ""kind"": ""dish""}",,"Подбери 3 блюд с ингредиентом «арахисовый соус», которые происходят из страны «Индонезия»."
dishes_l2_00154,dishes,L2,dishes_L2_ingredient+country,"{""country_label_ru"": ""Индонезия"", ""country_qid"": ""Q252"", ""ingredient_label_ru"": ""рисовый пирог"", ""ingredient_qid"": ""Q15149436"", ""source_dataset"": ""wikidata""}","{""country_ru"": ""Индонезия"", ""include_ingredients_ru"": [""рисовый пирог""], ""kind"": ""dish""}",,"Подбери 3 блюд с ингредиентом «рисовый пирог», которые происходят из страны «Индонезия»."
dishes_l2_00156,dishes,L2,dishes_L2_ingredient+country,"{""country_label_ru"": ""Индонезия"", ""country_qid"": ""Q252"", ""ingredient_label_ru"": ""яйцо"", ""ingredient_qid"": ""Q93189"", ""source_dataset"": ""wikidata""}","{""country_ru"": ""Индонезия"", ""include_ingredients_ru"": [""яйцо""], ""kind"": ""dish""}",,"Подбери 3 блюд с ингредиентом «яйцо», которые происходят из страны «Индонезия»."
dishes_l2_00158,dishes,L2,dishes_L2_ingredient+country,"{""country_label_ru"": ""Индонезия"", ""country_qid"": ""Q252"", ""ingredient_label_ru"": ""Пальмовый сахар"", ""ingredient_qid"": ""Q1549017"", ""source_dataset"": ""wikidata""}","{""country_ru"": ""Индонезия"", ""include_ingredients_ru"": [""Пальмовый сахар""], ""kind"": ""dish""}",,"Подбери 3 блюд с ингредиентом «Пальмовый сахар», которые происходят из страны «Индонезия»."
dishes_l2_00160,dishes,L2,dishes_L2_ingredient+country,"{""country_label_ru"": ""США"", ""country_qid"": ""Q30"", ""ingredient_label_ru"": ""яйцо"", ""ingredient_qid"": ""Q93189"", ""source_dataset"": ""wikidata""}","{""country_ru"": ""США"", ""include_ingredients_ru"": [""яйцо""], ""kind"": ""dish""}",,"Подбери 3 блюд с ингредиентом «яйцо», которые происходят из страны «США»."
dishes_l2_00162,dishes,L2,dishes_L2_ingredient+country,"{""country_label_ru"": ""Индонезия"", ""country_qid"": ""Q252"", ""ingredient_label_ru"": ""чеснок"", ""ingredient_qid"": ""Q21546392"", ""source_dataset"": ""wikidata""}","{""country_ru"": ""Индонезия"", ""include_ingredients_ru"": [""чеснок""], ""kind"": ""dish""}",,"Подбери 3 блюд с ингредиентом «чеснок», которые происходят из страны «Индонезия»."
dishes_l2_00164,dishes,L2,dishes_L2_ingredient+country,"{""country_label_ru"": ""Франция"", ""country_qid"": ""Q142"", ""ingredient_label_ru"": ""оливковое масло"", ""ingredient_qid"": ""Q93165"", ""source_dataset"": ""wikidata""}","{""country_ru"": ""Франция"", ""include_ingredients_ru"": [""оливковое масло""], ""kind"": ""dish""}",,"Подбери 3 блюд с ингредиентом «оливковое масло», которые происходят из страны «Франция»."
dishes_l2_00166,dishes,L2,dishes_L2_ingredient+country,"{""country_label_ru"": ""США"", ""country_qid"": ""Q30"", ""ingredient_label_ru"": ""крабовое мясо"", ""ingredient_qid"": ""Q5180246"", ""source_dataset"": ""wikidata""}","{""country_ru"": ""США"", ""include_ingredients_ru"": [""крабовое мясо""], ""kind"": ""dish""}",,"Подбери 3 блюд с ингредиентом «крабовое мясо», которые происходят из страны «США»."
dishes_l2_00168,dishes,L2,dishes_L2_ingredient+country,"{""country_label_ru"": ""Индонезия"", ""country_qid"": ""Q252"", ""ingredient_label_ru"": ""западно-индийское лимонное сорго"", ""ingredient_qid"": ""Q33913"", ""source_dataset"": ""wikidata""}","{""country_ru"": ""Индонезия"", ""include_ingredients_ru"": [""западно-индийское лимонное сорго""], ""kind"": ""dish""}",,"Подбери 3 блюд с ингредиентом «западно-индийское лимонное сорго», которые происходят из страны «Индонезия»."
dishes_l2_00170,dishes,L2,dishes_L2_ingredient+country,"{""country_label_ru"": ""Индонезия"", ""country_qid"": ""Q252"", ""ingredient_label_ru"": ""Тунг молуккский"", ""ingredient_qid"": ""Q1160961"", ""source_dataset"": ""wikidata""}","{""country_ru"": ""Индонезия"", ""include_ingredients_ru"": [""Тунг молуккский""], ""kind"": ""dish""}",,"Подбери 3 блюд с ингредиентом «Тунг молуккский», которые происходят из страны «Индонезия»."
dishes_l2_00172,dishes,L2,dishes_L2_ingredient+country,"{""country_label_ru"": ""Индонезия"", ""country_qid"": ""Q252"", ""ingredient_label_ru"": ""Alpinia galanga"", ""ingredient_qid"": ""Q402971"", ""source_dataset"": ""wikidata""}","{""country_ru"": ""Индонезия"", ""include_ingredients_ru"": [""Alpinia galanga""], ""kind"": ""dish""}",,"Подбери 3 блюд с ингредиентом «Alpinia galanga», которые происходят из страны «Индонезия»."
dishes_l2_00174,dishes,L2,dishes_L2_ingredient+country,"{""country_label_ru"": ""Индонезия"", ""country_qid"": ""Q252"", ""ingredient_label_ru"": ""острый перец"", ""ingredient_qid"": ""Q165199"", ""source_dataset"": ""wikidata""}","{""country_ru"": ""Индонезия"", ""include_ingredients_ru"": [""острый перец""], ""kind"": ""dish""}",,"Подбери 3 блюд с ингредиентом «острый перец», которые происходят из страны «Индонезия»."
dishes_l2_00176,dishes,L2,dishes_L2_ingredient+country,"{""country_label_ru"": ""Индонезия"", ""country_qid"": ""Q252"", ""ingredient_label_ru"": ""имбирь"", ""ingredient_qid"": ""Q15046077"", ""source_dataset"": ""wikidata""}","{""country_ru"": ""Индонезия"", ""include_ingredients_ru"": [""имбирь""], ""kind"": ""dish""}",,"Подбери 3 блюд с ингредиентом «имбирь», которые происходят из страны «Индонезия»."
dishes_l2_00178,dishes,L2,dishes_L2_ingredient+country,"{""country_label_ru"": ""Индонезия"", ""country_qid"": ""Q252"", ""ingredient_label_ru"": ""вода"", ""ingredient_qid"": ""Q283"", ""source_dataset"": ""wikidata""}","{""country_ru"": ""Индонезия"", ""include_ingredients_ru"": [""вода""], ""kind"": ""dish""}",,"Подбери 3 блюд с ингредиентом «вода», которые происходят из страны «Индонезия»."
dishes_l2_00180,dishes,L2,dishes_L2_ingredient+country,"{""country_label_ru"": ""Греция"", ""country_qid"": ""Q41"", ""ingredient_label_ru"": ""фета"", ""ingredient_qid"": ""Q182760"", ""source_dataset"": ""wikidata""}","{""country_ru"": ""Греция"", ""include_ingredients_ru"": [""фета""], ""kind"": ""dish""}",,"Подбери 3 блюд с ингредиентом «фета», которые происходят из страны «Греция»."
dishes_l2_00182,dishes,L2,dishes_L2_ingredient+country,"{""country_label_ru"": ""Индонезия"", ""country_qid"": ""Q252"", ""ingredient_label_ru"": ""Рецепт:Лук жареный"", ""ingredient_qid"": ""Q2202864"", ""source_dataset"": ""wikidata""}","{""country_ru"": ""Индонезия"", ""include_ingredients_ru"": [""Лук жареный""], ""kind"": ""dish""}",,"Подбери 3 блюд с ингредиентом «Лук жареный», которые происходят из страны «Индонезия»."
dishes_l3_00148,dishes,L3,dishes_adv_multihop_not,"{""continent_label_ru"": ""Азия"", ""continent_qid"": ""Q48"", ""ingredient_label_ru"": ""лук"", ""ingredient_qid"": ""Q3406628"", ""not_ingredient_label_ru"": ""рис"", ""not_ingredient_qid"": ""Q54872"", ""source_dataset"": ""wikidata""}","{""country_ru"": ""происхождения находится в регионе «Азия"", ""exclude_ingredients_ru"": [""рис""], ""include_ingredients_ru"": [""лук""], ""kind"": ""dish"", ""region_ru"": ""Азия""}",,"Подбери ровно 5 блюд, где есть «лук», при этом нет «рис», а страна происхождения находится в регионе «Азия»."
dishes_l3_00150,dishes,L3,dishes_adv_multihop_not,"{""continent_label_ru"": ""Европа"", ""continent_qid"": ""Q46"", ""ingredient_label_ru"": ""чеснок"", ""ingredient_qid"": ""Q21546392"", ""not_ingredient_label_ru"": ""картофель"", ""not_ingredient_qid"": ""Q10998"", ""source_dataset"": ""wikidata""}","{""country_ru"": ""происхождения находится в регионе «Европа"", ""exclude_ingredients_ru"": [""картофель""], ""include_ingredients_ru"": [""чеснок""], ""kind"": ""dish"", ""region_ru"": ""Европа""}",,"Подбери ровно 5 блюд, где есть «чеснок», при этом нет «картофель», а страна происхождения находится в регионе «Европа»."
dishes_l3_00152,dishes,L3,dishes_adv_multihop_not,"{""continent_label_ru"": ""Азия"", ""continent_qid"": ""Q48"", ""ingredient_label_ru"": ""пшеничная мука"", ""ingredient_qid"": ""Q2249305"", ""not_ingredient_label_ru"": ""курица"", ""not_ingredient_qid"": ""Q1033"", ""source_dataset"": ""wikidata""}","{""country_ru"": ""происхождения находится в регионе «Азия"", ""exclude_ingredients_ru"": [""курица""], ""include_ingredients_ru"": [""пшеничная мука""], ""kind"": ""dish"", ""region_ru"": ""Азия""}",,"Подбери ровно 5 блюд, где есть «пшеничная мука», при этом нет «курица», а страна происхождения находится в регионе «Азия»."
dishes_l3_00154,dishes,L3,dishes_adv_multihop_not,"{""continent_label_ru"": ""Европа"", ""continent_qid"": ""Q46"", ""ingredient_label_ru"": ""лук"", ""ingredient_qid"": ""Q49391"", ""not_ingredient_label_ru"": ""рыба"", ""not_ingredient_qid"": ""Q152"", ""source_dataset"": ""wikidata""}","{""country_ru"": ""происхождения находится в регионе «Европа"", ""exclude_ingredients_ru"": [""рыба""], ""include_ingredients_ru"": [""лук""], ""kind"": ""dish"", ""region_ru"": ""Европа""}",,"Подбери ровно 5 блюд, где есть «лук», при этом нет «рыба», а страна происхождения находится в регионе «Европа»."
dishes_l3_00156,dishes,L3,dishes_adv_multihop_not,"{""continent_label_ru"": ""Азия"", ""continent_qid"": ""Q48"", ""ingredient_label_ru"": ""поваренная соль"", ""ingredient_qid"": ""Q11254"", ""not_ingredient_label_ru"": ""свинина"", ""not_ingredient_qid"": ""Q42555"", ""source_dataset"": ""wikidata""}","{""country_ru"": ""происхождения находится в регионе «Азия"", ""exclude_ingredients_ru"": [""свинина""], ""include_ingredients_ru"": [""поваренная соль""], ""kind"": ""dish"", ""region_ru"": ""Азия""}",,"Подбери ровно 5 блюд, где есть «поваренная соль», при этом нет «свинина», а страна происхождения находится в регионе «Азия»."
dishes_l3_00158,dishes,L3,dishes_L3_ingredient_NOT_ingredient,"{""ingredient_label_ru"": ""говядина"", ""ingredient_qid"": ""Q192628"", ""not_ingredient_label_ru"": ""свинина"", ""not_ingredient_qid"": ""Q42555"", ""source_dataset"": ""wikidata""}","{""include_ingredients_ru"": [""говядина""], ""kind"": ""dish""}",ingredient_include_or_exclude_maybe_missing,"Назови 3 блюд, в составе которых есть «говядина», но при этом НЕТ ингредиента «свинина»."
dishes_l3_00160,dishes,L3,dishes_adv_ing_not,"{""ingredient_label_ru"": ""мука"", ""ingredient_qid"": ""Q36465"", ""not_ingredient_label_ru"": ""говядина"", ""not_ingredient_qid"": ""Q83364"", ""source_dataset"": ""wikidata""}","{""exclude_ingredients_ru"": [""говядина""], ""include_ingredients_ru"": [""мука""], ""kind"": ""dish""}",,"Подбери ровно 5 блюд, где есть «мука», при этом нет «говядина»."
dishes_l3_00162,dishes,L3,dishes_adv_ing_not,"{""ingredient_label_ru"": ""хлеб"", ""ingredient_qid"": ""Q7802"", ""not_ingredient_label_ru"": ""томат"", ""not_ingredient_qid"": ""Q178"", ""source_dataset"": ""wikidata""}","{""exclude_ingredients_ru"": [""томат""], ""include_ingredients_ru"": [""хлеб""], ""kind"": ""dish""}",,"Подбери ровно 5 блюд, где есть «хлеб», при этом нет «томат»."
dishes_l3_00164,dishes,L3,dishes_adv_ing_not,"{""ingredient_label_ru"": ""лук"", ""ingredient_qid"": ""Q49391"", ""not_ingredient_label_ru"": ""свинина"", ""not_ingredient_qid"": ""Q42555"", ""source_dataset"": ""wikidata""}","{""exclude_ingredients_ru"": [""свинина""], ""include_ingredients_ru"": [""лук""], ""kind"": ""dish""}",,"Подбери ровно 5 блюд, где есть «лук», при этом нет «свинина»."
dishes_l3_00166,dishes,L3,dishes_adv_ing_not,"{""ingredient_label_ru"": ""сахар"", ""ingredient_qid"": ""Q11002"", ""not_ingredient_label_ru"": ""рис"", ""not_ingredient_qid"": ""Q54872"", ""source_dataset"": ""wikidata""}","{""exclude_ingredients_ru"": [""рис""], ""include_ingredients_ru"": [""сахар""], ""kind"": ""dish""}",,"Подбери ровно 5 блюд, где есть «сахар», при этом нет «рис»."
dishes_l3_00168,dishes,L3,dishes_adv_ing_not,"{""ingredient_label_ru"": ""огурец"", ""ingredient_qid"": ""Q2735883"", ""not_ingredient_label_ru"": ""говядина"", ""not_ingredient_qid"": ""Q83364"", ""source_dataset"": ""wikidata""}","{""exclude_ingredients_ru"": [""говядина""], ""include_ingredients_ru"": [""огурец""], ""kind"": ""dish""}",,"Подбери ровно 5 блюд, где есть «огурец», при этом нет «говядина»."
dishes_l3_00170,dishes,L3,dishes_adv_ing_not,"{""ingredient_label_ru"": ""рыбы"", ""ingredient_qid"": ""Q152"", ""not_ingredient_label_ru"": ""яйцо"", ""not_ingredient_qid"": ""Q185144"", ""source_dataset"": ""wikidata""}","{""exclude_ingredients_ru"": [""яйцо""], ""include_ingredients_ru"": [""рыбы""], ""kind"": ""dish""}",,"Подбери ровно 5 блюд, где есть «рыбы», при этом нет «яйцо»."
dishes_l3_00172,dishes,L3,dishes_adv_ing_not,"{""ingredient_label_ru"": ""паприка"", ""ingredient_qid"": ""Q3127593"", ""not_ingredient_label_ru"": ""курица"", ""not_ingredient_qid"": ""Q1033"", ""source_dataset"": ""wikidata""}","{""exclude_ingredients_ru"": [""курица""], ""include_ingredients_ru"": [""паприка""], ""kind"": ""dish""}",,"Подбери ровно 5 блюд, где есть «паприка», при этом нет «курица»."
dishes_l3_00174,dishes,L3,dishes_adv_ing_not,"{""ingredient_label_ru"": ""кокосовое молоко"", ""ingredient_qid"": ""Q841779"", ""not_ingredient_label_ru"": ""картофель"", ""not_ingredient_qid"": ""Q10998"", ""source_dataset"": ""wikidata""}","{""exclude_ingredients_ru"": [""картофель""], ""include_ingredients_ru"": [""кокосовое молоко""], ""kind"": ""dish""}",,"Подбери ровно 5 блюд, где есть «кокосовое молоко», при этом нет «картофель»."
dishes_l3_00176,dishes,L3,dishes_adv_ing_not,"{""ingredient_label_ru"": ""Пальмовый сахар"", ""ingredient_qid"": ""Q1549017"", ""not_ingredient_label_ru"": ""рис"", ""not_ingredient_qid"": ""Q54872"", ""source_dataset"": ""wikidata""}","{""exclude_ingredients_ru"": [""рис""], ""include_ingredients_ru"": [""Пальмовый сахар""], ""kind"": ""dish""}",,"Подбери ровно 5 блюд, где есть «Пальмовый сахар», при этом нет «рис»."
dishes_l3_00178,dishes,L3,dishes_adv_ing_not,"{""ingredient_label_ru"": ""курятина"", ""ingredient_qid"": ""Q864693"", ""not_ingredient_label_ru"": ""говядина"", ""not_ingredient_qid"": ""Q83364"", ""source_dataset"": ""wikidata""}","{""exclude_ingredients_ru"": [""говядина""], ""include_ingredients_ru"": [""курятина""], ""kind"": ""dish""}",,"Подбери ровно 5 блюд, где есть «курятина», при этом нет «говядина»."
dishes_l3_00180,dishes,L3,dishes_adv_ing_not,"{""ingredient_label_ru"": ""майонез"", ""ingredient_qid"": ""Q167893"", ""not_ingredient_label_ru"": ""свинина"", ""not_ingredient_qid"": ""Q42555"", ""source_dataset"": ""wikidata""}","{""exclude_ingredients_ru"": [""свинина""], ""include_ingredients_ru"": [""майонез""], ""kind"": ""dish""}",,"Подбери ровно 5 блюд, где есть «майонез», при этом нет «свинина»."
dishes_l3_00182,dishes,L3,dishes_adv_ing_not,"{""ingredient_label_ru"": ""хлебопекарные дрожжи"", ""ingredient_qid"": ""Q911712"", ""not_ingredient_label_ru"": ""курица"", ""not_ingredient_qid"": ""Q1033"", ""source_dataset"": ""wikidata""}","{""exclude_ingredients_ru"": [""курица""], ""include_ingredients_ru"": [""хлебопекарные дрожжи""], ""kind"": ""dish""}",,"Подбери ровно 5 блюд, где есть «хлебопекарные дрожжи», при этом нет «курица»."
dishes_l3_00184,dishes,L3,dishes_adv_ing_not,"{""ingredient_label_ru"": ""приправы"", ""ingredient_qid"": ""Q2596997"", ""not_ingredient_label_ru"": ""рис"", ""not_ingredient_qid"": ""Q54872"", ""source_dataset"": ""wikidata""}","{""exclude_ingredients_ru"": [""рис""], ""include_ingredients_ru"": [""приправы""], ""kind"": ""dish""}",,"Подбери ровно 5 блюд, где есть «приправы», при этом нет «рис»."
dishes_l3_00186,dishes,L3,dishes_adv_ing_not,"{""ingredient_label_ru"": ""рыба"", ""ingredient_qid"": ""Q600396"", ""not_ingredient_label_ru"": ""яйцо"", ""not_ingredient_qid"": ""Q185144"", ""source_dataset"": ""wikidata""}","{""exclude_ingredients_ru"": [""яйцо""], ""include_ingredients_ru"": [""рыба""], ""kind"": ""dish""}",,"Подбери ровно 5 блюд, где есть «рыба», при этом нет «яйцо»."
dishes_l3_00188,dishes,L3,dishes_adv_ing_not,"{""ingredient_label_ru"": ""паприка"", ""ingredient_qid"": ""Q3127593"", ""not_ingredient_label_ru"": ""томат"", ""not_ingredient_qid"": ""Q178"", ""source_dataset"": ""wikidata""}","{""exclude_ingredients_ru"": [""томат""], ""include_ingredients_ru"": [""паприка""], ""kind"": ""dish""}",,"Подбери ровно 5 блюд, где есть «паприка», при этом нет «томат»."
dishes_l3_00190,dishes,L3,dishes_adv_ing_not,"{""ingredient_label_ru"": ""тесто"", ""ingredient_qid"": ""Q178024"", ""not_ingredient_label_ru"": ""сыр"", ""not_ingredient_qid"": ""Q10990"", ""source_dataset"": ""wikidata""}","{""exclude_ingredients_ru"": [""сыр""], ""include_ingredients_ru"": [""тесто""], ""kind"": ""dish""}",,"Подбери ровно 5 блюд, где есть «тесто», при этом нет «сыр»."
dishes_l3_00192,dishes,L3,dishes_adv_ing_not,"{""ingredient_label_ru"": ""пшеничная мука"", ""ingredient_qid"": ""Q2249305"", ""not_ingredient_label_ru"": ""курица"", ""not_ingredient_qid"": ""Q1033"", ""source_dataset"": ""wikidata""}","{""exclude_ingredients_ru"": [""курица""], ""include_ingredients_ru"": [""пшеничная мука""], ""kind"": ""dish""}",,"Подбери ровно 5 блюд, где есть «пшеничная мука», при этом нет «курица»."
dishes_l3_00194,dishes,L3,dishes_adv_ing_not,"{""ingredient_label_ru"": ""пряности"", ""ingredient_qid"": ""Q42527"", ""not_ingredient_label_ru"": ""яйцо"", ""not_ingredient_qid"": ""Q185144"", ""source_dataset"": ""wikidata""}","{""exclude_ingredients_ru"": [""яйцо""], ""include_ingredients_ru"": [""пряности""], ""kind"": ""dish""}",,"Подбери ровно 5 блюд, где есть «пряности», при этом нет «яйцо»."
dishes_l3_00196,dishes,L3,dishes_adv_ing_not,"{""ingredient_label_ru"": ""миндаль"", ""ingredient_qid"": ""Q184357"", ""not_ingredient_label_ru"": ""говядина"", ""not_ingredient_qid"": ""Q83364"", ""source_dataset"": ""wikidata""}","{""exclude_ingredients_ru"": [""говядина""], ""include_ingredients_ru"": [""миндаль""], ""kind"": ""dish""}",,"Подбери ровно 5 блюд, где есть «миндаль», при этом нет «говядина»."
dishes_l3_00198,dishes,L3,dishes_adv_ing_not,"{""ingredient_label_ru"": ""зелень"", ""ingredient_qid"": ""Q207123"", ""not_ingredient_label_ru"": ""курица"", ""not_ingredient_qid"": ""Q1033"", ""source_dataset"": ""wikidata""}","{""exclude_ingredients_ru"": [""курица""], ""include_ingredients_ru"": [""зелень""], ""kind"": ""dish""}",,"Подбери ровно 5 блюд, где есть «зелень», при этом нет «курица»."
dishes_l3_00200,dishes,L3,dishes_adv_ing_not,"{""ingredient_label_ru"": ""растительное масло"", ""ingredient_qid"": ""Q4739805"", ""not_ingredient_label_ru"": ""сыр"", ""not_ingredient_qid"": ""Q10990"", ""source_dataset"": ""wikidata""}","{""exclude_ingredients_ru"": [""сыр""], ""include_ingredients_ru"": [""растительное масло""], ""kind"": ""dish""}",,"Подбери ровно 5 блюд, где есть «растительное масло», при этом нет «сыр»."
dishes_l3_00202,dishes,L3,dishes_adv_ing_not,"{""ingredient_label_ru"": ""помидор"", ""ingredient_qid"": ""Q20638126"", ""not_ingredient_label_ru"": ""свинина"", ""not_ingredient_qid"": ""Q42555"", ""source_dataset"": ""wikidata""}","{""exclude_ingredients_ru"": [""свинина""], ""include_ingredients_ru"": [""помидор""], ""kind"": ""dish""}",,"Подбери ровно 5 блюд, где есть «помидор», при этом нет «свинина»."
dishes_l3_00204,dishes,L3,dishes_adv_ing_not,"{""ingredient_label_ru"": ""кокосовое молоко"", ""ingredient_qid"": ""Q841779"", ""not_ingredient_label_ru"": ""яйцо"", ""not_ingredient_qid"": ""Q185144"", ""source_dataset"": ""wikidata""}","{""exclude_ingredients_ru"": [""яйцо""], ""include_ingredients_ru"": [""кокосовое молоко""], ""kind"": ""dish""}",,"Подбери ровно 5 блюд, где есть «кокосовое молоко», при этом нет «яйцо»."
dishes_l3_00206,dishes,L3,dishes_adv_ing_not,"{""ingredient_label_ru"": ""лук"", ""ingredient_qid"": ""Q49391"", ""not_ingredient_label_ru"": ""рыба"", ""not_ingredient_qid"": ""Q152"", ""source_dataset"": ""wikidata""}","{""exclude_ingredients_ru"": [""рыба""], ""include_ingredients_ru"": [""лук""], ""kind"": ""dish""}",,"Подбери ровно 5 блюд, где есть «лук», при этом нет «рыба»."
dishes_l4_00178,dishes,L4,dishes_adv_multihop_not,"{""continent_label_ru"": ""Европа"", ""continent_qid"": ""Q46"", ""ingredient_label_ru"": ""шампиньон"", ""ingredient_qid"": ""Q390456"", ""not_ingredient_label_ru"": ""рыба"", ""not_ingredient_qid"": ""Q152"", ""source_dataset"": ""wikidata""}","{""country_ru"": ""происхождения находится в регионе «Европа"", ""exclude_ingredients_ru"": [""рыба""], ""include_ingredients_ru"": [""шампиньон""], ""kind"": ""dish"", ""region_ru"": ""Европа""}",,"Подбери ровно 5 блюд, где есть «шампиньон», при этом нет «рыба», а страна происхождения находится в регионе «Европа»."
dishes_l4_00182,dishes,L4,dishes_adv_multihop_not,"{""continent_label_ru"": ""Европа"", ""continent_qid"": ""Q46"", ""ingredient_label_ru"": ""перец стручковый"", ""ingredient_qid"": ""Q1380"", ""not_ingredient_label_ru"": ""рис"", ""not_ingredient_qid"": ""Q54872"", ""source_dataset"": ""wikidata""}","{""country_ru"": ""происхождения находится в регионе «Европа"", ""exclude_ingredients_ru"": [""рис""], ""include_ingredients_ru"": [""перец стручковый""], ""kind"": ""dish"", ""region_ru"": ""Европа""}",,"Подбери ровно 5 блюд, где есть «перец стручковый», при этом нет «рис», а страна происхождения находится в регионе «Европа»."
dishes_l4_00184,dishes,L4,dishes_adv_multihop_not,"{""continent_label_ru"": ""Европа"", ""continent_qid"": ""Q46"", ""ingredient_label_ru"": ""масло"", ""ingredient_qid"": ""Q42962"", ""not_ingredient_label_ru"": ""томат"", ""not_ingredient_qid"": ""Q178"", ""source_dataset"": ""wikidata""}","{""country_ru"": ""происхождения находится в регионе «Европа"", ""exclude_ingredients_ru"": [""томат""], ""include_ingredients_ru"": [""масло""], ""kind"": ""dish"", ""region_ru"": ""Европа""}",,"Подбери ровно 5 блюд, где есть «масло», при этом нет «томат», а страна происхождения находится в регионе «Европа»."
dishes_l4_00188,dishes,L4,dishes_adv_multihop_not,"{""continent_label_ru"": ""Северная Америка"", ""continent_qid"": ""Q49"", ""ingredient_label_ru"": ""бобы"", ""ingredient_qid"": ""Q379813"", ""not_ingredient_label_ru"": ""рис"", ""not_ingredient_qid"": ""Q54872"", ""source_dataset"": ""wikidata""}","{""country_ru"": ""происхождения находится в регионе «Северная Америка"", ""exclude_ingredients_ru"": [""рис""], ""include_ingredients_ru"": [""бобы""], ""kind"": ""dish"", ""region_ru"": ""Северная Америка""}",,"Подбери ровно 5 блюд, где есть «бобы», при этом нет «рис», а страна происхождения находится в регионе «Северная Америка»."
dishes_l4_00190,dishes,L4,dishes_adv_multihop_not,"{""continent_label_ru"": ""Северная Америка"", ""continent_qid"": ""Q49"", ""ingredient_label_ru"": ""ананас"", ""ingredient_qid"": ""Q10817602"", ""not_ingredient_label_ru"": ""картофель"", ""not_ingredient_qid"": ""Q10998"", ""source_dataset"": ""wikidata""}","{""country_ru"": ""происхождения находится в регионе «Северная Америка"", ""exclude_ingredients_ru"": [""картофель""], ""include_ingredients_ru"": [""ананас""], ""kind"": ""dish"", ""region_ru"": ""Северная Америка""}",,"Подбери ровно 5 блюд, где есть «ананас», при этом нет «картофель», а страна происхождения находится в регионе «Северная Америка»."
dishes_l4_00192,dishes,L4,dishes_adv_multihop_not,"{""continent_label_ru"": ""Европа"", ""continent_qid"": ""Q46"", ""ingredient_label_ru"": ""карамель"", ""ingredient_qid"": ""Q183440"", ""not_ingredient_label_ru"": ""картофель"", ""not_ingredient_qid"": ""Q10998"", ""source_dataset"": ""wikidata""}","{""country_ru"": ""происхождения находится в регионе «Европа"", ""exclude_ingredients_ru"": [""картофель""], ""include_ingredients_ru"": [""карамель""], ""kind"": ""dish"", ""region_ru"": ""Европа""}",,"Подбери ровно 5 блюд, где есть «карамель», при этом нет «картофель», а страна происхождения находится в регионе «Европа»."
dishes_l4_00194,dishes,L4,dishes_adv_multihop_not,"{""continent_label_ru"": ""Азия"", ""continent_qid"": ""Q48"", ""ingredient_label_ru"": ""картофель"", ""ingredient_qid"": ""Q10998"", ""not_ingredient_label_ru"": ""яйцо"", ""not_ingredient_qid"": ""Q185144"", ""source_dataset"": ""wikidata""}","{""country_ru"": ""происхождения находится в регионе «Азия"", ""exclude_ingredients_ru"": [""яйцо""], ""include_ingredients_ru"": [""картофель""], ""kind"": ""dish"", ""region_ru"": ""Азия""}",,"Подбери ровно 5 блюд, где есть «картофель», при этом нет «яйцо», а страна происхождения находится в регионе «Азия»."
dishes_l4_00196,dishes,L4,dishes_adv_multihop_not,"{""continent_label_ru"": ""Азия"", ""continent_qid"": ""Q48"", ""ingredient_label_ru"": ""Пекарский порошок"", ""ingredient_qid"": ""Q29476"", ""not_ingredient_label_ru"": ""курица"", ""not_ingredient_qid"": ""Q1033"", ""source_dataset"": ""wikidata""}","{""country_ru"": ""происхождения находится в регионе «Азия"", ""exclude_ingredients_ru"": [""курица""], ""include_ingredients_ru"": [""Пекарский порошок""], ""kind"": ""dish"", ""region_ru"": ""Азия""}",,"Подбери ровно 5 блюд, где есть «Пекарский порошок», при этом нет «курица», а страна происхождения находится в регионе «Азия»."
dishes_l4_00198,dishes,L4,dishes_adv_multihop_not,"{""continent_label_ru"": ""Азия"", ""continent_qid"": ""Q48"", ""ingredient_label_ru"": ""тапиока"", ""ingredient_qid"": ""Q873761"", ""not_ingredient_label_ru"": ""томат"", ""not_ingredient_qid"": ""Q178"", ""source_dataset"": ""wikidata""}","{""country_ru"": ""происхождения находится в регионе «Азия"", ""exclude_ingredients_ru"": [""томат""], ""include_ingredients_ru"": [""тапиока""], ""kind"": ""dish"", ""region_ru"": ""Азия""}",,"Подбери ровно 5 блюд, где есть «тапиока», при этом нет «томат», а страна происхождения находится в регионе «Азия»."
dishes_l4_00200,dishes,L4,dishes_adv_multihop_not,"{""continent_label_ru"": ""Азия"", ""continent_qid"": ""Q48"", ""ingredient_label_ru"": ""ground beef"", ""ingredient_qid"": ""Q3408258"", ""not_ingredient_label_ru"": ""рис"", ""not_ingredient_qid"": ""Q54872"", ""source_dataset"": ""wikidata""}","{""country_ru"": ""происхождения находится в регионе «Азия"", ""exclude_ingredients_ru"": [""рис""], ""include_ingredients_ru"": [""фарш""], ""kind"": ""dish"", ""region_ru"": ""Азия""}",,"Подбери ровно 5 блюд, где есть «фарш», при этом нет «рис», а страна происхождения находится в регионе «Азия»."
dishes_l4_00202,dishes,L4,dishes_adv_multihop_not,"{""continent_label_ru"": ""Северная Америка"", ""continent_qid"": ""Q49"", ""ingredient_label_ru"": ""мука"", ""ingredient_qid"": ""Q36465"", ""not_ingredient_label_ru"": ""сыр"", ""not_ingredient_qid"": ""Q10990"", ""source_dataset"": ""wikidata""}","{""country_ru"": ""происхождения находится в регионе «Северная Америка"", ""exclude_ingredients_ru"": [""сыр""], ""include_ingredients_ru"": [""мука""], ""kind"": ""dish"", ""region_ru"": ""Северная Америка""}",,"Подбери ровно 5 блюд, где есть «мука», при этом нет «сыр», а страна происхождения находится в регионе «Северная Америка»."
dishes_l4_00204,dishes,L4,dishes_adv_multihop_not,"{""continent_label_ru"": ""Азия"", ""continent_qid"": ""Q48"", ""ingredient_label_ru"": ""Пекарский порошок"", ""ingredient_qid"": ""Q29476"", ""not_ingredient_label_ru"": ""картофель"", ""not_ingredient_qid"": ""Q10998"", ""source_dataset"": ""wikidata""}","{""country_ru"": ""происхождения находится в регионе «Азия"", ""exclude_ingredients_ru"": [""картофель""], ""include_ingredients_ru"": [""Пекарский порошок""], ""kind"": ""dish"", ""region_ru"": ""Азия""}",,"Подбери ровно 5 блюд, где есть «Пекарский порошок», при этом нет «картофель», а страна происхождения находится в регионе «Азия»."
dishes_l4_00206,dishes,L4,dishes_adv_multihop_not,"{""continent_label_ru"": ""Европа"", ""continent_qid"": ""Q46"", ""ingredient_label_ru"": ""корица"", ""ingredient_qid"": ""Q28165"", ""not_ingredient_label_ru"": ""рыба"", ""not_ingredient_qid"": ""Q152"", ""source_dataset"": ""wikidata""}","{""country_ru"": ""происхождения находится в регионе «Европа"", ""exclude_ingredients_ru"": [""рыба""], ""include_ingredients_ru"": [""корица""], ""kind"": ""dish"", ""region_ru"": ""Европа""}",,"Подбери ровно 5 блюд, где есть «корица», при этом нет «рыба», а страна происхождения находится в регионе «Европа»."
dishes_l4_00208,dishes,L4,dishes_adv_multihop_not,"{""continent_label_ru"": ""Азия"", ""continent_qid"": ""Q48"", ""ingredient_label_ru"": ""лавровый лист"", ""ingredient_qid"": ""Q2370943"", ""not_ingredient_label_ru"": ""говядина"", ""not_ingredient_qid"": ""Q83364"", ""source_dataset"": ""wikidata""}","{""country_ru"": ""происхождения находится в регионе «Азия"", ""exclude_ingredients_ru"": [""говядина""], ""include_ingredients_ru"": [""лавровый лист""], ""kind"": ""dish"", ""region_ru"": ""Азия""}",,"Подбери ровно 5 блюд, где есть «лавровый лист», при этом нет «говядина», а страна происхождения находится в регионе «Азия»."
dishes_l4_00210,dishes,L4,dishes_adv_multihop_not,"{""continent_label_ru"": ""Азия"", ""continent_qid"": ""Q48"", ""ingredient_label_ru"": ""lahpet"", ""ingredient_qid"": ""Q52666405"", ""not_ingredient_label_ru"": ""картофель"", ""not_ingredient_qid"": ""Q10998"", ""source_dataset"": ""wikidata""}","{""country_ru"": ""происхождения находится в регионе «Азия"", ""exclude_ingredients_ru"": [""картофель""], ""include_ingredients_ru"": [""lahpet""], ""kind"": ""dish"", ""region_ru"": ""Азия""}",,"Подбери ровно 5 блюд, где есть «lahpet», при этом нет «картофель», а страна происхождения находится в регионе «Азия»."
dishes_l4_00212,dishes,L4,dishes_adv_multihop_not,"{""continent_label_ru"": ""Европа"", ""continent_qid"": ""Q46"", ""ingredient_label_ru"": ""морковь"", ""ingredient_qid"": ""Q81"", ""not_ingredient_label_ru"": ""сыр"", ""not_ingredient_qid"": ""Q10990"", ""source_dataset"": ""wikidata""}","{""country_ru"": ""происхождения находится в регионе «Европа"", ""exclude_ingredients_ru"": [""сыр""], ""include_ingredients_ru"": [""морковь""], ""kind"": ""dish"", ""region_ru"": ""Европа""}",,"Подбери ровно 5 блюд, где есть «морковь», при этом нет «сыр», а страна происхождения находится в регионе «Европа»."
dishes_l4_00214,dishes,L4,dishes_adv_multihop_not,"{""continent_label_ru"": ""Азия"", ""continent_qid"": ""Q48"", ""ingredient_label_ru"": ""баранина"", ""ingredient_qid"": ""Q14566073"", ""not_ingredient_label_ru"": ""рыба"", ""not_ingredient_qid"": ""Q152"", ""source_dataset"": ""wikidata""}","{""country_ru"": ""происхождения находится в регионе «Азия"", ""exclude_ingredients_ru"": [""рыба""], ""include_ingredients_ru"": [""баранина""], ""kind"": ""dish"", ""region_ru"": ""Азия""}",,"Подбери ровно 5 блюд, где есть «баранина», при этом нет «рыба», а страна происхождения находится в регионе «Азия»."
dishes_l4_00216,dishes,L4,dishes_adv_multihop_not,"{""continent_label_ru"": ""Европа"", ""continent_qid"": ""Q46"", ""ingredient_label_ru"": ""сливки"", ""ingredient_qid"": ""Q13228"", ""not_ingredient_label_ru"": ""говядина"", ""not_ingredient_qid"": ""Q83364"", ""source_dataset"": ""wikidata""}","{""country_ru"": ""происхождения находится в регионе «Европа"", ""exclude_ingredients_ru"": [""говядина""], ""include_ingredients_ru"": [""сливки""], ""kind"": ""dish"", ""region_ru"": ""Европа""}",,"Подбери ровно 5 блюд, где есть «сливки», при этом нет «говядина», а страна происхождения находится в регионе «Европа»."
dishes_l4_00218,dishes,L4,dishes_adv_multihop_not,"{""continent_label_ru"": ""Африка"", ""continent_qid"": ""Q15"", ""ingredient_label_ru"": ""орех"", ""ingredient_qid"": ""Q11009"", ""not_ingredient_label_ru"": ""говядина"", ""not_ingredient_qid"": ""Q83364"", ""source_dataset"": ""wikidata""}","{""country_ru"": ""происхождения находится в регионе «Африка"", ""exclude_ingredients_ru"": [""говядина""], ""include_ingredients_ru"": [""орех""], ""kind"": ""dish"", ""region_ru"": ""Африка""}",,"Подбери ровно 5 блюд, где есть «орех», при этом нет «говядина», а страна происхождения находится в регионе «Африка»."
dishes_l5_00200,dishes,L5,dishes_adv_two_ing_not_multihop,"{""continent_label_ru"": ""Азия"", ""continent_qid"": ""Q48"", ""ingredient2_label_ru"": ""рыба"", ""ingredient2_qid"": ""Q152"", ""ingredient_label_ru"": ""лук"", ""ingredient_qid"": ""Q3406628"", ""not_ingredient_label_ru"": ""рис"", ""not_ingredient_qid"": ""Q54872"", ""source_dataset"": ""wikidata""}","{""country_ru"": ""происхождения находится в регионе «Азия"", ""exclude_ingredients_ru"": [""рис""], ""kind"": ""dish"", ""region_ru"": ""Азия""}",ingredient_include_or_exclude_maybe_missing,"Подбери ровно 5 блюд, где одновременно есть «лук» и «рыба», при этом нет «рис», а страна происхождения находится в регионе «Азия»."
dishes_l5_00202,dishes,L5,dishes_adv_two_ing_not_multihop,"{""continent_label_ru"": ""Европа"", ""continent_qid"": ""Q46"", ""ingredient2_label_ru"": ""сыр"", ""ingredient2_qid"": ""Q10990"", ""ingredient_label_ru"": ""сливочное масло"", ""ingredient_qid"": ""Q34172"", ""not_ingredient_label_ru"": ""томат"", ""not_ingredient_qid"": ""Q178"", ""source_dataset"": ""wikidata""}","{""country_ru"": ""происхождения находится в регионе «Европа"", ""exclude_ingredients_ru"": [""томат""], ""kind"": ""dish"", ""region_ru"": ""Европа""}",ingredient_include_or_exclude_maybe_missing,"Подбери ровно 5 блюд, где одновременно есть «сливочное масло» и «сыр», при этом нет «томат», а страна происхождения находится в регионе «Европа»."
dishes_l5_00204,dishes,L5,dishes_adv_two_ing_not_multihop,"{""continent_label_ru"": ""Европа"", ""continent_qid"": ""Q46"", ""ingredient2_label_ru"": ""сыр"", ""ingredient2_qid"": ""Q10990"", ""ingredient_label_ru"": ""оливковое масло"", ""ingredient_qid"": ""Q93165"", ""not_ingredient_label_ru"": ""рис"", ""not_ingredient_qid"": ""Q54872"", ""source_dataset"": ""wikidata""}","{""country_ru"": ""происхождения находится в регионе «Европа"", ""exclude_ingredients_ru"": [""рис""], ""kind"": ""dish"", ""region_ru"": ""Европа""}",ingredient_include_or_exclude_maybe_missing,"Подбери ровно 5 блюд, где одновременно есть «оливковое масло» и «сыр», при этом нет «рис», а страна происхождения находится в регионе «Европа»."
dishes_l5_00206,dishes,L5,dishes_adv_two_ing_not_multihop,"{""continent_label_ru"": ""Азия"", ""continent_qid"": ""Q48"", ""ingredient2_label_ru"": ""рыба"", ""ingredient2_qid"": ""Q152"", ""ingredient_label_ru"": ""говядина"", ""ingredient_qid"": ""Q192628"", ""not_ingredient_label_ru"": ""рис"", ""not_ingredient_qid"": ""Q54872"", ""source_dataset"": ""wikidata""}","{""country_ru"": ""происхождения находится в регионе «Азия"", ""exclude_ingredients_ru"": [""рис""], ""kind"": ""dish"", ""region_ru"": ""Азия""}",ingredient_include_or_exclude_maybe_missing,"Подбери ровно 5 блюд, где одновременно есть «говядина» и «рыба», при этом нет «рис», а страна происхождения находится в регионе «Азия»."
dishes_l5_00208,dishes,L5,dishes_adv_two_ing_not_multihop,"{""continent_label_ru"": ""Азия"", ""continent_qid"": ""Q48"", ""ingredient2_label_ru"": ""картофель"", ""ingredient2_qid"": ""Q10998"", ""ingredient_label_ru"": ""сыр"", ""ingredient_qid"": ""Q10943"", ""not_ingredient_label_ru"": ""говядина"", ""not_ingredient_qid"": ""Q83364"", ""source_dataset"": ""wikidata""}","{""country_ru"": ""происхождения находится в регионе «Азия"", ""exclude_ingredients_ru"": [""говядина""], ""kind"": ""dish"", ""region_ru"": ""Азия""}",ingredient_include_or_exclude_maybe_missing,"Подбери ровно 5 блюд, где одновременно есть «сыр» и «картофель», при этом нет «говядина», а страна происхождения находится в регионе «Азия»."
dishes_l5_00210,dishes,L5,dishes_adv_two_ing_not_multihop,"{""continent_label_ru"": ""Азия"", ""continent_qid"": ""Q48"", ""ingredient2_label_ru"": ""картофель"", ""ingredient2_qid"": ""Q10998"", ""ingredient_label_ru"": ""яйцо"", ""ingredient_qid"": ""Q17147"", ""not_ingredient_label_ru"": ""курица"", ""not_ingredient_qid"": ""Q1033"", ""source_dataset"": ""wikidata""}","{""country_ru"": ""происхождения находится в регионе «Азия"", ""exclude_ingredients_ru"": [""курица""], ""kind"": ""dish"", ""region_ru"": ""Азия""}",ingredient_include_or_exclude_maybe_missing,"Подбери ровно 5 блюд, где одновременно есть «яйцо» и «картофель», при этом нет «курица», а страна происхождения находится в регионе «Азия»."
dishes_l5_00212,dishes,L5,dishes_adv_two_ing_not_multihop,"{""continent_label_ru"": ""Европа"", ""continent_qid"": ""Q46"", ""ingredient2_label_ru"": ""сыр"", ""ingredient2_qid"": ""Q10990"", ""ingredient_label_ru"": ""горох"", ""ingredient_qid"": ""Q25237"", ""not_ingredient_label_ru"": ""яйцо"", ""not_ingredient_qid"": ""Q185144"", ""source_dataset"": ""wikidata""}","{""country_ru"": ""происхождения находится в регионе «Европа"", ""exclude_ingredients_ru"": [""яйцо""], ""kind"": ""dish"", ""region_ru"": ""Европа""}",ingredient_include_or_exclude_maybe_missing,"Подбери ровно 5 блюд, где одновременно есть «горох» и «сыр», при этом нет «яйцо», а страна происхождения находится в регионе «Европа»."
dishes_l5_00214,dishes,L5,dishes_adv_two_ing_not_multihop,"{""continent_label_ru"": ""Европа"", ""continent_qid"": ""Q46"", ""ingredient2_label_ru"": ""картофель"", ""ingredient2_qid"": ""Q10998"", ""ingredient_label_ru"": ""лук"", ""ingredient_qid"": ""Q3406628"", ""not_ingredient_label_ru"": ""сыр"", ""not_ingredient_qid"": ""Q10990"", ""source_dataset"": ""wikidata""}","{""country_ru"": ""происхождения находится в регионе «Европа"", ""exclude_ingredients_ru"": [""сыр""], ""kind"": ""dish"", ""region_ru"": ""Европа""}",ingredient_include_or_exclude_maybe_missing,"Подбери ровно 5 блюд, где одновременно есть «лук» и «картофель», при этом нет «сыр», а страна происхождения находится в регионе «Европа»."
dishes_l5_00216,dishes,L5,dishes_adv_two_ing_not_multihop,"{""continent_label_ru"": ""Европа"", ""continent_qid"": ""Q46"", ""ingredient2_label_ru"": ""сыр"", ""ingredient2_qid"": ""Q10990"", ""ingredient_label_ru"": ""шампиньон"", ""ingredient_qid"": ""Q390456"", ""not_ingredient_label_ru"": ""говядина"", ""not_ingredient_qid"": ""Q83364"", ""source_dataset"": ""wikidata""}","{""country_ru"": ""происхождения находится в регионе «Европа"", ""exclude_ingredients_ru"": [""говядина""], ""kind"": ""dish"", ""region_ru"": ""Европа""}",ingredient_include_or_exclude_maybe_missing,"Подбери ровно 5 блюд, где одновременно есть «шампиньон» и «сыр», при этом нет «говядина», а страна происхождения находится в регионе «Европа»."
dishes_l5_00218,dishes,L5,dishes_adv_two_ing_not_multihop,"{""continent_label_ru"": ""Европа"", ""continent_qid"": ""Q46"", ""ingredient2_label_ru"": ""картофель"", ""ingredient2_qid"": ""Q10998"", ""ingredient_label_ru"": ""майонез"", ""ingredient_qid"": ""Q167893"", ""not_ingredient_label_ru"": ""томат"", ""not_ingredient_qid"": ""Q178"", ""source_dataset"": ""wikidata""}","{""country_ru"": ""происхождения находится в регионе «Европа"", ""exclude_ingredients_ru"": [""томат""], ""kind"": ""dish"", ""region_ru"": ""Европа""}",ingredient_include_or_exclude_maybe_missing,"Подбери ровно 5 блюд, где одновременно есть «майонез» и «картофель», при этом нет «томат», а страна происхождения находится в регионе «Европа»."
dishes_l5_00220,dishes,L5,dishes_adv_two_ing_not_multihop,"{""continent_label_ru"": ""Европа"", ""continent_qid"": ""Q46"", ""ingredient2_label_ru"": ""сыр"", ""ingredient2_qid"": ""Q10990"", ""ingredient_label_ru"": ""картофель"", ""ingredient_qid"": ""Q16587531"", ""not_ingredient_label_ru"": ""рис"", ""not_ingredient_qid"": ""Q54872"", ""source_dataset"": ""wikidata""}","{""country_ru"": ""происхождения находится в регионе «Европа"", ""exclude_ingredients_ru"": [""рис""], ""kind"": ""dish"", ""region_ru"": ""Европа""}",ingredient_include_or_exclude_maybe_missing,"Подбери ровно 5 блюд, где одновременно есть «картофель» и «сыр», при этом нет «рис», а страна происхождения находится в регионе «Европа»."
dishes_l5_00222,dishes,L5,dishes_adv_two_ing_not_multihop,"{""continent_label_ru"": ""Европа"", ""continent_qid"": ""Q46"", ""ingredient2_label_ru"": ""рыба"", ""ingredient2_qid"": ""Q152"", ""ingredient_label_ru"": ""рыба"", ""ingredient_qid"": ""Q600396"", ""not_ingredient_label_ru"": ""яйцо"", ""not_ingredient_qid"": ""Q185144"", ""source_dataset"": ""wikidata""}","{""country_ru"": ""происхождения находится в регионе «Европа"", ""exclude_ingredients_ru"": [""яйцо""], ""kind"": ""dish"", ""region_ru"": ""Европа""}",ingredient_include_or_exclude_maybe_missing,"Подбери ровно 5 блюд, где одновременно есть «рыба» и томат, при этом нет «яйцо», а страна происхождения находится в регионе «Европа»."
dishes_l5_00224,dishes,L5,dishes_adv_two_ing_not_multihop,"{""continent_label_ru"": ""Европа"", ""continent_qid"": ""Q46"", ""ingredient2_label_ru"": ""картофель"", ""ingredient2_qid"": ""Q10998"", ""ingredient_label_ru"": ""молоко"", ""ingredient_qid"": ""Q8495"", ""not_ingredient_label_ru"": ""томат"", ""not_ingredient_qid"": ""Q178"", ""source_dataset"": ""wikidata""}","{""country_ru"": ""происхождения находится в регионе «Европа"", ""exclude_ingredients_ru"": [""томат""], ""kind"": ""dish"", ""region_ru"": ""Европа""}",ingredient_include_or_exclude_maybe_missing,"Подбери ровно 5 блюд, где одновременно есть «молоко» и «картофель», при этом нет «томат», а страна происхождения находится в регионе «Европа»."
dishes_l5_00226,dishes,L5,dishes_adv_two_ing_not_multihop,"{""continent_label_ru"": ""Африка"", ""continent_qid"": ""Q15"", ""ingredient2_label_ru"": ""сыр"", ""ingredient2_qid"": ""Q10990"", ""ingredient_label_ru"": ""морковь"", ""ingredient_qid"": ""Q81"", ""not_ingredient_label_ru"": ""томат"", ""not_ingredient_qid"": ""Q178"", ""source_dataset"": ""wikidata""}","{""country_ru"": ""происхождения находится в регионе «Средний Восток"", ""exclude_ingredients_ru"": [""томат""], ""kind"": ""dish"", ""region_ru"": ""Африка""}",ingredient_include_or_exclude_maybe_missing,"Подбери ровно 5 блюд, где одновременно есть «морковь» и «сыр», при этом нет «томат», а страна происхождения находится в регионе «Средний Восток»."
dishes_l5_00228,dishes,L5,dishes_adv_two_ing_not_multihop,"{""continent_label_ru"": ""Африка"", ""continent_qid"": ""Q15"", ""ingredient2_label_ru"": ""картофель"", ""ingredient2_qid"": ""Q10998"", ""ingredient_label_ru"": ""морковь"", ""ingredient_qid"": ""Q81"", ""not_ingredient_label_ru"": ""говядина"", ""not_ingredient_qid"": ""Q83364"", ""source_dataset"": ""wikidata""}","{""country_ru"": ""происхождения находится в регионе «Средний Восток"", ""exclude_ingredients_ru"": [""говядина""], ""kind"": ""dish"", ""region_ru"": ""Африка""}",ingredient_include_or_exclude_maybe_missing,"Подбери ровно 5 блюд, где одновременно есть «морковь» и «картофель», при этом нет «говядина», а страна происхождения находится в регионе «Средний Восток»."
spacecraft_l1_0150,spacecraft,L1,,"{""country_qid"": null, ""country_ru"": null, ""manufacturer_qid"": ""Q189325"", ""manufacturer_ru"": ""Лаборатория реактивного движения"", ""operator_qid"": ""Q23548"", ""operator_ru"": ""НАСА"", ""source_dataset"": ""wikidata"", ""year_from"": null, ""year_to"": null}","{""kind"": ""spacecraft"", ""manufacturer_ru"": ""Лаборатория реактивного движения"", ""operator_ru"": ""НАСА""}",,"Назови 5 космических аппаратов, производителя: Лаборатория реактивного движения, оператора: НАСА."
sports_clubs_l1_0150,sports_clubs,L1,,"{""country_qid"": ""Q183"", ""country_ru"": ""Германия"", ""league_qid"": null, ""league_ru"": null, ""source_dataset"": ""wikidata"", ""sport_qid"": ""Q2736"", ""sport_ru"": ""футбол"", ""year_from"": null, ""year_to"": null}","{""country_ru"": ""Германия""}",no_domain_cleaner:sports_clubs,"Назови 5 спортивных клубов, по виду спорта: футбол, в стране: Германия."
sports_clubs_l1_0152,sports_clubs,L1,,"{""country_qid"": ""Q38"", ""country_ru"": ""Италия"", ""league_qid"": null, ""league_ru"": null, ""source_dataset"": ""wikidata"", ""sport_qid"": ""Q2736"", ""sport_ru"": ""футбол"", ""year_from"": null, ""year_to"": null}","{""country_ru"": ""Италия""}",no_domain_cleaner:sports_clubs,"Назови 5 спортивных клубов, по виду спорта: футбол, в стране: Италия."
sports_clubs_l1_0156,sports_clubs,L1,,"{""country_qid"": ""Q29"", ""country_ru"": ""Испания"", ""league_qid"": null, ""league_ru"": null, ""source_dataset"": ""wikidata"", ""sport_qid"": ""Q2736"", ""sport_ru"": ""футбол"", ""year_from"": null, ""year_to"": null}","{""country_ru"": ""Испания""}",no_domain_cleaner:sports_clubs,"Назови 5 спортивных клубов, по виду спорта: футбол, в стране: Испания."
sports_clubs_l1_0158,sports_clubs,L1,,"{""country_qid"": ""Q30"", ""country_ru"": ""США"", ""league_qid"": null, ""league_ru"": null, ""source_dataset"": ""wikidata"", ""sport_qid"": ""Q2736"", ""sport_ru"": ""футбол"", ""year_from"": null, ""year_to"": null}","{""country_ru"": ""США""}",no_domain_cleaner:sports_clubs,"Назови 5 спортивных клубов, по виду спорта: футбол, в стране: США."
sports_clubs_l1_0162,sports_clubs,L1,,"{""country_qid"": ""Q218"", ""country_ru"": ""Румыния"", ""league_qid"": null, ""league_ru"": null, ""source_dataset"": ""wikidata"", ""sport_qid"": ""Q2736"", ""sport_ru"": ""футбол"", ""year_from"": null, ""year_to"": null}","{""country_ru"": ""Румыния""}",no_domain_cleaner:sports_clubs,"Назови 5 спортивных клубов, по виду спорта: футбол, в стране: Румыния."
sports_clubs_l1_0164,sports_clubs,L1,,"{""country_qid"": ""Q145"", ""country_ru"": ""Великобритания"", ""league_qid"": null, ""league_ru"": null, ""source_dataset"": ""wikidata"", ""sport_qid"": ""Q2736"", ""sport_ru"": ""футбол"", ""year_from"": null, ""year_to"": null}","{""country_ru"": ""Великобритания""}",no_domain_cleaner:sports_clubs,"Назови 5 спортивных клубов, по виду спорта: футбол, в стране: Великобритания."
sports_clubs_l1_0166,sports_clubs,L1,,"{""country_qid"": ""Q17"", ""country_ru"": ""Япония"", ""league_qid"": null, ""league_ru"": null, ""source_dataset"": ""wikidata"", ""sport_qid"": ""Q2736"", ""sport_ru"": ""футбол"", ""year_from"": null, ""year_to"": null}","{""country_ru"": ""Япония""}",no_domain_cleaner:sports_clubs,"Назови 5 спортивных клубов, по виду спорта: футбол, в стране: Япония."
sports_clubs_l1_0168,sports_clubs,L1,,"{""country_qid"": ""Q183"", ""country_ru"": ""Германия"", ""league_qid"": null, ""league_ru"": null, ""source_dataset"": ""wikidata"", ""sport_qid"": ""Q1734"", ""sport_ru"": ""волейбол"", ""year_from"": null, ""year_to"": null}","{""country_ru"": ""Германия""}",no_domain_cleaner:sports_clubs,"Назови 5 спортивных клубов, по виду спорта: волейбол, в стране: Германия."
sports_clubs_l1_0170,sports_clubs,L1,,"{""country_qid"": ""Q159"", ""country_ru"": ""Россия"", ""league_qid"": null, ""league_ru"": null, ""source_dataset"": ""wikidata"", ""sport_qid"": ""Q5372"", ""sport_ru"": ""баскетбол"", ""year_from"": null, ""year_to"": null}","{""country_ru"": ""Россия""}",no_domain_cleaner:sports_clubs,"Назови 5 спортивных клубов, по виду спорта: баскетбол, в стране: Россия."
sports_clubs_l1_0172,sports_clubs,L1,,"{""country_qid"": ""Q183"", ""country_ru"": ""Германия"", ""league_qid"": null, ""league_ru"": null, ""source_dataset"": ""wikidata"", ""sport_qid"": ""Q7291"", ""sport_ru"": ""бадминтон"", ""year_from"": null, ""year_to"": null}","{""country_ru"": ""Германия""}",no_domain_cleaner:sports_clubs,"Назови 5 спортивных клубов, по виду спорта: бадминтон, в стране: Германия."
sports_clubs_l1_0174,sports_clubs,L1,,"{""country_qid"": ""Q159"", ""country_ru"": ""Россия"", ""league_qid"": null, ""league_ru"": null, ""source_dataset"": ""wikidata"", ""sport_qid"": ""Q183018"", ""sport_ru"": ""хоккей"", ""year_from"": null, ""year_to"": null}","{""country_ru"": ""Россия""}",no_domain_cleaner:sports_clubs,"Назови 5 спортивных клубов, по виду спорта: хоккей, в стране: Россия."
sports_clubs_l1_0176,sports_clubs,L1,,"{""country_qid"": ""Q183"", ""country_ru"": ""Германия"", ""league_qid"": null, ""league_ru"": null, ""source_dataset"": ""wikidata"", ""sport_qid"": ""Q5372"", ""sport_ru"": ""баскетбол"", ""year_from"": null, ""year_to"": null}","{""country_ru"": ""Германия""}",no_domain_cleaner:sports_clubs,"Назови 5 спортивных клубов, по виду спорта: баскетбол, в стране: Германия."
sports_clubs_l1_0178,sports_clubs,L1,,"{""country_qid"": ""Q55"", ""country_ru"": ""Нидерланды"", ""league_qid"": null, ""league_ru"": null, ""source_dataset"": ""wikidata"", ""sport_qid"": ""Q2736"", ""sport_ru"": ""футбол"", ""year_from"": null, ""year_to"": null}","{""country_ru"": ""Нидерланды""}",no_domain_cleaner:sports_clubs,"Назови 5 спортивных клубов, по виду спорта: футбол, в стране: Нидерланды."
sports_clubs_l2_0165,sports_clubs,L2,,"{""country_qid"": ""Q183"", ""country_ru"": ""Германия"", ""league_qid"": ""Q82595"", ""league_ru"": ""Чемпионат Германии по футболу"", ""source_dataset"": ""wikidata"", ""sport_qid"": ""Q2736"", ""sport_ru"": ""футбол"", ""year_from"": null, ""year_to"": null}","{""country_ru"": ""Германия""}",no_domain_cleaner:sports_clubs,"Назови 5 спортивных клубов, по виду спорта: футбол, в стране: Германия, в лиге: Чемпионат Германии по футболу."
sports_clubs_l2_0167,sports_clubs,L2,,"{""country_qid"": ""Q38"", ""country_ru"": ""Италия"", ""league_qid"": ""Q830717"", ""league_ru"": ""Второй дивизион Профессиональной лиги"", ""source_dataset"": ""wikidata"", ""sport_qid"": ""Q2736"", ""sport_ru"": ""футбол"", ""year_from"": null, ""year_to"": null}","{""country_ru"": ""Италия""}",no_domain_cleaner:sports_clubs,"Назови 5 спортивных клубов, по виду спорта: футбол, в стране: Италия, в лиге: Второй дивизион Профессиональной лиги."
sports_clubs_l2_0169,sports_clubs,L2,,"{""country_qid"": ""Q142"", ""country_ru"": ""Франция"", ""league_qid"": ""Q13394"", ""league_ru"": ""Чемпионат Франции по футболу - Лига 1"", ""source_dataset"": ""wikidata"", ""sport_qid"": ""Q2736"", ""sport_ru"": ""футбол"", ""year_from"": null, ""year_to"": null}","{""country_ru"": ""Франция""}",no_domain_cleaner:sports_clubs,"Назови 5 спортивных клубов, по виду спорта: футбол, в стране: Франция, в лиге: Чемпионат Франции по футболу - Лига 1."
sports_clubs_l2_0171,sports_clubs,L2,,"{""country_qid"": ""Q142"", ""country_ru"": ""Франция"", ""league_qid"": ""Q973312"", ""league_ru"": ""Любительский чемпионат Франции 2"", ""source_dataset"": ""wikidata"", ""sport_qid"": ""Q2736"", ""sport_ru"": ""футбол"", ""year_from"": null, ""year_to"": null}","{""country_ru"": ""Франция""}",no_domain_cleaner:sports_clubs,"Назови 5 спортивных клубов, по виду спорта: футбол, в стране: Франция, в лиге: Любительский чемпионат Франции 2."
sports_clubs_l2_0173,sports_clubs,L2,,"{""country_qid"": ""Q142"", ""country_ru"": ""Франция"", ""league_qid"": ""Q2331632"", ""league_ru"": ""Чемпионат Таити по футболу"", ""source_dataset"": ""wikidata"", ""sport_qid"": ""Q2736"", ""sport_ru"": ""футбол"", ""year_from"": null, ""year_to"": null}","{""country_ru"": ""Франция""}",no_domain_cleaner:sports_clubs,"Назови 5 спортивных клубов, по виду спорта: футбол, в стране: Франция, в лиге: Чемпионат Таити по футболу."
sports_clubs_l2_0175,sports_clubs,L2,,"{""country_qid"": ""Q159"", ""country_ru"": ""Россия"", ""league_qid"": ""Q182165"", ""league_ru"": ""Чемпионат России по футболу"", ""source_dataset"": ""wikidata"", ""sport_qid"": ""Q2736"", ""sport_ru"": ""футбол"", ""year_from"": null, ""year_to"": null}","{""country_ru"": ""Россия""}",no_domain_cleaner:sports_clubs,"Назови 5 спортивных клубов, по виду спорта: футбол, в стране: Россия, в лиге: Чемпионат России по футболу."
sports_clubs_l2_0177,sports_clubs,L2,,"{""country_qid"": ""Q39"", ""country_ru"": ""Швейцария"", ""league_qid"": ""Q202699"", ""league_ru"": ""Чемпионат Швейцарии по футболу"", ""source_dataset"": ""wikidata"", ""sport_qid"": ""Q2736"", ""sport_ru"": ""футбол"", ""year_from"": null, ""year_to"": null}","{""country_ru"": ""Швейцария""}",no_domain_cleaner:sports_clubs,"Назови 5 спортивных клубов, по виду спорта: футбол, в стране: Швейцария, в лиге: Чемпионат Швейцарии по футболу."
sports_clubs_l2_0179,sports_clubs,L2,,"{""country_qid"": ""Q30"", ""country_ru"": ""США"", ""league_qid"": ""Q18543"", ""league_ru"": ""MLS"", ""source_dataset"": ""wikidata"", ""sport_qid"": ""Q2736"", ""sport_ru"": ""футбол"", ""year_from"": null, ""year_to"": null}","{""country_ru"": ""США""}",no_domain_cleaner:sports_clubs,"Назови 5 спортивных клубов, по виду спорта: футбол, в стране: США, в лиге: MLS."
sports_clubs_l2_0181,sports_clubs,L2,,"{""country_qid"": ""Q145"", ""country_ru"": ""Великобритания"", ""league_qid"": ""Q218555"", ""league_ru"": ""Чемпионат Уэльса по футболу"", ""source_dataset"": ""wikidata"", ""sport_qid"": ""Q2736"", ""sport_ru"": ""футбол"", ""year_from"": null, ""year_to"": null}","{""country_ru"": ""Великобритания""}",no_domain_cleaner:sports_clubs,"Назови 5 спортивных клубов, по виду спорта: футбол, в стране: Великобритания, в лиге: Чемпионат Уэльса по футболу."
sports_clubs_l2_0183,sports_clubs,L2,,"{""country_qid"": ""Q38"", ""country_ru"": ""Италия"", ""league_qid"": ""Q677397"", ""league_ru"": ""Высший дивизион Профессиональной лиги"", ""source_dataset"": ""wikidata"", ""sport_qid"": ""Q2736"", ""sport_ru"": ""футбол"", ""year_from"": null, ""year_to"": null}","{""country_ru"": ""Италия""}",no_domain_cleaner:sports_clubs,"Назови 5 спортивных клубов, по виду спорта: футбол, в стране: Италия, в лиге: Высший дивизион Профессиональной лиги."
sports_clubs_l2_0185,sports_clubs,L2,,"{""country_qid"": ""Q145"", ""country_ru"": ""Великобритания"", ""league_qid"": ""Q58916"", ""league_ru"": ""Национальная Конференция"", ""source_dataset"": ""wikidata"", ""sport_qid"": ""Q2736"", ""sport_ru"": ""футбол"", ""year_from"": null, ""year_to"": null}","{""country_ru"": ""Великобритания""}",no_domain_cleaner:sports_clubs,"Назови 5 спортивных клубов, по виду спорта: футбол, в стране: Великобритания, в лиге: Национальная Конференция."
sports_clubs_l2_0187,sports_clubs,L2,,"{""country_qid"": ""Q183"", ""country_ru"": ""Германия"", ""league_qid"": ""Q548937"", ""league_ru"": ""региональная лига «Северо-Восток»"", ""source_dataset"": ""wikidata"", ""sport_qid"": ""Q2736"", ""sport_ru"": ""футбол"", ""year_from"": null, ""year_to"": null}","{""country_ru"": ""Германия""}",no_domain_cleaner:sports_clubs,"Назови 5 спортивных клубов, по виду спорта: футбол, в стране: Германия, в лиге: региональная лига «Северо-Восток»."
sports_clubs_l3_0179,sports_clubs,L3,,"{""country_qid"": ""Q145"", ""country_ru"": ""Великобритания"", ""league_qid"": ""Q177138"", ""league_ru"": ""Первый дивизион шотландской Футбольной лиги"", ""source_dataset"": ""wikidata"", ""sport_qid"": ""Q2736"", ""sport_ru"": ""футбол"", ""year_from"": 1850, ""year_to"": 1899}","{""country_ru"": ""Великобритания"", ""year_from"": 1850, ""year_to"": 1899}",no_domain_cleaner:sports_clubs,"Назови 5 спортивных клубов, по виду спорта: футбол, в стране: Великобритания, в лиге: Первый дивизион шотландской Футбольной лиги, основанные в период 1850–1899."
sports_clubs_l3_0181,sports_clubs,L3,,"{""country_qid"": ""Q142"", ""country_ru"": ""Франция"", ""league_qid"": ""Q13394"", ""league_ru"": ""Чемпионат Франции по футболу - Лига 1"", ""source_dataset"": ""wikidata"", ""sport_qid"": ""Q2736"", ""sport_ru"": ""футбол"", ""year_from"": 1950, ""year_to"": 1999}","{""country_ru"": ""Франция"", ""year_from"": 1950, ""year_to"": 1999}",no_domain_cleaner:sports_clubs,"Назови 5 спортивных клубов, по виду спорта: футбол, в стране: Франция, в лиге: Чемпионат Франции по футболу - Лига 1, основанные в период 1950–1999."
sports_clubs_l3_0183,sports_clubs,L3,,"{""country_qid"": ""Q38"", ""country_ru"": ""Италия"", ""league_qid"": ""Q1141778"", ""league_ru"": ""Чемпионат Италии по футболу (Серия D)"", ""source_dataset"": ""wikidata"", ""sport_qid"": ""Q2736"", ""sport_ru"": ""футбол"", ""year_from"": 2000, ""year_to"": 2024}","{""country_ru"": ""Италия"", ""year_from"": 2000, ""year_to"": 2024}",no_domain_cleaner:sports_clubs,"Назови 5 спортивных клубов, по виду спорта: футбол, в стране: Италия, в лиге: Чемпионат Италии по футболу (Серия D), основанные в период 2000–2024."
museums_l1_0153,museums,L1,,"{""city_qid"": null, ""city_ru"": null, ""country_qid"": ""Q30"", ""country_ru"": ""США"", ""source_dataset"": ""wikidata"", ""type_qid"": ""Q588140"", ""type_ru"": ""научный музей"", ""year_from"": null, ""year_to"": null}","{""country_ru"": ""США"", ""kind"": ""museum"", ""type_ru"": ""научный музей""}",,"Назови 5 известных музеев, которые находятся в стране: США, и относятся к типу: «научный музей»."
museums_l1_0155,museums,L1,,"{""city_qid"": null, ""city_ru"": null, ""country_qid"": ""Q159"", ""country_ru"": ""Россия"", ""source_dataset"": ""wikidata"", ""type_qid"": ""Q16735822"", ""type_ru"": ""исторический музей"", ""year_from"": null, ""year_to"": null}","{""country_ru"": ""Россия"", ""kind"": ""museum"", ""type_ru"": ""исторический музей""}",,"Назови 5 известных музеев, которые находятся в стране: Россия, и относятся к типу: «исторический музей»."
museums_l1_0157,museums,L1,,"{""city_qid"": null, ""city_ru"": null, ""country_qid"": ""Q55"", ""country_ru"": ""Нидерланды"", ""source_dataset"": ""wikidata"", ""type_qid"": ""Q207694"", ""type_ru"": ""художественный музей"", ""year_from"": null, ""year_to"": null}","{""country_ru"": ""Нидерланды"", ""kind"": ""museum"", ""type_ru"": ""художественный музей""}",,"Назови 5 известных музеев, которые находятся в стране: Нидерланды, и относятся к типу: «художественный музей»."
museums_l1_0159,museums,L1,,"{""city_qid"": null, ""city_ru"": null, ""country_qid"": ""Q38"", ""country_ru"": ""Италия"", ""source_dataset"": ""wikidata"", ""type_qid"": ""Q207694"", ""type_ru"": ""художественный музей"", ""year_from"": null, ""year_to"": null}","{""country_ru"": ""Италия"", ""kind"": ""museum"", ""type_ru"": ""художественный музей""}",,"Назови 5 известных музеев, которые находятся в стране: Италия, и относятся к типу: «художественный музей»."
museums_l1_0161,museums,L1,,"{""city_qid"": null, ""city_ru"": null, ""country_qid"": ""Q30"", ""country_ru"": ""США"", ""source_dataset"": ""wikidata"", ""type_qid"": ""Q207694"", ""type_ru"": ""художественный музей"", ""year_from"": null, ""year_to"": null}","{""country_ru"": ""США"", ""kind"": ""museum"", ""type_ru"": ""художественный музей""}",,"Назови 5 известных музеев, которые находятся в стране: США, и относятся к типу: «художественный музей»."
museums_l1_0163,museums,L1,,"{""city_qid"": null, ""city_ru"": null, ""country_qid"": ""Q183"", ""country_ru"": ""Германия"", ""source_dataset"": ""wikidata"", ""type_qid"": ""Q16735822"", ""type_ru"": ""исторический музей"", ""year_from"": null, ""year_to"": null}","{""country_ru"": ""Германия"", ""kind"": ""museum"", ""type_ru"": ""исторический музей""}",,"Назови 5 известных музеев, которые находятся в стране: Германия, и относятся к типу: «исторический музей»."
museums_l1_0165,museums,L1,,"{""city_qid"": null, ""city_ru"": null, ""country_qid"": ""Q38"", ""country_ru"": ""Италия"", ""source_dataset"": ""wikidata"", ""type_qid"": ""Q16735822"", ""type_ru"": ""исторический музей"", ""year_from"": null, ""year_to"": null}","{""country_ru"": ""Италия"", ""kind"": ""museum"", ""type_ru"": ""исторический музей""}",,"Назови 5 известных музеев, которые находятся в стране: Италия, и относятся к типу: «исторический музей»."
museums_l1_0167,museums,L1,,"{""city_qid"": null, ""city_ru"": null, ""country_qid"": ""Q145"", ""country_ru"": ""Великобритания"", ""source_dataset"": ""wikidata"", ""type_qid"": ""Q811979"", ""type_ru"": ""сооружение"", ""year_from"": null, ""year_to"": null}","{""country_ru"": ""Великобритания"", ""kind"": ""museum"", ""type_ru"": ""сооружение""}",,"Назови 5 известных музеев, которые находятся в стране: Великобритания, и относятся к типу: «сооружение»."
museums_l1_0169,museums,L1,,"{""city_qid"": null, ""city_ru"": null, ""country_qid"": ""Q17"", ""country_ru"": ""Япония"", ""source_dataset"": ""wikidata"", ""type_qid"": ""Q207694"", ""type_ru"": ""художественный музей"", ""year_from"": null, ""year_to"": null}","{""country_ru"": ""Япония"", ""kind"": ""museum"", ""type_ru"": ""художественный музей""}",,"Назови 5 известных музеев, которые находятся в стране: Япония, и относятся к типу: «художественный музей»."
museums_l1_0171,museums,L1,,"{""city_qid"": null, ""city_ru"": null, ""country_qid"": ""Q17"", ""country_ru"": ""Япония"", ""source_dataset"": ""wikidata"", ""type_qid"": ""Q16735822"", ""type_ru"": ""исторический музей"", ""year_from"": null, ""year_to"": null}","{""country_ru"": ""Япония"", ""kind"": ""museum"", ""type_ru"": ""исторический музей""}",,"Назови 5 известных музеев, которые находятся в стране: Япония, и относятся к типу: «исторический музей»."
people_l1_0153,people,L1,,"{""birth_year"": null, ""citizenship_qid"": ""Q145"", ""citizenship_ru"": ""Великобритания"", ""occupation_qid"": ""Q33999"", ""occupation_ru"": ""актёр"", ""sex_qid"": null, ""source_dataset"": ""wikidata"", ""type"": ""people_list""}","{""citizenship_ru"": ""Великобритания"", ""kind"": ""person"", ""occupation_ru"": ""актёр""}",,"Назови 5 известных персон, профессии: «актёр», гражданство: Великобритания."
people_l1_0155,people,L1,,"{""birth_year"": null, ""citizenship_qid"": ""Q29"", ""citizenship_ru"": ""Испания"", ""occupation_qid"": ""Q36180"", ""occupation_ru"": ""писатель"", ""sex_qid"": null, ""source_dataset"": ""wikidata"", ""type"": ""people_list""}","{""citizenship_ru"": ""Испания"", ""kind"": ""person"", ""occupation_ru"": ""писатель""}",,"Назови 5 известных персон, профессии: «писатель», гражданство: Испания."
people_l1_0157,people,L1,,"{""birth_year"": null, ""citizenship_qid"": ""Q30"", ""citizenship_ru"": ""США"", ""occupation_qid"": ""Q2526255"", ""occupation_ru"": ""режиссёр"", ""sex_qid"": null, ""source_dataset"": ""wikidata"", ""type"": ""people_list""}","{""citizenship_ru"": ""США"", ""kind"": ""person"", ""occupation_ru"": ""режиссёр""}",,"Назови 5 известных персон, профессии: «режиссёр», гражданство: США."
people_l1_0159,people,L1,,"{""birth_year"": null, ""citizenship_qid"": ""Q29"", ""citizenship_ru"": ""Испания"", ""occupation_qid"": ""Q33999"", ""occupation_ru"": ""актёр"", ""sex_qid"": null, ""source_dataset"": ""wikidata"", ""type"": ""people_list""}","{""citizenship_ru"": ""Испания"", ""kind"": ""person"", ""occupation_ru"": ""актёр""}",,"Назови 5 известных персон, профессии: «актёр», гражданство: Испания."
people_l1_0161,people,L1,,"{""birth_year"": null, ""citizenship_qid"": ""Q148"", ""citizenship_ru"": ""Китай"", ""occupation_qid"": ""Q169470"", ""occupation_ru"": ""физик"", ""sex_qid"": null, ""source_dataset"": ""wikidata"", ""type"": ""people_list""}","{""citizenship_ru"": ""Китай"", ""kind"": ""person"", ""occupation_ru"": ""физик""}",,"Назови 5 известных персон, профессии: «физик», гражданство: Китай."
people_l1_0163,people,L1,,"{""birth_year"": null, ""citizenship_qid"": ""Q38"", ""citizenship_ru"": ""Италия"", ""occupation_qid"": ""Q2066131"", ""occupation_ru"": ""спортсмен"", ""sex_qid"": null, ""source_dataset"": ""wikidata"", ""type"": ""people_list""}","{""citizenship_ru"": ""Италия"", ""kind"": ""person"", ""occupation_ru"": ""спортсмен""}",,"Назови 5 известных персон, профессии: «спортсмен», гражданство: Италия."
people_l1_0165,people,L1,,"{""birth_year"": null, ""citizenship_qid"": ""Q142"", ""citizenship_ru"": ""Франция"", ""occupation_qid"": ""Q33999"", ""occupation_ru"": ""актёр"", ""sex_qid"": null, ""source_dataset"": ""wikidata"", ""type"": ""people_list""}","{""citizenship_ru"": ""Франция"", ""kind"": ""person"", ""occupation_ru"": ""актёр""}",,"Назови 5 известных персон, профессии: «актёр», гражданство: Франция."
people_l1_0167,people,L1,,"{""birth_year"": null, ""citizenship_qid"": ""Q38"", ""citizenship_ru"": ""Италия"", ""occupation_qid"": ""Q177220"", ""occupation_ru"": ""певец"", ""sex_qid"": null, ""source_dataset"": ""wikidata"", ""type"": ""people_list""}","{""citizenship_ru"": ""Италия"", ""kind"": ""person"", ""occupation_ru"": ""певец""}",,"Назови 5 известных персон, профессии: «певец», гражданство: Италия."
people_l1_0169,people,L1,,"{""birth_year"": null, ""citizenship_qid"": ""Q38"", ""citizenship_ru"": ""Италия"", ""occupation_qid"": ""Q169470"", ""occupation_ru"": ""физик"", ""sex_qid"": null, ""source_dataset"": ""wikidata"", ""type"": ""people_list""}","{""citizenship_ru"": ""Италия"", ""kind"": ""person"", ""occupation_ru"": ""физик""}",,"Назови 5 известных персон, профессии: «физик», гражданство: Италия."
people_l1_0171,people,L1,,"{""birth_year"": null, ""citizenship_qid"": ""Q183"", ""citizenship_ru"": ""Германия"", ""occupation_qid"": ""Q82955"", ""occupation_ru"": ""политик"", ""sex_qid"": null, ""source_dataset"": ""wikidata"", ""type"": ""people_list""}","{""citizenship_ru"": ""Германия"", ""kind"": ""person"", ""occupation_ru"": ""политик""}",,"Назови 5 известных персон, профессии: «политик», гражданство: Германия."
people_l1_0173,people,L1,,"{""birth_year"": null, ""citizenship_qid"": ""Q159"", ""citizenship_ru"": ""Россия"", ""occupation_qid"": ""Q177220"", ""occupation_ru"": ""певец"", ""sex_qid"": null, ""source_dataset"": ""wikidata"", ""type"": ""people_list""}","{""citizenship_ru"": ""Россия"", ""kind"": ""person"", ""occupation_ru"": ""певец""}",,"Назови 5 известных персон, профессии: «певец», гражданство: Россия."
people_l1_0175,people,L1,,"{""birth_year"": null, ""citizenship_qid"": ""Q30"", ""citizenship_ru"": ""США"", ""occupation_qid"": ""Q937857"", ""occupation_ru"": ""футболист"", ""sex_qid"": null, ""source_dataset"": ""wikidata"", ""type"": ""people_list""}","{""citizenship_ru"": ""США"", ""kind"": ""person"", ""occupation_ru"": ""футболист""}",,"Назови 5 известных персон, профессии: «футболист», гражданство: США."
people_l1_0177,people,L1,,"{""birth_year"": null, ""citizenship_qid"": ""Q29"", ""citizenship_ru"": ""Испания"", ""occupation_qid"": ""Q483501"", ""occupation_ru"": ""художник"", ""sex_qid"": null, ""source_dataset"": ""wikidata"", ""type"": ""people_list""}","{""citizenship_ru"": ""Испания"", ""kind"": ""person"", ""occupation_ru"": ""художник""}",,"Назови 5 известных персон, профессии: «художник», гражданство: Испания."
people_l1_0179,people,L1,,"{""birth_year"": null, ""citizenship_qid"": ""Q159"", ""citizenship_ru"": ""Россия"", ""occupation_qid"": ""Q36180"", ""occupation_ru"": ""писатель"", ""sex_qid"": null, ""source_dataset"": ""wikidata"", ""type"": ""people_list""}","{""citizenship_ru"": ""Россия"", ""kind"": ""person"", ""occupation_ru"": ""писатель""}",,"Назови 5 известных персон, профессии: «писатель», гражданство: Россия."
people_l1_0181,people,L1,,"{""birth_year"": null, ""citizenship_qid"": ""Q17"", ""citizenship_ru"": ""Япония"", ""occupation_qid"": ""Q2066131"", ""occupation_ru"": ""спортсмен"", ""sex_qid"": null, ""source_dataset"": ""wikidata"", ""type"": ""people_list""}","{""citizenship_ru"": ""Япония"", ""kind"": ""person"", ""occupation_ru"": ""спортсмен""}",,"Назови 5 известных персон, профессии: «спортсмен», гражданство: Япония."
people_l2_0168,people,L2,,"{""birth_year"": 1982, ""citizenship_qid"": ""Q142"", ""citizenship_ru"": ""Франция"", ""occupation_qid"": ""Q177220"", ""occupation_ru"": ""певец"", ""sex_qid"": null, ""source_dataset"": ""wikidata"", ""type"": ""people_list""}","{""citizenship_ru"": ""Франция"", ""kind"": ""person"", ""occupation_ru"": ""певец""}",,"Назови 5 известных персон, профессии: «певец», гражданство: Франция, год рождения: 1982."
people_l2_0170,people,L2,,"{""birth_year"": 1990, ""citizenship_qid"": ""Q145"", ""citizenship_ru"": ""Великобритания"", ""occupation_qid"": ""Q33999"", ""occupation_ru"": ""актёр"", ""sex_qid"": null, ""source_dataset"": ""wikidata"", ""type"": ""people_list""}","{""citizenship_ru"": ""Великобритания"", ""kind"": ""person"", ""occupation_ru"": ""актёр""}",,"Назови 5 известных персон, профессии: «актёр», гражданство: Великобритания, год рождения: 1990."
people_l2_0172,people,L2,,"{""birth_year"": 1998, ""citizenship_qid"": ""Q16"", ""citizenship_ru"": ""Канада"", ""occupation_qid"": ""Q937857"", ""occupation_ru"": ""футболист"", ""sex_qid"": null, ""source_dataset"": ""wikidata"", ""type"": ""people_list""}","{""citizenship_ru"": ""Канада"", ""kind"": ""person"", ""occupation_ru"": ""футболист""}",,"Назови 5 известных персон, профессии: «футболист», гражданство: Канада, год рождения: 1998."
people_l2_0174,people,L2,,"{""birth_year"": 1970, ""citizenship_qid"": ""Q17"", ""citizenship_ru"": ""Япония"", ""occupation_qid"": ""Q2526255"", ""occupation_ru"": ""режиссёр"", ""sex_qid"": null, ""source_dataset"": ""wikidata"", ""type"": ""people_list""}","{""citizenship_ru"": ""Япония"", ""kind"": ""person"", ""occupation_ru"": ""режиссёр""}",,"Назови 5 известных персон, профессии: «режиссёр», гражданство: Япония, год рождения: 1970."
people_l2_0176,people,L2,,"{""birth_year"": 1993, ""citizenship_qid"": ""Q145"", ""citizenship_ru"": ""Великобритания"", ""occupation_qid"": ""Q33999"", ""occupation_ru"": ""актёр"", ""sex_qid"": null, ""source_dataset"": ""wikidata"", ""type"": ""people_list""}","{""citizenship_ru"": ""Великобритания"", ""kind"": ""person"", ""occupation_ru"": ""актёр""}",,"Назови 5 известных персон, профессии: «актёр», гражданство: Великобритания, год рождения: 1993."
people_l2_0178,people,L2,,"{""birth_year"": 1961, ""citizenship_qid"": ""Q16"", ""citizenship_ru"": ""Канада"", ""occupation_qid"": ""Q36834"", ""occupation_ru"": ""композитор"", ""sex_qid"": null, ""source_dataset"": ""wikidata"", ""type"": ""people_list""}","{""citizenship_ru"": ""Канада"", ""kind"": ""person"", ""occupation_ru"": ""композитор""}",,"Назови 5 известных персон, профессии: «композитор», гражданство: Канада, год рождения: 1961."
people_l2_0180,people,L2,,"{""birth_year"": 1980, ""citizenship_qid"": ""Q159"", ""citizenship_ru"": ""Россия"", ""occupation_qid"": ""Q2066131"", ""occupation_ru"": ""спортсмен"", ""sex_qid"": null, ""source_dataset"": ""wikidata"", ""type"": ""people_list""}","{""citizenship_ru"": ""Россия"", ""kind"": ""person"", ""occupation_ru"": ""спортсмен""}",,"Назови 5 известных персон, профессии: «спортсмен», гражданство: Россия, год рождения: 1980."
people_l2_0182,people,L2,,"{""birth_year"": 1965, ""citizenship_qid"": ""Q29"", ""citizenship_ru"": ""Испания"", ""occupation_qid"": ""Q1930187"", ""occupation_ru"": ""журналист"", ""sex_qid"": null, ""source_dataset"": ""wikidata"", ""type"": ""people_list""}","{""citizenship_ru"": ""Испания"", ""kind"": ""person"", ""occupation_ru"": ""журналист""}",,"Назови 5 известных персон, профессии: «журналист», гражданство: Испания, год рождения: 1965."
people_l2_0184,people,L2,,"{""birth_year"": 1963, ""citizenship_qid"": ""Q159"", ""citizenship_ru"": ""Россия"", ""occupation_qid"": ""Q169470"", ""occupation_ru"": ""физик"", ""sex_qid"": null, ""source_dataset"": ""wikidata"", ""type"": ""people_list""}","{""citizenship_ru"": ""Россия"", ""kind"": ""person"", ""occupation_ru"": ""физик""}",,"Назови 5 известных персон, профессии: «физик», гражданство: Россия, год рождения: 1963."
people_l2_0186,people,L2,,"{""birth_year"": 1994, ""citizenship_qid"": ""Q38"", ""citizenship_ru"": ""Италия"", ""occupation_qid"": ""Q177220"", ""occupation_ru"": ""певец"", ""sex_qid"": null, ""source_dataset"": ""wikidata"", ""type"": ""people_list""}","{""citizenship_ru"": ""Италия"", ""kind"": ""person"", ""occupation_ru"": ""певец""}",,"Назови 5 известных персон, профессии: «певец», гражданство: Италия, год рождения: 1994."
people_l2_0188,people,L2,,"{""birth_year"": 1961, ""citizenship_qid"": ""Q17"", ""citizenship_ru"": ""Япония"", ""occupation_qid"": ""Q36180"", ""occupation_ru"": ""писатель"", ""sex_qid"": null, ""source_dataset"": ""wikidata"", ""type"": ""people_list""}","{""citizenship_ru"": ""Япония"", ""kind"": ""person"", ""occupation_ru"": ""писатель""}",,"Назови 5 известных персон, профессии: «писатель», гражданство: Япония, год рождения: 1961."
people_l2_0190,people,L2,,"{""birth_year"": 1964, ""citizenship_qid"": ""Q183"", ""citizenship_ru"": ""Германия"", ""occupation_qid"": ""Q33999"", ""occupation_ru"": ""актёр"", ""sex_qid"": null, ""source_dataset"": ""wikidata"", ""type"": ""people_list""}","{""citizenship_ru"": ""Германия"", ""kind"": ""person"", ""occupation_ru"": ""актёр""}",,"Назови 5 известных персон, профессии: «актёр», гражданство: Германия, год рождения: 1964."
people_l3_0180,people,L3,,"{""birth_year"": 1977, ""citizenship_qid"": ""Q38"", ""citizenship_ru"": ""Италия"", ""occupation_qid"": ""Q33999"", ""occupation_ru"": ""актёр"", ""sex_qid"": ""Q6581097"", ""source_dataset"": ""wikidata"", ""type"": ""people_list""}","{""citizenship_ru"": ""Италия"", ""kind"": ""person"", ""occupation_ru"": ""актёр""}",,"Назови 5 известных персон, профессии: «актёр», гражданство: Италия, год рождения: 1977, пол: мужской."
people_l3_0182,people,L3,,"{""birth_year"": 1954, ""citizenship_qid"": ""Q159"", ""citizenship_ru"": ""Россия"", ""occupation_qid"": ""Q82955"", ""occupation_ru"": ""политик"", ""sex_qid"": ""Q6581072"", ""source_dataset"": ""wikidata"", ""type"": ""people_list""}","{""citizenship_ru"": ""Россия"", ""kind"": ""person"", ""occupation_ru"": ""политик""}",,"Назови 5 известных персон, профессии: «политик», гражданство: Россия, год рождения: 1954, пол: женский."
people_l3_0184,people,L3,,"{""birth_year"": 1974, ""citizenship_qid"": ""Q159"", ""citizenship_ru"": ""Россия"", ""occupation_qid"": ""Q33999"", ""occupation_ru"": ""актёр"", ""sex_qid"": ""Q6581072"", ""source_dataset"": ""wikidata"", ""type"": ""people_list""}","{""citizenship_ru"": ""Россия"", ""kind"": ""person"", ""occupation_ru"": ""актёр""}",,"Назови 5 известных персон, профессии: «актёр», гражданство: Россия, год рождения: 1974, пол: женский."
people_l3_0186,people,L3,,"{""birth_year"": 1948, ""citizenship_qid"": ""Q30"", ""citizenship_ru"": ""США"", ""occupation_qid"": ""Q33999"", ""occupation_ru"": ""актёр"", ""sex_qid"": ""Q6581072"", ""source_dataset"": ""wikidata"", ""type"": ""people_list""}","{""citizenship_ru"": ""США"", ""kind"": ""person"", ""occupation_ru"": ""актёр""}",,"Назови 5 известных персон, профессии: «актёр», гражданство: США, год рождения: 1948, пол: женский."
people_l3_0188,people,L3,,"{""birth_year"": 1979, ""citizenship_qid"": ""Q30"", ""citizenship_ru"": ""США"", ""occupation_qid"": ""Q82955"", ""occupation_ru"": ""политик"", ""sex_qid"": ""Q6581097"", ""source_dataset"": ""wikidata"", ""type"": ""people_list""}","{""citizenship_ru"": ""США"", ""kind"": ""person"", ""occupation_ru"": ""политик""}",,"Назови 5 известных персон, профессии: «политик», гражданство: США, год рождения: 1979, пол: мужской."
people_l3_0190,people,L3,,"{""birth_year"": 1945, ""citizenship_qid"": ""Q38"", ""citizenship_ru"": ""Италия"", ""occupation_qid"": ""Q33999"", ""occupation_ru"": ""актёр"", ""sex_qid"": ""Q6581072"", ""source_dataset"": ""wikidata"", ""type"": ""people_list""}","{""citizenship_ru"": ""Италия"", ""kind"": ""person"", ""occupation_ru"": ""актёр""}",,"Назови 5 известных персон, профессии: «актёр», гражданство: Италия, год рождения: 1945, пол: женский."
people_l3_0192,people,L3,,"{""birth_year"": 1956, ""citizenship_qid"": ""Q142"", ""citizenship_ru"": ""Франция"", ""occupation_qid"": ""Q1930187"", ""occupation_ru"": ""журналист"", ""sex_qid"": ""Q6581072"", ""source_dataset"": ""wikidata"", ""type"": ""people_list""}","{""citizenship_ru"": ""Франция"", ""kind"": ""person"", ""occupation_ru"": ""журналист""}",,"Назови 5 известных персон, профессии: «журналист», гражданство: Франция, год рождения: 1956, пол: женский."
people_l3_0194,people,L3,,"{""birth_year"": 1989, ""citizenship_qid"": ""Q159"", ""citizenship_ru"": ""Россия"", ""occupation_qid"": ""Q937857"", ""occupation_ru"": ""футболист"", ""sex_qid"": ""Q6581072"", ""source_dataset"": ""wikidata"", ""type"": ""people_list""}","{""citizenship_ru"": ""Россия"", ""kind"": ""person"", ""occupation_ru"": ""футболист""}",,"Назови 5 известных персон, профессии: «футболист», гражданство: Россия, год рождения: 1989, пол: женский."
people_l3_0196,people,L3,,"{""birth_year"": 1987, ""citizenship_qid"": ""Q17"", ""citizenship_ru"": ""Япония"", ""occupation_qid"": ""Q2066131"", ""occupation_ru"": ""спортсмен"", ""sex_qid"": ""Q6581097"", ""source_dataset"": ""wikidata"", ""type"": ""people_list""}","{""citizenship_ru"": ""Япония"", ""kind"": ""person"", ""occupation_ru"": ""спортсмен""}",,"Назови 5 известных персон, профессии: «спортсмен», гражданство: Япония, год рождения: 1987, пол: мужской."
people_l3_0198,people,L3,,"{""birth_year"": 1995, ""citizenship_qid"": ""Q142"", ""citizenship_ru"": ""Франция"", ""occupation_qid"": ""Q33999"", ""occupation_ru"": ""актёр"", ""sex_qid"": ""Q6581072"", ""source_dataset"": ""wikidata"", ""type"": ""people_list""}","{""citizenship_ru"": ""Франция"", ""kind"": ""person"", ""occupation_ru"": ""актёр""}",,"Назови 5 известных персон, профессии: «актёр», гражданство: Франция, год рождения: 1995, пол: женский."
people_l3_0200,people,L3,,"{""birth_year"": 1973, ""citizenship_qid"": ""Q38"", ""citizenship_ru"": ""Италия"", ""occupation_qid"": ""Q82955"", ""occupation_ru"": ""политик"", ""sex_qid"": ""Q6581072"", ""source_dataset"": ""wikidata"", ""type"": ""people_list""}","{""citizenship_ru"": ""Италия"", ""kind"": ""person"", ""occupation_ru"": ""политик""}",,"Назови 5 известных персон, профессии: «политик», гражданство: Италия, год рождения: 1973, пол: женский."
people_l3_0202,people,L3,,"{""birth_year"": 1954, ""citizenship_qid"": ""Q145"", ""citizenship_ru"": ""Великобритания"", ""occupation_qid"": ""Q36180"", ""occupation_ru"": ""писатель"", ""sex_qid"": ""Q6581072"", ""source_dataset"": ""wikidata"", ""type"": ""people_list""}","{""citizenship_ru"": ""Великобритания"", ""kind"": ""person"", ""occupation_ru"": ""писатель""}",,"Назови 5 известных персон, профессии: «писатель», гражданство: Великобритания, год рождения: 1954, пол: женский."
people_l3_0204,people,L3,,"{""birth_year"": 1999, ""citizenship_qid"": ""Q183"", ""citizenship_ru"": ""Германия"", ""occupation_qid"": ""Q33999"", ""occupation_ru"": ""актёр"", ""sex_qid"": ""Q6581097"", ""source_dataset"": ""wikidata"", ""type"": ""people_list""}","{""citizenship_ru"": ""Германия"", ""kind"": ""person"", ""occupation_ru"": ""актёр""}",,"Назови 5 известных персон, профессии: «актёр», гражданство: Германия, год рождения: 1999, пол: мужской."
people_l3_0206,people,L3,,"{""birth_year"": 1957, ""citizenship_qid"": ""Q16"", ""citizenship_ru"": ""Канада"", ""occupation_qid"": ""Q36180"", ""occupation_ru"": ""писатель"", ""sex_qid"": ""Q6581097"", ""source_dataset"": ""wikidata"", ""type"": ""people_list""}","{""citizenship_ru"": ""Канада"", ""kind"": ""person"", ""occupation_ru"": ""писатель""}",,"Назови 5 известных персон, профессии: «писатель», гражданство: Канада, год рождения: 1957, пол: мужской."
people_l3_0208,people,L3,,"{""birth_year"": 1960, ""citizenship_qid"": ""Q29"", ""citizenship_ru"": ""Испания"", ""occupation_qid"": ""Q82955"", ""occupation_ru"": ""политик"", ""sex_qid"": ""Q6581097"", ""source_dataset"": ""wikidata"", ""type"": ""people_list""}","{""citizenship_ru"": ""Испания"", ""kind"": ""person"", ""occupation_ru"": ""политик""}",,"Назови 5 известных персон, профессии: «политик», гражданство: Испания, год рождения: 1960, пол: мужской."
people_l2_0153,people,L2,,"{""birth_year"": 1943, ""citizenship_qid"": ""Q30"", ""citizenship_ru"": ""США"", ""occupation_qid"": ""Q2526255"", ""occupation_ru"": ""режиссёр"", ""sex_qid"": null, ""source_dataset"": ""wikidata"", ""type"": ""people_list""}","{""citizenship_ru"": ""США"", ""kind"": ""person"", ""occupation_ru"": ""режиссёр""}",,"Назови 5 известных персон, профессии: «режиссёр», гражданство: США, год рождения: 1943."
people_l2_0157,people,L2,,"{""birth_year"": 1946, ""citizenship_qid"": ""Q29"", ""citizenship_ru"": ""Испания"", ""occupation_qid"": ""Q33999"", ""occupation_ru"": ""актёр"", ""sex_qid"": null, ""source_dataset"": ""wikidata"", ""type"": ""people_list""}","{""citizenship_ru"": ""Испания"", ""kind"": ""person"", ""occupation_ru"": ""актёр""}",,"Назови 5 известных персон, профессии: «актёр», гражданство: Испания, год рождения: 1946."
people_l2_0159,people,L2,,"{""birth_year"": 1974, ""citizenship_qid"": ""Q159"", ""citizenship_ru"": ""Россия"", ""occupation_qid"": ""Q2066131"", ""occupation_ru"": ""спортсмен"", ""sex_qid"": null, ""source_dataset"": ""wikidata"", ""type"": ""people_list""}","{""citizenship_ru"": ""Россия"", ""kind"": ""person"", ""occupation_ru"": ""спортсмен""}",,"Назови 5 известных персон, профессии: «спортсмен», гражданство: Россия, год рождения: 1974."
people_l2_0161,people,L2,,"{""birth_year"": 1950, ""citizenship_qid"": ""Q38"", ""citizenship_ru"": ""Италия"", ""occupation_qid"": ""Q177220"", ""occupation_ru"": ""певец"", ""sex_qid"": null, ""source_dataset"": ""wikidata"", ""type"": ""people_list""}","{""citizenship_ru"": ""Италия"", ""kind"": ""person"", ""occupation_ru"": ""певец""}",,"Назови 5 известных персон, профессии: «певец», гражданство: Италия, год рождения: 1950."
people_l3_0158,people,L3,,"{""birth_year"": 1975, ""citizenship_qid"": ""Q183"", ""citizenship_ru"": ""Германия"", ""occupation_qid"": ""Q82955"", ""occupation_ru"": ""политик"", ""sex_qid"": ""Q6581072"", ""source_dataset"": ""wikidata"", ""type"": ""people_list""}","{""citizenship_ru"": ""Германия"", ""kind"": ""person"", ""occupation_ru"": ""политик""}",,"Назови 5 известных персон, профессии: «политик», гражданство: Германия, год рождения: 1975, пол: женский."
people_l3_0160,people,L3,,"{""birth_year"": 1950, ""citizenship_qid"": ""Q159"", ""citizenship_ru"": ""Россия"", ""occupation_qid"": ""Q36180"", ""occupation_ru"": ""писатель"", ""sex_qid"": ""Q6581097"", ""source_dataset"": ""wikidata"", ""type"": ""people_list""}","{""citizenship_ru"": ""Россия"", ""kind"": ""person"", ""occupation_ru"": ""писатель""}",,"Назови 5 известных персон, профессии: «писатель», гражданство: Россия, год рождения: 1950, пол: мужской."
people_l3_0162,people,L3,,"{""birth_year"": 1960, ""citizenship_qid"": ""Q159"", ""citizenship_ru"": ""Россия"", ""occupation_qid"": ""Q36180"", ""occupation_ru"": ""писатель"", ""sex_qid"": ""Q6581072"", ""source_dataset"": ""wikidata"", ""type"": ""people_list""}","{""citizenship_ru"": ""Россия"", ""kind"": ""person"", ""occupation_ru"": ""писатель""}",,"Назови 5 известных персон, профессии: «писатель», гражданство: Россия, год рождения: 1960, пол: женский."
people_l3_0164,people,L3,,"{""birth_year"": 1945, ""citizenship_qid"": ""Q159"", ""citizenship_ru"": ""Россия"", ""occupation_qid"": ""Q177220"", ""occupation_ru"": ""певец"", ""sex_qid"": ""Q6581097"", ""source_dataset"": ""wikidata"", ""type"": ""people_list""}","{""citizenship_ru"": ""Россия"", ""kind"": ""person"", ""occupation_ru"": ""певец""}",,"Назови 5 известных персон, профессии: «певец», гражданство: Россия, год рождения: 1945, пол: мужской."
people_l3_0166,people,L3,,"{""birth_year"": 1958, ""citizenship_qid"": ""Q145"", ""citizenship_ru"": ""Великобритания"", ""occupation_qid"": ""Q33999"", ""occupation_ru"": ""актёр"", ""sex_qid"": ""Q6581072"", ""source_dataset"": ""wikidata"", ""type"": ""people_list""}","{""citizenship_ru"": ""Великобритания"", ""kind"": ""person"", ""occupation_ru"": ""актёр""}",,"Назови 5 известных персон, профессии: «актёр», гражданство: Великобритания, год рождения: 1958, пол: женский."
people_l3_0168,people,L3,,"{""birth_year"": 1961, ""citizenship_qid"": ""Q29"", ""citizenship_ru"": ""Испания"", ""occupation_qid"": ""Q33999"", ""occupation_ru"": ""актёр"", ""sex_qid"": ""Q6581072"", ""source_dataset"": ""wikidata"", ""type"": ""people_list""}","{""citizenship_ru"": ""Испания"", ""kind"": ""person"", ""occupation_ru"": ""актёр""}",,"Назови 5 известных персон, профессии: «актёр», гражданство: Испания, год рождения: 1961, пол: женский."
people_l3_0170,people,L3,,"{""birth_year"": 1997, ""citizenship_qid"": ""Q142"", ""citizenship_ru"": ""Франция"", ""occupation_qid"": ""Q33999"", ""occupation_ru"": ""актёр"", ""sex_qid"": ""Q6581072"", ""source_dataset"": ""wikidata"", ""type"": ""people_list""}","{""citizenship_ru"": ""Франция"", ""kind"": ""person"", ""occupation_ru"": ""актёр""}",,"Назови 5 известных персон, профессии: «актёр», гражданство: Франция, год рождения: 1997, пол: женский."
people_l3_0172,people,L3,,"{""birth_year"": 1986, ""citizenship_qid"": ""Q30"", ""citizenship_ru"": ""США"", ""occupation_qid"": ""Q937857"", ""occupation_ru"": ""футболист"", ""sex_qid"": ""Q6581097"", ""source_dataset"": ""wikidata"", ""type"": ""people_list""}","{""citizenship_ru"": ""США"", ""kind"": ""person"", ""occupation_ru"": ""футболист""}",,"Назови 5 известных персон, профессии: «футболист», гражданство: США, год рождения: 1986, пол: мужской."
people_l3_0174,people,L3,,"{""birth_year"": 1986, ""citizenship_qid"": ""Q159"", ""citizenship_ru"": ""Россия"", ""occupation_qid"": ""Q2066131"", ""occupation_ru"": ""спортсмен"", ""sex_qid"": ""Q6581072"", ""source_dataset"": ""wikidata"", ""type"": ""people_list""}","{""citizenship_ru"": ""Россия"", ""kind"": ""person"", ""occupation_ru"": ""спортсмен""}",,"Назови 5 известных персон, профессии: «спортсмен», гражданство: Россия, год рождения: 1986, пол: женский."
people_l3_0176,people,L3,,"{""birth_year"": 1952, ""citizenship_qid"": ""Q38"", ""citizenship_ru"": ""Италия"", ""occupation_qid"": ""Q1930187"", ""occupation_ru"": ""журналист"", ""sex_qid"": ""Q6581097"", ""source_dataset"": ""wikidata"", ""type"": ""people_list""}","{""citizenship_ru"": ""Италия"", ""kind"": ""person"", ""occupation_ru"": ""журналист""}",,"Назови 5 известных персон, профессии: «журналист», гражданство: Италия, год рождения: 1952, пол: мужской."
people_l4_0168,people,L4,,"{""birth_year"": 1853, ""citizenship_qid"": ""Q30"", ""citizenship_ru"": ""США"", ""occupation_qid"": ""Q483501"", ""occupation_ru"": ""художник"", ""sex_qid"": ""Q6581072"", ""source_dataset"": ""wikidata"", ""type"": ""people_list""}","{""citizenship_ru"": ""США"", ""kind"": ""person"", ""occupation_ru"": ""художник""}",,"Назови 12 известных персон, профессии: «художник», гражданство: США, год рождения: 1853, пол: женский, если таких персон меньше, чем просят — перечисли всех."
people_l4_0170,people,L4,,"{""birth_year"": 1980, ""citizenship_qid"": ""Q30"", ""citizenship_ru"": ""США"", ""occupation_qid"": ""Q82955"", ""occupation_ru"": ""политик"", ""sex_qid"": ""Q6581072"", ""source_dataset"": ""wikidata"", ""type"": ""people_list""}","{""citizenship_ru"": ""США"", ""kind"": ""person"", ""occupation_ru"": ""политик""}",,"Назови 12 известных персон, профессии: «политик», гражданство: США, год рождения: 1980, пол: женский, если таких персон меньше, чем просят — перечисли всех."
people_l4_0172,people,L4,,"{""birth_year"": 1871, ""citizenship_qid"": ""Q142"", ""citizenship_ru"": ""Франция"", ""occupation_qid"": ""Q36180"", ""occupation_ru"": ""писатель"", ""sex_qid"": ""Q6581072"", ""source_dataset"": ""wikidata"", ""type"": ""people_list""}","{""citizenship_ru"": ""Франция"", ""kind"": ""person"", ""occupation_ru"": ""писатель""}",,"Назови 12 известных персон, профессии: «писатель», гражданство: Франция, год рождения: 1871, пол: женский, если таких персон меньше, чем просят — перечисли всех."
people_l4_0174,people,L4,,"{""birth_year"": 2000, ""citizenship_qid"": ""Q159"", ""citizenship_ru"": ""Россия"", ""occupation_qid"": ""Q170790"", ""occupation_ru"": ""математик"", ""sex_qid"": ""Q6581072"", ""source_dataset"": ""wikidata"", ""type"": ""people_list""}","{""citizenship_ru"": ""Россия"", ""kind"": ""person"", ""occupation_ru"": ""математик""}",,"Назови 12 известных персон, профессии: «математик», гражданство: Россия, год рождения: 2000, пол: женский, если таких персон меньше, чем просят — перечисли всех."
people_l4_0176,people,L4,,"{""birth_year"": 1939, ""citizenship_qid"": ""Q17"", ""citizenship_ru"": ""Япония"", ""occupation_qid"": ""Q82955"", ""occupation_ru"": ""политик"", ""sex_qid"": ""Q6581072"", ""source_dataset"": ""wikidata"", ""type"": ""people_list""}","{""citizenship_ru"": ""Япония"", ""kind"": ""person"", ""occupation_ru"": ""политик""}",,"Назови 12 известных персон, профессии: «политик», гражданство: Япония, год рождения: 1939, пол: женский, если таких персон меньше, чем просят — перечисли всех."
people_l4_0178,people,L4,,"{""birth_year"": 1927, ""citizenship_qid"": ""Q142"", ""citizenship_ru"": ""Франция"", ""occupation_qid"": ""Q169470"", ""occupation_ru"": ""физик"", ""sex_qid"": ""Q6581072"", ""source_dataset"": ""wikidata"", ""type"": ""people_list""}","{""citizenship_ru"": ""Франция"", ""kind"": ""person"", ""occupation_ru"": ""физик""}",,"Назови 12 известных персон, профессии: «физик», гражданство: Франция, год рождения: 1927, пол: женский, если таких персон меньше, чем просят — перечисли всех."
people_l4_0180,people,L4,,"{""birth_year"": 1937, ""citizenship_qid"": ""Q16"", ""citizenship_ru"": ""Канада"", ""occupation_qid"": ""Q36834"", ""occupation_ru"": ""композитор"", ""sex_qid"": ""Q6581097"", ""source_dataset"": ""wikidata"", ""type"": ""people_list""}","{""citizenship_ru"": ""Канада"", ""kind"": ""person"", ""occupation_ru"": ""композитор""}",,"Назови 12 известных персон, профессии: «композитор», гражданство: Канада, год рождения: 1937, пол: мужской, если таких персон меньше, чем просят — перечисли всех."
people_l4_0182,people,L4,,"{""birth_year"": 1937, ""citizenship_qid"": ""Q183"", ""citizenship_ru"": ""Германия"", ""occupation_qid"": ""Q36834"", ""occupation_ru"": ""композитор"", ""sex_qid"": ""Q6581097"", ""source_dataset"": ""wikidata"", ""type"": ""people_list""}","{""citizenship_ru"": ""Германия"", ""kind"": ""person"", ""occupation_ru"": ""композитор""}",,"Назови 12 известных персон, профессии: «композитор», гражданство: Германия, год рождения: 1937, пол: мужской, если таких персон меньше, чем просят — перечисли всех."
people_l4_0184,people,L4,,"{""birth_year"": 1932, ""citizenship_qid"": ""Q30"", ""citizenship_ru"": ""США"", ""occupation_qid"": ""Q169470"", ""occupation_ru"": ""физик"", ""sex_qid"": ""Q6581072"", ""source_dataset"": ""wikidata"", ""type"": ""people_list""}","{""citizenship_ru"": ""США"", ""kind"": ""person"", ""occupation_ru"": ""физик""}",,"Назови 4 известных персон, профессии: «физик», гражданство: США, год рождения: 1932, пол: женский, если таких персон меньше, чем просят — перечисли всех."
people_l4_0186,people,L4,,"{""birth_year"": 1900, ""citizenship_qid"": ""Q183"", ""citizenship_ru"": ""Германия"", ""occupation_qid"": ""Q33999"", ""occupation_ru"": ""актёр"", ""sex_qid"": ""Q6581097"", ""source_dataset"": ""wikidata"", ""type"": ""people_list""}","{""citizenship_ru"": ""Германия"", ""kind"": ""person"", ""occupation_ru"": ""актёр""}",,"Назови 12 известных персон, профессии: «актёр», гражданство: Германия, год рождения: 1900, пол: мужской, если таких персон меньше, чем просят — перечисли всех."
physicists_l1_0157,physicists,L1,,"{""birth_year"": null, ""citizenship_qid"": ""Q145"", ""citizenship_ru"": ""Великобритания"", ""occupation_qid"": ""Q169470"", ""occupation_ru"": ""физиками"", ""sex_qid"": null, ""source_dataset"": ""wikidata""}","{""citizenship_ru"": ""Великобритания"", ""occupation_ru"": ""физиками""}",no_domain_cleaner:physicists,"Назови 5 известных персон, которые являются физиками, и имеют гражданство: Великобритания."
physicists_l1_0159,physicists,L1,,"{""birth_year"": null, ""citizenship_qid"": ""Q30"", ""citizenship_ru"": ""США"", ""occupation_qid"": ""Q169470"", ""occupation_ru"": ""физиками"", ""sex_qid"": null, ""source_dataset"": ""wikidata""}","{""citizenship_ru"": ""США"", ""occupation_ru"": ""физиками""}",no_domain_cleaner:physicists,"Назови 5 известных персон, которые являются физиками, и имеют гражданство: США."
physicists_l1_0165,physicists,L1,,"{""birth_year"": null, ""citizenship_qid"": ""Q38"", ""citizenship_ru"": ""Италия"", ""occupation_qid"": ""Q169470"", ""occupation_ru"": ""физиками"", ""sex_qid"": null, ""source_dataset"": ""wikidata""}","{""citizenship_ru"": ""Италия"", ""occupation_ru"": ""физиками""}",no_domain_cleaner:physicists,"Назови 5 известных персон, которые являются физиками, и имеют гражданство: Италия."
physicists_l1_0167,physicists,L1,,"{""birth_year"": null, ""citizenship_qid"": ""Q142"", ""citizenship_ru"": ""Франция"", ""occupation_qid"": ""Q169470"", ""occupation_ru"": ""физиками"", ""sex_qid"": null, ""source_dataset"": ""wikidata""}","{""citizenship_ru"": ""Франция"", ""occupation_ru"": ""физиками""}",no_domain_cleaner:physicists,"Назови 5 известных персон, которые являются физиками, и имеют гражданство: Франция."
physicists_l1_0169,physicists,L1,,"{""birth_year"": null, ""citizenship_qid"": ""Q183"", ""citizenship_ru"": ""Германия"", ""occupation_qid"": ""Q169470"", ""occupation_ru"": ""физиками"", ""sex_qid"": null, ""source_dataset"": ""wikidata""}","{""citizenship_ru"": ""Германия"", ""occupation_ru"": ""физиками""}",no_domain_cleaner:physicists,"Назови 5 известных персон, которые являются физиками, и имеют гражданство: Германия."
physicists_l1_0173,physicists,L1,,"{""birth_year"": null, ""citizenship_qid"": ""Q17"", ""citizenship_ru"": ""Япония"", ""occupation_qid"": ""Q169470"", ""occupation_ru"": ""физиками"", ""sex_qid"": null, ""source_dataset"": ""wikidata""}","{""citizenship_ru"": ""Япония"", ""occupation_ru"": ""физиками""}",no_domain_cleaner:physicists,"Назови 5 известных персон, которые являются физиками, и имеют гражданство: Япония."
physicists_l2_0165,physicists,L2,,"{""birth_year"": 1946, ""citizenship_qid"": ""Q159"", ""citizenship_ru"": ""Россия"", ""occupation_qid"": ""Q169470"", ""occupation_ru"": ""физиками"", ""sex_qid"": null, ""source_dataset"": ""wikidata""}","{""citizenship_ru"": ""Россия"", ""occupation_ru"": ""физиками""}",no_domain_cleaner:physicists,"Назови 5 известных персон, которые являются физиками, и имеют гражданство: Россия, и родились в 1946 году."
physicists_l2_0167,physicists,L2,,"{""birth_year"": 1948, ""citizenship_qid"": ""Q159"", ""citizenship_ru"": ""Россия"", ""occupation_qid"": ""Q169470"", ""occupation_ru"": ""физиками"", ""sex_qid"": null, ""source_dataset"": ""wikidata""}","{""citizenship_ru"": ""Россия"", ""occupation_ru"": ""физиками""}",no_domain_cleaner:physicists,"Назови 5 известных персон, которые являются физиками, и имеют гражданство: Россия, и родились в 1948 году."
physicists_l2_0169,physicists,L2,,"{""birth_year"": 1970, ""citizenship_qid"": ""Q159"", ""citizenship_ru"": ""Россия"", ""occupation_qid"": ""Q169470"", ""occupation_ru"": ""физиками"", ""sex_qid"": null, ""source_dataset"": ""wikidata""}","{""citizenship_ru"": ""Россия"", ""occupation_ru"": ""физиками""}",no_domain_cleaner:physicists,"Назови 5 известных персон, которые являются физиками, и имеют гражданство: Россия, и родились в 1970 году."
physicists_l2_0171,physicists,L2,,"{""birth_year"": 1960, ""citizenship_qid"": ""Q145"", ""citizenship_ru"": ""Великобритания"", ""occupation_qid"": ""Q169470"", ""occupation_ru"": ""физиками"", ""sex_qid"": null, ""source_dataset"": ""wikidata""}","{""citizenship_ru"": ""Великобритания"", ""occupation_ru"": ""физиками""}",no_domain_cleaner:physicists,"Назови 5 известных персон, которые являются физиками, и имеют гражданство: Великобритания, и родились в 1960 году."
physicists_l2_0173,physicists,L2,,"{""birth_year"": 1986, ""citizenship_qid"": ""Q159"", ""citizenship_ru"": ""Россия"", ""occupation_qid"": ""Q169470"", ""occupation_ru"": ""физиками"", ""sex_qid"": null, ""source_dataset"": ""wikidata""}","{""citizenship_ru"": ""Россия"", ""occupation_ru"": ""физиками""}",no_domain_cleaner:physicists,"Назови 5 известных персон, которые являются физиками, и имеют гражданство: Россия, и родились в 1986 году."
physicists_l2_0175,physicists,L2,,"{""birth_year"": 1959, ""citizenship_qid"": ""Q30"", ""citizenship_ru"": ""США"", ""occupation_qid"": ""Q169470"", ""occupation_ru"": ""физиками"", ""sex_qid"": null, ""source_dataset"": ""wikidata""}","{""citizenship_ru"": ""США"", ""occupation_ru"": ""физиками""}",no_domain_cleaner:physicists,"Назови 5 известных персон, которые являются физиками, и имеют гражданство: США, и родились в 1959 году."
physicists_l2_0179,physicists,L2,,"{""birth_year"": 1990, ""citizenship_qid"": ""Q159"", ""citizenship_ru"": ""Россия"", ""occupation_qid"": ""Q169470"", ""occupation_ru"": ""физиками"", ""sex_qid"": null, ""source_dataset"": ""wikidata""}","{""citizenship_ru"": ""Россия"", ""occupation_ru"": ""физиками""}",no_domain_cleaner:physicists,"Назови 5 известных персон, которые являются физиками, и имеют гражданство: Россия, и родились в 1990 году."
physicists_l2_0181,physicists,L2,,"{""birth_year"": 1958, ""citizenship_qid"": ""Q142"", ""citizenship_ru"": ""Франция"", ""occupation_qid"": ""Q169470"", ""occupation_ru"": ""физиками"", ""sex_qid"": null, ""source_dataset"": ""wikidata""}","{""citizenship_ru"": ""Франция"", ""occupation_ru"": ""физиками""}",no_domain_cleaner:physicists,"Назови 5 известных персон, которые являются физиками, и имеют гражданство: Франция, и родились в 1958 году."
physicists_l2_0183,physicists,L2,,"{""birth_year"": 1948, ""citizenship_qid"": ""Q30"", ""citizenship_ru"": ""США"", ""occupation_qid"": ""Q169470"", ""occupation_ru"": ""физиками"", ""sex_qid"": null, ""source_dataset"": ""wikidata""}","{""citizenship_ru"": ""США"", ""occupation_ru"": ""физиками""}",no_domain_cleaner:physicists,"Назови 5 известных персон, которые являются физиками, и имеют гражданство: США, и родились в 1948 году."
physicists_l2_0185,physicists,L2,,"{""birth_year"": 1941, ""citizenship_qid"": ""Q17"", ""citizenship_ru"": ""Япония"", ""occupation_qid"": ""Q169470"", ""occupation_ru"": ""физиками"", ""sex_qid"": null, ""source_dataset"": ""wikidata""}","{""citizenship_ru"": ""Япония"", ""occupation_ru"": ""физиками""}",no_domain_cleaner:physicists,"Назови 5 известных персон, которые являются физиками, и имеют гражданство: Япония, и родились в 1941 году."
physicists_l2_0187,physicists,L2,,"{""birth_year"": 1967, ""citizenship_qid"": ""Q17"", ""citizenship_ru"": ""Япония"", ""occupation_qid"": ""Q169470"", ""occupation_ru"": ""физиками"", ""sex_qid"": null, ""source_dataset"": ""wikidata""}","{""citizenship_ru"": ""Япония"", ""occupation_ru"": ""физиками""}",no_domain_cleaner:physicists,"Назови 5 известных персон, которые являются физиками, и имеют гражданство: Япония, и родились в 1967 году."
physicists_l3_0179,physicists,L3,,"{""birth_year"": 1943, ""citizenship_qid"": ""Q30"", ""citizenship_ru"": ""США"", ""occupation_qid"": ""Q169470"", ""occupation_ru"": ""физиками"", ""sex_qid"": ""Q6581097"", ""source_dataset"": ""wikidata""}","{""citizenship_ru"": ""США"", ""occupation_ru"": ""физиками""}",no_domain_cleaner:physicists,"Назови 5 известных персон, которые являются физиками, и имеют гражданство: США, и родились в 1943 году, и мужского пола."
physicists_l3_0181,physicists,L3,,"{""birth_year"": 1965, ""citizenship_qid"": ""Q159"", ""citizenship_ru"": ""Россия"", ""occupation_qid"": ""Q169470"", ""occupation_ru"": ""физиками"", ""sex_qid"": ""Q6581097"", ""source_dataset"": ""wikidata""}","{""citizenship_ru"": ""Россия"", ""occupation_ru"": ""физиками""}",no_domain_cleaner:physicists,"Назови 5 известных персон, которые являются физиками, и имеют гражданство: Россия, и родились в 1965 году, и мужского пола."
physicists_l3_0183,physicists,L3,,"{""birth_year"": 2000, ""citizenship_qid"": ""Q30"", ""citizenship_ru"": ""США"", ""occupation_qid"": ""Q169470"", ""occupation_ru"": ""физиками"", ""sex_qid"": ""Q6581072"", ""source_dataset"": ""wikidata""}","{""citizenship_ru"": ""США"", ""occupation_ru"": ""физиками""}",no_domain_cleaner:physicists,"Назови 5 известных персон, которые являются физиками, и имеют гражданство: США, и родились в 2000 году, и женского пола."
physicists_l3_0185,physicists,L3,,"{""birth_year"": 1964, ""citizenship_qid"": ""Q30"", ""citizenship_ru"": ""США"", ""occupation_qid"": ""Q169470"", ""occupation_ru"": ""физиками"", ""sex_qid"": ""Q6581097"", ""source_dataset"": ""wikidata""}","{""citizenship_ru"": ""США"", ""occupation_ru"": ""физиками""}",no_domain_cleaner:physicists,"Назови 5 известных персон, которые являются физиками, и имеют гражданство: США, и родились в 1964 году, и мужского пола."
physicists_l3_0187,physicists,L3,,"{""birth_year"": 2000, ""citizenship_qid"": ""Q30"", ""citizenship_ru"": ""США"", ""occupation_qid"": ""Q169470"", ""occupation_ru"": ""физиками"", ""sex_qid"": ""Q6581097"", ""source_dataset"": ""wikidata""}","{""citizenship_ru"": ""США"", ""occupation_ru"": ""физиками""}",no_domain_cleaner:physicists,"Назови 5 известных персон, которые являются физиками, и имеют гражданство: США, и родились в 2000 году, и мужского пола."
physicists_l3_0189,physicists,L3,,"{""birth_year"": 1963, ""citizenship_qid"": ""Q30"", ""citizenship_ru"": ""США"", ""occupation_qid"": ""Q169470"", ""occupation_ru"": ""физиками"", ""sex_qid"": ""Q6581097"", ""source_dataset"": ""wikidata""}","{""citizenship_ru"": ""США"", ""occupation_ru"": ""физиками""}",no_domain_cleaner:physicists,"Назови 5 известных персон, которые являются физиками, и имеют гражданство: США, и родились в 1963 году, и мужского пола."
physicists_l3_0191,physicists,L3,,"{""birth_year"": 1948, ""citizenship_qid"": ""Q30"", ""citizenship_ru"": ""США"", ""occupation_qid"": ""Q169470"", ""occupation_ru"": ""физиками"", ""sex_qid"": ""Q6581097"", ""source_dataset"": ""wikidata""}","{""citizenship_ru"": ""США"", ""occupation_ru"": ""физиками""}",no_domain_cleaner:physicists,"Назови 5 известных персон, которые являются физиками, и имеют гражданство: США, и родились в 1948 году, и мужского пола."
physicists_l3_0193,physicists,L3,,"{""birth_year"": 1947, ""citizenship_qid"": ""Q159"", ""citizenship_ru"": ""Россия"", ""occupation_qid"": ""Q169470"", ""occupation_ru"": ""физиками"", ""sex_qid"": ""Q6581097"", ""source_dataset"": ""wikidata""}","{""citizenship_ru"": ""Россия"", ""occupation_ru"": ""физиками""}",no_domain_cleaner:physicists,"Назови 5 известных персон, которые являются физиками, и имеют гражданство: Россия, и родились в 1947 году, и мужского пола."
physicists_l3_0195,physicists,L3,,"{""birth_year"": 1952, ""citizenship_qid"": ""Q17"", ""citizenship_ru"": ""Япония"", ""occupation_qid"": ""Q169470"", ""occupation_ru"": ""физиками"", ""sex_qid"": ""Q6581097"", ""source_dataset"": ""wikidata""}","{""citizenship_ru"": ""Япония"", ""occupation_ru"": ""физиками""}",no_domain_cleaner:physicists,"Назови 5 известных персон, которые являются физиками, и имеют гражданство: Япония, и родились в 1952 году, и мужского пола."
physicists_l3_0197,physicists,L3,,"{""birth_year"": 1941, ""citizenship_qid"": ""Q159"", ""citizenship_ru"": ""Россия"", ""occupation_qid"": ""Q169470"", ""occupation_ru"": ""физиками"", ""sex_qid"": ""Q6581097"", ""source_dataset"": ""wikidata""}","{""citizenship_ru"": ""Россия"", ""occupation_ru"": ""физиками""}",no_domain_cleaner:physicists,"Назови 5 известных персон, которые являются физиками, и имеют гражданство: Россия, и родились в 1941 году, и мужского пола."
physicists_l3_0199,physicists,L3,,"{""birth_year"": 1959, ""citizenship_qid"": ""Q30"", ""citizenship_ru"": ""США"", ""occupation_qid"": ""Q169470"", ""occupation_ru"": ""физиками"", ""sex_qid"": ""Q6581072"", ""source_dataset"": ""wikidata""}","{""citizenship_ru"": ""США"", ""occupation_ru"": ""физиками""}",no_domain_cleaner:physicists,"Назови 5 известных персон, которые являются физиками, и имеют гражданство: США, и родились в 1959 году, и женского пола."
physicists_l3_0201,physicists,L3,,"{""birth_year"": 1990, ""citizenship_qid"": ""Q159"", ""citizenship_ru"": ""Россия"", ""occupation_qid"": ""Q169470"", ""occupation_ru"": ""физиками"", ""sex_qid"": ""Q6581097"", ""source_dataset"": ""wikidata""}","{""citizenship_ru"": ""Россия"", ""occupation_ru"": ""физиками""}",no_domain_cleaner:physicists,"Назови 5 известных персон, которые являются физиками, и имеют гражданство: Россия, и родились в 1990 году, и мужского пола."
physicists_l3_0203,physicists,L3,,"{""birth_year"": 1942, ""citizenship_qid"": ""Q145"", ""citizenship_ru"": ""Великобритания"", ""occupation_qid"": ""Q169470"", ""occupation_ru"": ""физиками"", ""sex_qid"": ""Q6581097"", ""source_dataset"": ""wikidata""}","{""citizenship_ru"": ""Великобритания"", ""occupation_ru"": ""физиками""}",no_domain_cleaner:physicists,"Назови 5 известных персон, которые являются физиками, и имеют гражданство: Великобритания, и родились в 1942 году, и мужского пола."
physicists_l3_0205,physicists,L3,,"{""birth_year"": 1941, ""citizenship_qid"": ""Q17"", ""citizenship_ru"": ""Япония"", ""occupation_qid"": ""Q169470"", ""occupation_ru"": ""физиками"", ""sex_qid"": ""Q6581097"", ""source_dataset"": ""wikidata""}","{""citizenship_ru"": ""Япония"", ""occupation_ru"": ""физиками""}",no_domain_cleaner:physicists,"Назови 5 известных персон, которые являются физиками, и имеют гражданство: Япония, и родились в 1941 году, и мужского пола."
physicists_l3_0207,physicists,L3,,"{""birth_year"": 1972, ""citizenship_qid"": ""Q159"", ""citizenship_ru"": ""Россия"", ""occupation_qid"": ""Q169470"", ""occupation_ru"": ""физиками"", ""sex_qid"": ""Q6581097"", ""source_dataset"": ""wikidata""}","{""citizenship_ru"": ""Россия"", ""occupation_ru"": ""физиками""}",no_domain_cleaner:physicists,"Назови 5 известных персон, которые являются физиками, и имеют гражданство: Россия, и родились в 1972 году, и мужского пола."
physicists_l4_0194,physicists,L4,,"{""birth_year"": 1851, ""citizenship_qid"": ""Q145"", ""citizenship_ru"": ""Великобритания"", ""occupation_qid"": ""Q169470"", ""occupation_ru"": ""физиками"", ""sex_qid"": ""Q6581097"", ""source_dataset"": ""wikidata""}","{""citizenship_ru"": ""Великобритания"", ""occupation_ru"": ""физиками""}",no_domain_cleaner:physicists,"Назови 12 известных персон, которые являются физиками, и имеют гражданство: Великобритания, и родились в 1851 году, и мужского пола."
physicists_l4_0196,physicists,L4,,"{""birth_year"": 1861, ""citizenship_qid"": ""Q183"", ""citizenship_ru"": ""Германия"", ""occupation_qid"": ""Q169470"", ""occupation_ru"": ""физиками"", ""sex_qid"": ""Q6581097"", ""source_dataset"": ""wikidata""}","{""citizenship_ru"": ""Германия"", ""occupation_ru"": ""физиками""}",no_domain_cleaner:physicists,"Назови 12 известных персон, которые являются физиками, и имеют гражданство: Германия, и родились в 1861 году, и мужского пола."
physicists_l4_0200,physicists,L4,,"{""birth_year"": 1867, ""citizenship_qid"": ""Q30"", ""citizenship_ru"": ""США"", ""occupation_qid"": ""Q169470"", ""occupation_ru"": ""физиками"", ""sex_qid"": ""Q6581072"", ""source_dataset"": ""wikidata""}","{""citizenship_ru"": ""США"", ""occupation_ru"": ""физиками""}",no_domain_cleaner:physicists,"Назови 12 известных персон, которые являются физиками, и имеют гражданство: США, и родились в 1867 году, и женского пола."
physicists_l4_0202,physicists,L4,,"{""birth_year"": 1977, ""citizenship_qid"": ""Q142"", ""citizenship_ru"": ""Франция"", ""occupation_qid"": ""Q169470"", ""occupation_ru"": ""физиками"", ""sex_qid"": ""Q6581097"", ""source_dataset"": ""wikidata""}","{""citizenship_ru"": ""Франция"", ""occupation_ru"": ""физиками""}",no_domain_cleaner:physicists,"Назови 12 известных персон, которые являются физиками, и имеют гражданство: Франция, и родились в 1977 году, и мужского пола."
physicists_l4_0204,physicists,L4,,"{""birth_year"": 1953, ""citizenship_qid"": ""Q16"", ""citizenship_ru"": ""Канада"", ""occupation_qid"": ""Q169470"", ""occupation_ru"": ""физиками"", ""sex_qid"": ""Q6581097"", ""source_dataset"": ""wikidata""}","{""citizenship_ru"": ""Канада"", ""occupation_ru"": ""физиками""}",no_domain_cleaner:physicists,"Назови 12 известных персон, которые являются физиками, и имеют гражданство: Канада, и родились в 1953 году, и мужского пола."
physicists_l4_0206,physicists,L4,,"{""birth_year"": 1897, ""citizenship_qid"": ""Q38"", ""citizenship_ru"": ""Италия"", ""occupation_qid"": ""Q169470"", ""occupation_ru"": ""физиками"", ""sex_qid"": ""Q6581097"", ""source_dataset"": ""wikidata""}","{""citizenship_ru"": ""Италия"", ""occupation_ru"": ""физиками""}",no_domain_cleaner:physicists,"Назови 12 известных персон, которые являются физиками, и имеют гражданство: Италия, и родились в 1897 году, и мужского пола."
physicists_l4_0208,physicists,L4,,"{""birth_year"": 1946, ""citizenship_qid"": ""Q148"", ""citizenship_ru"": ""Китай"", ""occupation_qid"": ""Q169470"", ""occupation_ru"": ""физиками"", ""sex_qid"": ""Q6581097"", ""source_dataset"": ""wikidata""}","{""citizenship_ru"": ""Китай"", ""occupation_ru"": ""физиками""}",no_domain_cleaner:physicists,"Назови 12 известных персон, которые являются физиками, и имеют гражданство: Китай, и родились в 1946 году, и мужского пола."
physicists_l4_0210,physicists,L4,,"{""birth_year"": 1871, ""citizenship_qid"": ""Q183"", ""citizenship_ru"": ""Германия"", ""occupation_qid"": ""Q169470"", ""occupation_ru"": ""физиками"", ""sex_qid"": ""Q6581097"", ""source_dataset"": ""wikidata""}","{""citizenship_ru"": ""Германия"", ""occupation_ru"": ""физиками""}",no_domain_cleaner:physicists,"Назови 12 известных персон, которые являются физиками, и имеют гражданство: Германия, и родились в 1871 году, и мужского пола."
physicists_l4_0212,physicists,L4,,"{""birth_year"": 1868, ""citizenship_qid"": ""Q30"", ""citizenship_ru"": ""США"", ""occupation_qid"": ""Q169470"", ""occupation_ru"": ""физиками"", ""sex_qid"": ""Q6581072"", ""source_dataset"": ""wikidata""}","{""citizenship_ru"": ""США"", ""occupation_ru"": ""физиками""}",no_domain_cleaner:physicists,"Назови 12 известных персон, которые являются физиками, и имеют гражданство: США, и родились в 1868 году, и женского пола."
physicists_l4_0214,physicists,L4,,"{""birth_year"": 1888, ""citizenship_qid"": ""Q30"", ""citizenship_ru"": ""США"", ""occupation_qid"": ""Q169470"", ""occupation_ru"": ""физиками"", ""sex_qid"": ""Q6581072"", ""source_dataset"": ""wikidata""}","{""citizenship_ru"": ""США"", ""occupation_ru"": ""физиками""}",no_domain_cleaner:physicists,"Назови 12 известных персон, которые являются физиками, и имеют гражданство: США, и родились в 1888 году, и женского пола."
mathematicians_l1_0208,mathematicians,L1,,"{""birth_year"": null, ""citizenship_qid"": ""Q30"", ""citizenship_ru"": ""США"", ""occupation_qid"": ""Q170790"", ""occupation_ru"": ""математиками"", ""sex_qid"": null, ""source_dataset"": ""wikidata""}","{""citizenship_ru"": ""США"", ""kind"": ""person"", ""occupation_ru"": ""математиками""}",,"Назови 5 известных персон, которые являются математиками, и имеют гражданство: США."
mathematicians_l1_0216,mathematicians,L1,,"{""birth_year"": null, ""citizenship_qid"": ""Q38"", ""citizenship_ru"": ""Италия"", ""occupation_qid"": ""Q170790"", ""occupation_ru"": ""математиками"", ""sex_qid"": null, ""source_dataset"": ""wikidata""}","{""citizenship_ru"": ""Италия"", ""kind"": ""person"", ""occupation_ru"": ""математиками""}",,"Назови 5 известных персон, которые являются математиками, и имеют гражданство: Италия."
mathematicians_l2_0213,mathematicians,L2,,"{""birth_year"": 1972, ""citizenship_qid"": ""Q159"", ""citizenship_ru"": ""Россия"", ""occupation_qid"": ""Q170790"", ""occupation_ru"": ""математиками"", ""sex_qid"": null, ""source_dataset"": ""wikidata""}","{""citizenship_ru"": ""Россия"", ""kind"": ""person"", ""occupation_ru"": ""математиками"", ""year_from"": 1972, ""year_to"": 1972}",,"Назови 5 известных персон, которые являются математиками, и имеют гражданство: Россия, и родились в 1972 году."
mathematicians_l2_0215,mathematicians,L2,,"{""birth_year"": 1979, ""citizenship_qid"": ""Q159"", ""citizenship_ru"": ""Россия"", ""occupation_qid"": ""Q170790"", ""occupation_ru"": ""математиками"", ""sex_qid"": null, ""source_dataset"": ""wikidata""}","{""citizenship_ru"": ""Россия"", ""kind"": ""person"", ""occupation_ru"": ""математиками"", ""year_from"": 1979, ""year_to"": 1979}",,"Назови 5 известных персон, которые являются математиками, и имеют гражданство: Россия, и родились в 1979 году."
mathematicians_l2_0217,mathematicians,L2,,"{""birth_year"": 1945, ""citizenship_qid"": ""Q159"", ""citizenship_ru"": ""Россия"", ""occupation_qid"": ""Q170790"", ""occupation_ru"": ""математиками"", ""sex_qid"": null, ""source_dataset"": ""wikidata""}","{""citizenship_ru"": ""Россия"", ""kind"": ""person"", ""occupation_ru"": ""математиками"", ""year_from"": 1945, ""year_to"": 1945}",,"Назови 5 известных персон, которые являются математиками, и имеют гражданство: Россия, и родились в 1945 году."
mathematicians_l2_0221,mathematicians,L2,,"{""birth_year"": 1957, ""citizenship_qid"": ""Q30"", ""citizenship_ru"": ""США"", ""occupation_qid"": ""Q170790"", ""occupation_ru"": ""математиками"", ""sex_qid"": null, ""source_dataset"": ""wikidata""}","{""citizenship_ru"": ""США"", ""kind"": ""person"", ""occupation_ru"": ""математиками"", ""year_from"": 1957, ""year_to"": 1957}",,"Назови 5 известных персон, которые являются математиками, и имеют гражданство: США, и родились в 1957 году."
mathematicians_l2_0223,mathematicians,L2,,"{""birth_year"": 1955, ""citizenship_qid"": ""Q159"", ""citizenship_ru"": ""Россия"", ""occupation_qid"": ""Q170790"", ""occupation_ru"": ""математиками"", ""sex_qid"": null, ""source_dataset"": ""wikidata""}","{""citizenship_ru"": ""Россия"", ""kind"": ""person"", ""occupation_ru"": ""математиками"", ""year_from"": 1955, ""year_to"": 1955}",,"Назови 5 известных персон, которые являются математиками, и имеют гражданство: Россия, и родились в 1955 году."
mathematicians_l2_0225,mathematicians,L2,,"{""birth_year"": 1940, ""citizenship_qid"": ""Q30"", ""citizenship_ru"": ""США"", ""occupation_qid"": ""Q170790"", ""occupation_ru"": ""математиками"", ""sex_qid"": null, ""source_dataset"": ""wikidata""}","{""citizenship_ru"": ""США"", ""kind"": ""person"", ""occupation_ru"": ""математиками"", ""year_from"": 1940, ""year_to"": 1940}",,"Назови 5 известных персон, которые являются математиками, и имеют гражданство: США, и родились в 1940 году."
mathematicians_l2_0227,mathematicians,L2,,"{""birth_year"": 1947, ""citizenship_qid"": ""Q17"", ""citizenship_ru"": ""Япония"", ""occupation_qid"": ""Q170790"", ""occupation_ru"": ""математиками"", ""sex_qid"": null, ""source_dataset"": ""wikidata""}","{""citizenship_ru"": ""Япония"", ""kind"": ""person"", ""occupation_ru"": ""математиками"", ""year_from"": 1947, ""year_to"": 1947}",,"Назови 5 известных персон, которые являются математиками, и имеют гражданство: Япония, и родились в 1947 году."
mathematicians_l2_0229,mathematicians,L2,,"{""birth_year"": 1963, ""citizenship_qid"": ""Q159"", ""citizenship_ru"": ""Россия"", ""occupation_qid"": ""Q170790"", ""occupation_ru"": ""математиками"", ""sex_qid"": null, ""source_dataset"": ""wikidata""}","{""citizenship_ru"": ""Россия"", ""kind"": ""person"", ""occupation_ru"": ""математиками"", ""year_from"": 1963, ""year_to"": 1963}",,"Назови 5 известных персон, которые являются математиками, и имеют гражданство: Россия, и родились в 1963 году."
mathematicians_l2_0231,mathematicians,L2,,"{""birth_year"": 1948, ""citizenship_qid"": ""Q159"", ""citizenship_ru"": ""Россия"", ""occupation_qid"": ""Q170790"", ""occupation_ru"": ""математиками"", ""sex_qid"": null, ""source_dataset"": ""wikidata""}","{""citizenship_ru"": ""Россия"", ""kind"": ""person"", ""occupation_ru"": ""математиками"", ""year_from"": 1948, ""year_to"": 1948}",,"Назови 5 известных персон, которые являются математиками, и имеют гражданство: Россия, и родились в 1948 году."
mathematicians_l2_0233,mathematicians,L2,,"{""birth_year"": 1957, ""citizenship_qid"": ""Q159"", ""citizenship_ru"": ""Россия"", ""occupation_qid"": ""Q170790"", ""occupation_ru"": ""математиками"", ""sex_qid"": null, ""source_dataset"": ""wikidata""}","{""citizenship_ru"": ""Россия"", ""kind"": ""person"", ""occupation_ru"": ""математиками"", ""year_from"": 1957, ""year_to"": 1957}",,"Назови 5 известных персон, которые являются математиками, и имеют гражданство: Россия, и родились в 1957 году."
mathematicians_l2_0235,mathematicians,L2,,"{""birth_year"": 1980, ""citizenship_qid"": ""Q159"", ""citizenship_ru"": ""Россия"", ""occupation_qid"": ""Q170790"", ""occupation_ru"": ""математиками"", ""sex_qid"": null, ""source_dataset"": ""wikidata""}","{""citizenship_ru"": ""Россия"", ""kind"": ""person"", ""occupation_ru"": ""математиками"", ""year_from"": 1980, ""year_to"": 1980}",,"Назови 5 известных персон, которые являются математиками, и имеют гражданство: Россия, и родились в 1980 году."
mathematicians_l3_0227,mathematicians,L3,,"{""birth_year"": 1941, ""citizenship_qid"": ""Q16"", ""citizenship_ru"": ""Канада"", ""occupation_qid"": ""Q170790"", ""occupation_ru"": ""математиками"", ""sex_qid"": ""Q6581097"", ""source_dataset"": ""wikidata""}","{""citizenship_ru"": ""Канада"", ""kind"": ""person"", ""occupation_ru"": ""математиками"", ""year_from"": 1941, ""year_to"": 1941}",,"Назови 5 известных персон, которые являются математиками, и имеют гражданство: Канада, и родились в 1941 году, и мужского пола."
mathematicians_l3_0229,mathematicians,L3,mathematicians_award_qualifiers,"{""award_qid"": ""Q28835"", ""award_ru"": ""Медаль Филдса"", ""award_year_from"": 1950, ""award_year_to"": 2020, ""citizenship_qid"": null, ""occupation_qid"": ""Q170790"", ""sex_qid"": null, ""source_dataset"": ""wikidata"", ""template_id"": ""mathematicians_award_qualifiers"", ""type"": ""people_award_qual""}","{""award_ru"": ""Медаль Филдса"", ""award_year_from"": 1950, ""award_year_to"": 2020, ""kind"": ""person"", ""year_from"": 1950, ""year_to"": 2020}",,"Назови 5 математиков, которые получали награду «Медаль Филдса» в период 1950–2020."
mathematicians_l3_0231,mathematicians,L3,,"{""birth_year"": 1942, ""citizenship_qid"": ""Q159"", ""citizenship_ru"": ""Россия"", ""occupation_qid"": ""Q170790"", ""occupation_ru"": ""математиками"", ""sex_qid"": ""Q6581097"", ""source_dataset"": ""wikidata""}","{""citizenship_ru"": ""Россия"", ""kind"": ""person"", ""occupation_ru"": ""математиками"", ""year_from"": 1942, ""year_to"": 1942}",,"Назови 5 известных персон, которые являются математиками, и имеют гражданство: Россия, и родились в 1942 году, и мужского пола."
mathematicians_l3_0233,mathematicians,L3,,"{""birth_year"": 1953, ""citizenship_qid"": ""Q17"", ""citizenship_ru"": ""Япония"", ""occupation_qid"": ""Q170790"", ""occupation_ru"": ""математиками"", ""sex_qid"": ""Q6581097"", ""source_dataset"": ""wikidata""}","{""citizenship_ru"": ""Япония"", ""kind"": ""person"", ""occupation_ru"": ""математиками"", ""year_from"": 1953, ""year_to"": 1953}",,"Назови 5 известных персон, которые являются математиками, и имеют гражданство: Япония, и родились в 1953 году, и мужского пола."
mathematicians_l3_0235,mathematicians,L3,,"{""birth_year"": 1969, ""citizenship_qid"": ""Q159"", ""citizenship_ru"": ""Россия"", ""occupation_qid"": ""Q170790"", ""occupation_ru"": ""математиками"", ""sex_qid"": ""Q6581097"", ""source_dataset"": ""wikidata""}","{""citizenship_ru"": ""Россия"", ""kind"": ""person"", ""occupation_ru"": ""математиками"", ""year_from"": 1969, ""year_to"": 1969}",,"Назови 5 известных персон, которые являются математиками, и имеют гражданство: Россия, и родились в 1969 году, и мужского пола."
mathematicians_l3_0237,mathematicians,L3,,"{""birth_year"": 1955, ""citizenship_qid"": ""Q30"", ""citizenship_ru"": ""США"", ""occupation_qid"": ""Q170790"", ""occupation_ru"": ""математиками"", ""sex_qid"": ""Q6581097"", ""source_dataset"": ""wikidata""}","{""citizenship_ru"": ""США"", ""kind"": ""person"", ""occupation_ru"": ""математиками"", ""year_from"": 1955, ""year_to"": 1955}",,"Назови 5 известных персон, которые являются математиками, и имеют гражданство: США, и родились в 1955 году, и мужского пола."
mathematicians_l3_0239,mathematicians,L3,mathematicians_award_qualifiers,"{""award_qid"": ""Q28835"", ""award_ru"": ""Медаль Филдса"", ""award_year_from"": 1950, ""award_year_to"": 2020, ""citizenship_qid"": null, ""occupation_qid"": ""Q170790"", ""sex_qid"": ""Q6581097"", ""source_dataset"": ""wikidata"", ""template_id"": ""mathematicians_award_qualifiers"", ""type"": ""people_award_qual""}","{""award_ru"": ""Медаль Филдса"", ""award_year_from"": 1950, ""award_year_to"": 2020, ""kind"": ""person"", ""year_from"": 1950, ""year_to"": 2020}",,"Назови 5 математиков, которые получали награду «Медаль Филдса» в период 1950–2020, и с мужского пола."
mathematicians_l3_0241,mathematicians,L3,,"{""birth_year"": 1965, ""citizenship_qid"": ""Q159"", ""citizenship_ru"": ""Россия"", ""occupation_qid"": ""Q170790"", ""occupation_ru"": ""математиками"", ""sex_qid"": ""Q6581097"", ""source_dataset"": ""wikidata""}","{""citizenship_ru"": ""Россия"", ""kind"": ""person"", ""occupation_ru"": ""математиками"", ""year_from"": 1965, ""year_to"": 1965}",,"Назови 5 известных персон, которые являются математиками, и имеют гражданство: Россия, и родились в 1965 году, и мужского пола."
mathematicians_l3_0243,mathematicians,L3,,"{""birth_year"": 1962, ""citizenship_qid"": ""Q159"", ""citizenship_ru"": ""Россия"", ""occupation_qid"": ""Q170790"", ""occupation_ru"": ""математиками"", ""sex_qid"": ""Q6581097"", ""source_dataset"": ""wikidata""}","{""citizenship_ru"": ""Россия"", ""kind"": ""person"", ""occupation_ru"": ""математиками"", ""year_from"": 1962, ""year_to"": 1962}",,"Назови 5 известных персон, которые являются математиками, и имеют гражданство: Россия, и родились в 1962 году, и мужского пола."
mathematicians_l3_0245,mathematicians,L3,mathematicians_award_qualifiers,"{""award_qid"": ""Q28835"", ""award_ru"": ""Медаль Филдса"", ""award_year_from"": 1950, ""award_year_to"": 2020, ""citizenship_qid"": ""Q142"", ""occupation_qid"": ""Q170790"", ""sex_qid"": null, ""source_dataset"": ""wikidata"", ""template_id"": ""mathematicians_award_qualifiers"", ""type"": ""people_award_qual""}","{""award_ru"": ""Медаль Филдса"", ""award_year_from"": 1950, ""award_year_to"": 2020, ""kind"": ""person"", ""year_from"": 1950, ""year_to"": 2020}",,"Назови 5 математиков, которые получали награду «Медаль Филдса» в период 1950–2020, с французским гражданством."
mathematicians_l3_0247,mathematicians,L3,mathematicians_award_qualifiers,"{""award_qid"": ""Q28835"", ""award_ru"": ""Медаль Филдса"", ""award_year_from"": 1950, ""award_year_to"": 2020, ""citizenship_qid"": ""Q30"", ""occupation_qid"": ""Q170790"", ""sex_qid"": null, ""source_dataset"": ""wikidata"", ""template_id"": ""mathematicians_award_qualifiers"", ""type"": ""people_award_qual""}","{""award_ru"": ""Медаль Филдса"", ""award_year_from"": 1950, ""award_year_to"": 2020, ""kind"": ""person"", ""year_from"": 1950, ""year_to"": 2020}",,"Назови 5 математиков, которые получали награду «Медаль Филдса» в период 1950–2020, с американским гражданством."
mathematicians_l3_0249,mathematicians,L3,,"{""birth_year"": 1952, ""citizenship_qid"": ""Q145"", ""citizenship_ru"": ""Великобритания"", ""occupation_qid"": ""Q170790"", ""occupation_ru"": ""математиками"", ""sex_qid"": ""Q6581097"", ""source_dataset"": ""wikidata""}","{""citizenship_ru"": ""Великобритания"", ""kind"": ""person"", ""occupation_ru"": ""математиками"", ""year_from"": 1952, ""year_to"": 1952}",,"Назови 5 известных персон, которые являются математиками, и имеют гражданство: Великобритания, и родились в 1952 году, и мужского пола."
mathematicians_l3_0251,mathematicians,L3,,"{""birth_year"": 1948, ""citizenship_qid"": ""Q183"", ""citizenship_ru"": ""Германия"", ""occupation_qid"": ""Q170790"", ""occupation_ru"": ""математиками"", ""sex_qid"": ""Q6581097"", ""source_dataset"": ""wikidata""}","{""citizenship_ru"": ""Германия"", ""kind"": ""person"", ""occupation_ru"": ""математиками"", ""year_from"": 1948, ""year_to"": 1948}",,"Назови 5 известных персон, которые являются математиками, и имеют гражданство: Германия, и родились в 1948 году, и мужского пола."
mathematicians_l3_0253,mathematicians,L3,,"{""birth_year"": 1940, ""citizenship_qid"": ""Q30"", ""citizenship_ru"": ""США"", ""occupation_qid"": ""Q170790"", ""occupation_ru"": ""математиками"", ""sex_qid"": ""Q6581097"", ""source_dataset"": ""wikidata""}","{""citizenship_ru"": ""США"", ""kind"": ""person"", ""occupation_ru"": ""математиками"", ""year_from"": 1940, ""year_to"": 1940}",,"Назови 5 известных персон, которые являются математиками, и имеют гражданство: США, и родились в 1940 году, и мужского пола."
mathematicians_l3_0255,mathematicians,L3,,"{""birth_year"": 1961, ""citizenship_qid"": ""Q17"", ""citizenship_ru"": ""Япония"", ""occupation_qid"": ""Q170790"", ""occupation_ru"": ""математиками"", ""sex_qid"": ""Q6581097"", ""source_dataset"": ""wikidata""}","{""citizenship_ru"": ""Япония"", ""kind"": ""person"", ""occupation_ru"": ""математиками"", ""year_from"": 1961, ""year_to"": 1961}",,"Назови 5 известных персон, которые являются математиками, и имеют гражданство: Япония, и родились в 1961 году, и мужского пола."
mathematicians_l4_0242,mathematicians,L4,,"{""birth_year"": 1947, ""citizenship_qid"": ""Q148"", ""citizenship_ru"": ""Китай"", ""occupation_qid"": ""Q170790"", ""occupation_ru"": ""математиками"", ""sex_qid"": ""Q6581097"", ""source_dataset"": ""wikidata""}","{""citizenship_ru"": ""Китай"", ""kind"": ""person"", ""occupation_ru"": ""математиками"", ""year_from"": 1947, ""year_to"": 1947}",,"Назови 12 известных персон, которые являются математиками, и имеют гражданство: Китай, и родились в 1947 году, и мужского пола."
mathematicians_l4_0244,mathematicians,L4,,"{""birth_year"": 1956, ""citizenship_qid"": ""Q16"", ""citizenship_ru"": ""Канада"", ""occupation_qid"": ""Q170790"", ""occupation_ru"": ""математиками"", ""sex_qid"": ""Q6581097"", ""source_dataset"": ""wikidata""}","{""citizenship_ru"": ""Канада"", ""kind"": ""person"", ""occupation_ru"": ""математиками"", ""year_from"": 1956, ""year_to"": 1956}",,"Назови 12 известных персон, которые являются математиками, и имеют гражданство: Канада, и родились в 1956 году, и мужского пола."
mathematicians_l4_0246,mathematicians,L4,mathematicians_award_qualifiers,"{""award_qid"": ""Q28835"", ""award_ru"": ""Медаль Филдса"", ""award_year_from"": 1981, ""award_year_to"": 1988, ""citizenship_qid"": null, ""occupation_qid"": ""Q170790"", ""sex_qid"": ""Q6581097"", ""source_dataset"": ""wikidata"", ""template_id"": ""mathematicians_award_qualifiers"", ""type"": ""people_award_qual""}","{""award_ru"": ""Медаль Филдса"", ""award_year_from"": 1981, ""award_year_to"": 1988, ""kind"": ""person"", ""year_from"": 1981, ""year_to"": 1988}",,"Назови 12 математиков, которые получали награду «Медаль Филдса» в период 1981–1988, и с мужским полом, если таких людей меньше, чем просят — перечисли всех."
mathematicians_l4_0248,mathematicians,L4,,"{""birth_year"": 2001, ""citizenship_qid"": ""Q159"", ""citizenship_ru"": ""Россия"", ""occupation_qid"": ""Q170790"", ""occupation_ru"": ""математиками"", ""sex_qid"": ""Q6581097"", ""source_dataset"": ""wikidata""}","{""citizenship_ru"": ""Россия"", ""kind"": ""person"", ""occupation_ru"": ""математиками"", ""year_from"": 2001, ""year_to"": 2001}",,"Назови 12 известных персон, которые являются математиками, и имеют гражданство: Россия, и родились в 2001 году, и мужского пола."
mathematicians_l4_0250,mathematicians,L4,,"{""birth_year"": 1888, ""citizenship_qid"": ""Q142"", ""citizenship_ru"": ""Франция"", ""occupation_qid"": ""Q170790"", ""occupation_ru"": ""математиками"", ""sex_qid"": ""Q6581097"", ""source_dataset"": ""wikidata""}","{""citizenship_ru"": ""Франция"", ""kind"": ""person"", ""occupation_ru"": ""математиками"", ""year_from"": 1888, ""year_to"": 1888}",,"Назови 12 известных персон, которые являются математиками, и имеют гражданство: Франция, и родились в 1888 году, и мужского пола."
mathematicians_l4_0252,mathematicians,L4,,"{""birth_year"": 1889, ""citizenship_qid"": ""Q30"", ""citizenship_ru"": ""США"", ""occupation_qid"": ""Q170790"", ""occupation_ru"": ""математиками"", ""sex_qid"": ""Q6581072"", ""source_dataset"": ""wikidata""}","{""citizenship_ru"": ""США"", ""kind"": ""person"", ""occupation_ru"": ""математиками"", ""year_from"": 1889, ""year_to"": 1889}",,"Назови 12 известных персон, которые являются математиками, и имеют гражданство: США, и родились в 1889 году, и женского пола."
mathematicians_l4_0254,mathematicians,L4,mathematicians_award_qualifiers,"{""award_qid"": ""Q28835"", ""award_ru"": ""Медаль Филдса"", ""award_year_from"": 1997, ""award_year_to"": 2004, ""citizenship_qid"": ""Q30"", ""occupation_qid"": ""Q170790"", ""sex_qid"": null, ""source_dataset"": ""wikidata"", ""template_id"": ""mathematicians_award_qualifiers"", ""type"": ""people_award_qual""}","{""award_ru"": ""Медаль Филдса"", ""award_year_from"": 1997, ""award_year_to"": 2004, ""kind"": ""person"", ""year_from"": 1997, ""year_to"": 2004}",,"Назови 12 математиков, которые получали награду «Медаль Филдса» в период 1997–2004, с британским гражданством, если таких людей меньше, чем просят — перечисли всех."
mathematicians_l4_0256,mathematicians,L4,,"{""birth_year"": 1918, ""citizenship_qid"": ""Q30"", ""citizenship_ru"": ""США"", ""occupation_qid"": ""Q170790"", ""occupation_ru"": ""математиками"", ""sex_qid"": ""Q6581072"", ""source_dataset"": ""wikidata""}","{""citizenship_ru"": ""США"", ""kind"": ""person"", ""occupation_ru"": ""математиками"", ""year_from"": 1918, ""year_to"": 1918}",,"Назови 12 известных персон, которые являются математиками, и имеют гражданство: США, и родились в 1918 году, и женского пола."
mathematicians_l4_0258,mathematicians,L4,,"{""birth_year"": 1901, ""citizenship_qid"": ""Q145"", ""citizenship_ru"": ""Великобритания"", ""occupation_qid"": ""Q170790"", ""occupation_ru"": ""математиками"", ""sex_qid"": ""Q6581097"", ""source_dataset"": ""wikidata""}","{""citizenship_ru"": ""Великобритания"", ""kind"": ""person"", ""occupation_ru"": ""математиками"", ""year_from"": 1901, ""year_to"": 1901}",,"Назови 12 известных персон, которые являются математиками, и имеют гражданство: Великобритания, и родились в 1901 году, и мужского пола."
mathematicians_l4_0260,mathematicians,L4,mathematicians_award_qualifiers,"{""award_qid"": ""Q28835"", ""award_ru"": ""Медаль Филдса"", ""award_year_from"": 1972, ""award_year_to"": 1979, ""citizenship_qid"": null, ""occupation_qid"": ""Q170790"", ""sex_qid"": null, ""source_dataset"": ""wikidata"", ""template_id"": ""mathematicians_award_qualifiers"", ""type"": ""people_award_qual""}","{""award_ru"": ""Медаль Филдса"", ""award_year_from"": 1972, ""award_year_to"": 1979, ""kind"": ""person"", ""year_from"": 1972, ""year_to"": 1979}",,"Назови 12 математиков, которые получали награду «Медаль Филдса» в период 1972–1979, если таких людей меньше, чем просят — перечисли всех."
software_l1_0254,software,L1,,"{""lang_qid"": ""Q2407"", ""lang_ru"": ""C++"", ""license_qid"": null, ""license_ru"": null, ""os_qid"": ""Q1406"", ""os_ru"": ""Windows"", ""source_dataset"": ""wikidata"", ""year_from"": null, ""year_to"": null}","{""kind"": ""software"", ""language_ru"": ""C++""}",,"Назови 3 программ/пакетов, на языке/стеке: C++, для ОС: Windows."
videogames_l1_0165,videogames,L1,,"{""country_qid"": null, ""country_ru"": null, ""genre_qid"": ""Q1610017"", ""genre_ru"": ""симулятор"", ""platform_qid"": ""Q1406"", ""platform_ru"": ""Windows"", ""publisher_qid"": null, ""publisher_ru"": null, ""source_dataset"": ""wikidata"", ""year_from"": 2000, ""year_to"": 2009}","{""genre_ru"": ""симулятор"", ""kind"": ""video_game"", ""platform_ru"": ""Windows"", ""year_from"": 2000, ""year_to"": 2009}",,"Назови 5 видеоигр, жанра «симулятор», на платформе: Windows, в период 2000–2009 годов."
videogames_l1_0167,videogames,L1,,"{""country_qid"": null, ""country_ru"": null, ""genre_qid"": ""Q54767"", ""genre_ru"": ""головоломка"", ""platform_qid"": ""Q1406"", ""platform_ru"": ""Windows"", ""publisher_qid"": null, ""publisher_ru"": null, ""source_dataset"": ""wikidata"", ""year_from"": 2000, ""year_to"": 2009}","{""genre_ru"": ""головоломка"", ""kind"": ""video_game"", ""platform_ru"": ""Windows"", ""year_from"": 2000, ""year_to"": 2009}",,"Назови 5 видеоигр, жанра «головоломка», на платформе: Windows, в период 2000–2009 годов."
videogames_l1_0169,videogames,L1,,"{""country_qid"": null, ""country_ru"": null, ""genre_qid"": ""Q472055"", ""genre_ru"": ""стратегия"", ""platform_qid"": ""Q1406"", ""platform_ru"": ""Windows"", ""publisher_qid"": null, ""publisher_ru"": null, ""source_dataset"": ""wikidata"", ""year_from"": 2010, ""year_to"": 2019}","{""genre_ru"": ""стратегия"", ""kind"": ""video_game"", ""platform_ru"": ""Windows"", ""year_from"": 2010, ""year_to"": 2019}",,"Назови 5 видеоигр, жанра «стратегия», на платформе: Windows, в период 2010–2019 годов."
videogames_l1_0171,videogames,L1,,"{""country_qid"": null, ""country_ru"": null, ""genre_qid"": ""Q54767"", ""genre_ru"": ""головоломка"", ""platform_qid"": ""Q48493"", ""platform_ru"": ""iOS"", ""publisher_qid"": null, ""publisher_ru"": null, ""source_dataset"": ""wikidata"", ""year_from"": 2010, ""year_to"": 2019}","{""genre_ru"": ""головоломка"", ""kind"": ""video_game"", ""platform_ru"": ""iOS"", ""year_from"": 2010, ""year_to"": 2019}",,"Назови 5 видеоигр, жанра «головоломка», на платформе: iOS, в период 2010–2019 годов."
videogames_l1_0173,videogames,L1,,"{""country_qid"": null, ""country_ru"": null, ""genre_qid"": ""Q744038"", ""genre_ru"": ""ролевая игра"", ""platform_qid"": ""Q1406"", ""platform_ru"": ""Windows"", ""publisher_qid"": null, ""publisher_ru"": null, ""source_dataset"": ""wikidata"", ""year_from"": 2000, ""year_to"": 2009}","{""genre_ru"": ""ролевая игра"", ""kind"": ""video_game"", ""platform_ru"": ""Windows"", ""year_from"": 2000, ""year_to"": 2009}",,"Назови 5 видеоигр, жанра «ролевая игра», на платформе: Windows, в период 2000–2009 годов."
videogames_l1_0175,videogames,L1,,"{""country_qid"": null, ""country_ru"": null, ""genre_qid"": ""Q828322"", ""genre_ru"": ""платформер"", ""platform_qid"": ""Q1406"", ""platform_ru"": ""Windows"", ""publisher_qid"": null, ""publisher_ru"": null, ""source_dataset"": ""wikidata"", ""year_from"": 2000, ""year_to"": 2009}","{""genre_ru"": ""платформер"", ""kind"": ""video_game"", ""platform_ru"": ""Windows"", ""year_from"": 2000, ""year_to"": 2009}",,"Назови 5 видеоигр, жанра «платформер», на платформе: Windows, в период 2000–2009 годов."
airports_l1_0169,airports,L1,airports_bucket_country_code_population,"{""country_qid"": ""Q183"", ""country_ru"": ""Германия"", ""pop_min"": 0, ""require_code"": false, ""source_dataset"": ""wikidata""}","{""country_ru"": ""Германия"", ""kind"": ""airport"", ""population_min"": 0}",,Назови 5 аэропортов страны «Германия».
airports_l1_0171,airports,L1,airports_bucket_country_code_population,"{""country_qid"": ""Q30"", ""country_ru"": ""США"", ""pop_min"": 0, ""require_code"": false, ""source_dataset"": ""wikidata""}","{""country_ru"": ""США"", ""kind"": ""airport"", ""population_min"": 0}",,Назови 5 аэропортов страны «США».
airports_l1_0173,airports,L1,airports_bucket_country_code_population,"{""country_qid"": ""Q29"", ""country_ru"": ""Испания"", ""pop_min"": 0, ""require_code"": false, ""source_dataset"": ""wikidata""}","{""country_ru"": ""Испания"", ""kind"": ""airport"", ""population_min"": 0}",,Назови 5 аэропортов страны «Испания».
airports_l1_0175,airports,L1,airports_bucket_country_code_population,"{""country_qid"": ""Q17"", ""country_ru"": ""Япония"", ""pop_min"": 0, ""require_code"": false, ""source_dataset"": ""wikidata""}","{""country_ru"": ""Япония"", ""kind"": ""airport"", ""population_min"": 0}",,Назови 5 аэропортов страны «Япония».
airports_l1_0177,airports,L1,airports_bucket_country_code_population,"{""country_qid"": ""Q145"", ""country_ru"": ""Великобритания"", ""pop_min"": 0, ""require_code"": false, ""source_dataset"": ""wikidata""}","{""country_ru"": ""Великобритания"", ""kind"": ""airport"", ""population_min"": 0}",,Назови 5 аэропортов страны «Великобритания».
airports_l1_0179,airports,L1,airports_bucket_country_code_population,"{""country_qid"": ""Q159"", ""country_ru"": ""Россия"", ""pop_min"": 0, ""require_code"": false, ""source_dataset"": ""wikidata""}","{""country_ru"": ""Россия"", ""kind"": ""airport"", ""population_min"": 0}",,Назови 5 аэропортов страны «Россия».
airports_l1_0181,airports,L1,airports_bucket_country_code_population,"{""country_qid"": ""Q155"", ""country_ru"": ""Бразилия"", ""pop_min"": 0, ""require_code"": false, ""source_dataset"": ""wikidata""}","{""country_ru"": ""Бразилия"", ""kind"": ""airport"", ""population_min"": 0}",,Назови 5 аэропортов страны «Бразилия».
airports_l1_0183,airports,L1,airports_bucket_country_code_population,"{""country_qid"": ""Q142"", ""country_ru"": ""Франция"", ""pop_min"": 0, ""require_code"": false, ""source_dataset"": ""wikidata""}","{""country_ru"": ""Франция"", ""kind"": ""airport"", ""population_min"": 0}",,Назови 5 аэропортов страны «Франция».
airports_l1_0185,airports,L1,airports_bucket_country_code_population,"{""country_qid"": ""Q408"", ""country_ru"": ""Австралия"", ""pop_min"": 0, ""require_code"": false, ""source_dataset"": ""wikidata""}","{""country_ru"": ""Австралия"", ""kind"": ""airport"", ""population_min"": 0}",,Назови 5 аэропортов страны «Австралия».
airports_l1_0187,airports,L1,airports_bucket_country_code_population,"{""country_qid"": ""Q16"", ""country_ru"": ""Канада"", ""pop_min"": 0, ""require_code"": false, ""source_dataset"": ""wikidata""}","{""country_ru"": ""Канада"", ""kind"": ""airport"", ""population_min"": 0}",,Назови 5 аэропортов страны «Канада».
airports_l1_0189,airports,L1,airports_bucket_country_code_population,"{""country_qid"": ""Q55"", ""country_ru"": ""Нидерланды"", ""pop_min"": 0, ""require_code"": false, ""source_dataset"": ""wikidata""}","{""country_ru"": ""Нидерланды"", ""kind"": ""airport"", ""population_min"": 0}",,Назови 5 аэропортов страны «Нидерланды».
airports_l1_0191,airports,L1,airports_bucket_country_code_population,"{""country_qid"": ""Q38"", ""country_ru"": ""Италия"", ""pop_min"": 0, ""require_code"": false, ""source_dataset"": ""wikidata""}","{""country_ru"": ""Италия"", ""kind"": ""airport"", ""population_min"": 0}",,Назови 5 аэропортов страны «Италия».
airports_l2_0169,airports,L2,airports_bucket_country_code_population,"{""country_qid"": ""Q183"", ""country_ru"": ""Германия"", ""pop_min"": 0, ""require_code"": true, ""source_dataset"": ""wikidata""}","{""country_ru"": ""Германия"", ""kind"": ""airport"", ""population_min"": 0, ""require_iata_code"": true}",,"Назови 5 аэропортов страны «Германия», у которых указан код IATA или ICAO."
airports_l2_0171,airports,L2,airports_bucket_country_code_population,"{""country_qid"": ""Q30"", ""country_ru"": ""США"", ""pop_min"": 0, ""require_code"": true, ""source_dataset"": ""wikidata""}","{""country_ru"": ""США"", ""kind"": ""airport"", ""population_min"": 0, ""require_iata_code"": true}",,"Назови 5 аэропортов страны «США», у которых указан код IATA или ICAO."
airports_l2_0173,airports,L2,airports_bucket_country_code_population,"{""country_qid"": ""Q29"", ""country_ru"": ""Испания"", ""pop_min"": 0, ""require_code"": true, ""source_dataset"": ""wikidata""}","{""country_ru"": ""Испания"", ""kind"": ""airport"", ""population_min"": 0, ""require_iata_code"": true}",,"Назови 5 аэропортов страны «Испания», у которых указан код IATA или ICAO."
airports_l2_0175,airports,L2,airports_bucket_country_code_population,"{""country_qid"": ""Q17"", ""country_ru"": ""Япония"", ""pop_min"": 0, ""require_code"": true, ""source_dataset"": ""wikidata""}","{""country_ru"": ""Япония"", ""kind"": ""airport"", ""population_min"": 0, ""require_iata_code"": true}",,"Назови 5 аэропортов страны «Япония», у которых указан код IATA или ICAO."
airports_l2_0177,airports,L2,airports_bucket_country_code_population,"{""country_qid"": ""Q145"", ""country_ru"": ""Великобритания"", ""pop_min"": 0, ""require_code"": true, ""source_dataset"": ""wikidata""}","{""country_ru"": ""Великобритания"", ""kind"": ""airport"", ""population_min"": 0, ""require_iata_code"": true}",,"Назови 5 аэропортов страны «Великобритания», у которых указан код IATA или ICAO."
airports_l2_0179,airports,L2,airports_bucket_country_code_population,"{""country_qid"": ""Q159"", ""country_ru"": ""Россия"", ""pop_min"": 0, ""require_code"": true, ""source_dataset"": ""wikidata""}","{""country_ru"": ""Россия"", ""kind"": ""airport"", ""population_min"": 0, ""require_iata_code"": true}",,"Назови 5 аэропортов страны «Россия», у которых указан код IATA или ICAO."
airports_l2_0181,airports,L2,airports_bucket_country_code_population,"{""country_qid"": ""Q155"", ""country_ru"": ""Бразилия"", ""pop_min"": 0, ""require_code"": true, ""source_dataset"": ""wikidata""}","{""country_ru"": ""Бразилия"", ""kind"": ""airport"", ""population_min"": 0, ""require_iata_code"": true}",,"Назови 5 аэропортов страны «Бразилия», у которых указан код IATA или ICAO."
airports_l2_0183,airports,L2,airports_bucket_country_code_population,"{""country_qid"": ""Q142"", ""country_ru"": ""Франция"", ""pop_min"": 0, ""require_code"": true, ""source_dataset"": ""wikidata""}","{""country_ru"": ""Франция"", ""kind"": ""airport"", ""population_min"": 0, ""require_iata_code"": true}",,"Назови 5 аэропортов страны «Франция», у которых указан код IATA или ICAO."
airports_l2_0185,airports,L2,airports_bucket_country_code_population,"{""country_qid"": ""Q408"", ""country_ru"": ""Австралия"", ""pop_min"": 0, ""require_code"": true, ""source_dataset"": ""wikidata""}","{""country_ru"": ""Австралия"", ""kind"": ""airport"", ""population_min"": 0, ""require_iata_code"": true}",,"Назови 5 аэропортов страны «Австралия», у которых указан код IATA или ICAO."
airports_l2_0187,airports,L2,airports_bucket_country_code_population,"{""country_qid"": ""Q16"", ""country_ru"": ""Канада"", ""pop_min"": 0, ""require_code"": true, ""source_dataset"": ""wikidata""}","{""country_ru"": ""Канада"", ""kind"": ""airport"", ""population_min"": 0, ""require_iata_code"": true}",,"Назови 5 аэропортов страны «Канада», у которых указан код IATA или ICAO."
airports_l2_0189,airports,L2,airports_bucket_country_code_population,"{""country_qid"": ""Q55"", ""country_ru"": ""Нидерланды"", ""pop_min"": 0, ""require_code"": true, ""source_dataset"": ""wikidata""}","{""country_ru"": ""Нидерланды"", ""kind"": ""airport"", ""population_min"": 0, ""require_iata_code"": true}",,"Назови 5 аэропортов страны «Нидерланды», у которых указан код IATA или ICAO."
airports_l2_0191,airports,L2,airports_bucket_country_code_population,"{""country_qid"": ""Q38"", ""country_ru"": ""Италия"", ""pop_min"": 0, ""require_code"": true, ""source_dataset"": ""wikidata""}","{""country_ru"": ""Италия"", ""kind"": ""airport"", ""population_min"": 0, ""require_iata_code"": true}",,"Назови 5 аэропортов страны «Италия», у которых указан код IATA или ICAO."
airports_l3_0181,airports,L3,airports_bucket_country_code_population,"{""country_qid"": ""Q17"", ""country_ru"": ""Япония"", ""pop_min"": 200000, ""require_code"": false, ""source_dataset"": ""wikidata""}","{""country_ru"": ""Япония"", ""kind"": ""airport"", ""population_min"": 200000}",,"Назови 5 аэропортов страны «Япония», расположенных в городах с населением не меньше 200000 человек."
airports_l3_0183,airports,L3,airports_bucket_country_code_population,"{""country_qid"": ""Q159"", ""country_ru"": ""Россия"", ""pop_min"": 500000, ""require_code"": false, ""source_dataset"": ""wikidata""}","{""country_ru"": ""Россия"", ""kind"": ""airport"", ""population_min"": 500000}",,"Назови 5 аэропортов страны «Россия», расположенных в городах с населением не меньше 500000 человек."
airports_l3_0185,airports,L3,airports_bucket_country_code_population,"{""country_qid"": ""Q155"", ""country_ru"": ""Бразилия"", ""pop_min"": 500000, ""require_code"": false, ""source_dataset"": ""wikidata""}","{""country_ru"": ""Бразилия"", ""kind"": ""airport"", ""population_min"": 500000}",,"Назови 5 аэропортов страны «Бразилия», расположенных в городах с населением не меньше 500000 человек."
airports_l3_0187,airports,L3,airports_bucket_country_code_population,"{""country_qid"": ""Q183"", ""country_ru"": ""Германия"", ""pop_min"": 1000000, ""require_code"": false, ""source_dataset"": ""wikidata""}","{""country_ru"": ""Германия"", ""kind"": ""airport"", ""population_min"": 1000000}",,"Назови 5 аэропортов страны «Германия», расположенных в городах с населением не меньше 1000000 человек."
airports_l3_0189,airports,L3,airports_bucket_country_code_population,"{""country_qid"": ""Q145"", ""country_ru"": ""Великобритания"", ""pop_min"": 1000000, ""require_code"": false, ""source_dataset"": ""wikidata""}","{""country_ru"": ""Великобритания"", ""kind"": ""airport"", ""population_min"": 1000000}",,"Назови 5 аэропортов страны «Великобритания», расположенных в городах с населением не меньше 1000000 человек."
airports_l3_0191,airports,L3,airports_bucket_country_code_population,"{""country_qid"": ""Q55"", ""country_ru"": ""Нидерланды"", ""pop_min"": 200000, ""require_code"": false, ""source_dataset"": ""wikidata""}","{""country_ru"": ""Нидерланды"", ""kind"": ""airport"", ""population_min"": 200000}",,"Назови 5 аэропортов страны «Нидерланды», расположенных в городах с населением не меньше 200000 человек."
airports_l3_0193,airports,L3,airports_bucket_country_code_population,"{""country_qid"": ""Q29"", ""country_ru"": ""Испания"", ""pop_min"": 200000, ""require_code"": false, ""source_dataset"": ""wikidata""}","{""country_ru"": ""Испания"", ""kind"": ""airport"", ""population_min"": 200000}",,"Назови 5 аэропортов страны «Испания», расположенных в городах с населением не меньше 200000 человек."
airports_l3_0195,airports,L3,airports_bucket_country_code_population,"{""country_qid"": ""Q38"", ""country_ru"": ""Италия"", ""pop_min"": 500000, ""require_code"": false, ""source_dataset"": ""wikidata""}","{""country_ru"": ""Италия"", ""kind"": ""airport"", ""population_min"": 500000}",,"Назови 5 аэропортов страны «Италия», расположенных в городах с населением не меньше 500000 человек."
airports_l3_0197,airports,L3,airports_bucket_country_code_population,"{""country_qid"": ""Q183"", ""country_ru"": ""Германия"", ""pop_min"": 200000, ""require_code"": false, ""source_dataset"": ""wikidata""}","{""country_ru"": ""Германия"", ""kind"": ""airport"", ""population_min"": 200000}",,"Назови 5 аэропортов страны «Германия», расположенных в городах с населением не меньше 200000 человек."
airports_l3_0199,airports,L3,airports_bucket_country_code_population,"{""country_qid"": ""Q142"", ""country_ru"": ""Франция"", ""pop_min"": 200000, ""require_code"": false, ""source_dataset"": ""wikidata""}","{""country_ru"": ""Франция"", ""kind"": ""airport"", ""population_min"": 200000}",,"Назови 5 аэропортов страны «Франция», расположенных в городах с населением не меньше 200000 человек."
airports_l4_0169,airports,L4,airports_bucket_country_code_population,"{""country_qid"": ""Q17"", ""country_ru"": ""Япония"", ""pop_min"": 2000000, ""require_code"": true, ""source_dataset"": ""wikidata""}","{""country_ru"": ""Япония"", ""kind"": ""airport"", ""population_min"": 2000000, ""require_iata_code"": true}",,"Перечисли 12 аэропортов страны «Япония», у которых указан код IATA или ICAO и которые расположены в городах с населением не меньше 2000000 человек. Если таких меньше 12, перечисли все, сколько есть."
airports_l4_0171,airports,L4,airports_bucket_country_code_population,"{""country_qid"": ""Q16"", ""country_ru"": ""Канада"", ""pop_min"": 2000000, ""require_code"": true, ""source_dataset"": ""wikidata""}","{""country_ru"": ""Канада"", ""kind"": ""airport"", ""population_min"": 2000000, ""require_iata_code"": true}",,"Перечисли 12 аэропортов страны «Канада», у которых указан код IATA или ICAO и которые расположены в городах с населением не меньше 2000000 человек. Если таких меньше 12, перечисли все, сколько есть."
airports_l4_0173,airports,L4,airports_bucket_country_code_population,"{""country_qid"": ""Q17"", ""country_ru"": ""Япония"", ""pop_min"": 3000000, ""require_code"": true, ""source_dataset"": ""wikidata""}","{""country_ru"": ""Япония"", ""kind"": ""airport"", ""population_min"": 3000000, ""require_iata_code"": true}",,"Перечисли 12 аэропортов страны «Япония», у которых указан код IATA или ICAO и которые расположены в городах с населением не меньше 3000000 человек. Если таких меньше 12, перечисли все, сколько есть."
airports_l4_0175,airports,L4,airports_bucket_country_code_population,"{""country_qid"": ""Q145"", ""country_ru"": ""Великобритания"", ""pop_min"": 2000000, ""require_code"": true, ""source_dataset"": ""wikidata""}","{""country_ru"": ""Великобритания"", ""kind"": ""airport"", ""population_min"": 2000000, ""require_iata_code"": true}",,"Перечисли 12 аэропортов страны «Великобритания», у которых указан код IATA или ICAO и которые расположены в городах с населением не меньше 2000000 человек. Если таких меньше 12, перечисли все, сколько есть."
airports_l4_0177,airports,L4,airports_bucket_country_code_population,"{""country_qid"": ""Q142"", ""country_ru"": ""Франция"", ""pop_min"": 2000000, ""require_code"": true, ""source_dataset"": ""wikidata""}","{""country_ru"": ""Франция"", ""kind"": ""airport"", ""population_min"": 2000000, ""require_iata_code"": true}",,"Перечисли 12 аэропортов страны «Франция», у которых указан код IATA или ICAO и которые расположены в городах с населением не меньше 2000000 человек. Если таких меньше 12, перечисли все, сколько есть."
airports_l4_0179,airports,L4,airports_bucket_country_code_population,"{""country_qid"": ""Q408"", ""country_ru"": ""Австралия"", ""pop_min"": 3000000, ""require_code"": true, ""source_dataset"": ""wikidata""}","{""country_ru"": ""Австралия"", ""kind"": ""airport"", ""population_min"": 3000000, ""require_iata_code"": true}",,"Перечисли 12 аэропортов страны «Австралия», у которых указан код IATA или ICAO и которые расположены в городах с населением не меньше 3000000 человек. Если таких меньше 12, перечисли все, сколько есть."
airports_l4_0181,airports,L4,airports_bucket_country_code_population,"{""country_qid"": ""Q30"", ""country_ru"": ""США"", ""pop_min"": 2000000, ""require_code"": true, ""source_dataset"": ""wikidata""}","{""country_ru"": ""США"", ""kind"": ""airport"", ""population_min"": 2000000, ""require_iata_code"": true}",,"Перечисли 12 аэропортов страны «США», у которых указан код IATA или ICAO и которые расположены в городах с населением не меньше 2000000 человек. Если таких меньше 12, перечисли все, сколько есть."
airports_l4_0183,airports,L4,airports_bucket_country_code_population,"{""country_qid"": ""Q155"", ""country_ru"": ""Бразилия"", ""pop_min"": 2000000, ""require_code"": true, ""source_dataset"": ""wikidata""}","{""country_ru"": ""Бразилия"", ""kind"": ""airport"", ""population_min"": 2000000, ""require_iata_code"": true}",,"Перечисли 14 аэропортов страны «Бразилия», у которых указан код IATA или ICAO и которые расположены в городах с населением не меньше 2000000 человек. Если таких меньше 12, перечисли все, сколько есть."
cars_l1_0171,cars,L1,cars_country_only,"{""country_qid"": ""Q17"", ""country_ru"": ""Япония"", ""source_dataset"": ""wikidata""}","{""country_ru"": ""Япония"", ""kind"": ""car_model""}",,Назови 5 моделей автомобилей производителей из страны Япония.
cars_l1_0173,cars,L1,cars_country_only,"{""country_qid"": ""Q38"", ""country_ru"": ""Италия"", ""source_dataset"": ""wikidata""}","{""country_ru"": ""Италия"", ""kind"": ""car_model""}",,Назови 5 моделей автомобилей производителей из страны Италия.
cars_l1_0175,cars,L1,cars_country_only,"{""country_qid"": ""Q183"", ""country_ru"": ""Германия"", ""source_dataset"": ""wikidata""}","{""country_ru"": ""Германия"", ""kind"": ""car_model""}",,Назови 5 моделей автомобилей производителей из страны Германия.
cars_l1_0177,cars,L1,cars_country_only,"{""country_qid"": ""Q148"", ""country_ru"": ""Китай"", ""source_dataset"": ""wikidata""}","{""country_ru"": ""Китай"", ""kind"": ""car_model""}",,Назови 5 моделей автомобилей производителей из страны Китай.
cars_l1_0179,cars,L1,cars_country_only,"{""country_qid"": ""Q884"", ""country_ru"": ""Южная Корея"", ""source_dataset"": ""wikidata""}","{""country_ru"": ""Южная Корея"", ""kind"": ""car_model""}",,Назови 5 моделей автомобилей производителей из страны Южная Корея.
cars_l1_0181,cars,L1,cars_country_only,"{""country_qid"": ""Q30"", ""country_ru"": ""США"", ""source_dataset"": ""wikidata""}","{""country_ru"": ""США"", ""kind"": ""car_model""}",,Назови 5 моделей автомобилей производителей из страны США.
cars_l1_0183,cars,L1,cars_country_only,"{""country_qid"": ""Q142"", ""country_ru"": ""Франция"", ""source_dataset"": ""wikidata""}","{""country_ru"": ""Франция"", ""kind"": ""car_model""}",,Назови 5 моделей автомобилей производителей из страны Франция.
cars_l1_0185,cars,L1,cars_country_only,"{""country_qid"": ""Q145"", ""country_ru"": ""Великобритания"", ""source_dataset"": ""wikidata""}","{""country_ru"": ""Великобритания"", ""kind"": ""car_model""}",,Назови 5 моделей автомобилей производителей из страны Великобритания.
cars_l2_0171,cars,L2,cars_country_year,"{""country_qid"": ""Q17"", ""country_ru"": ""Япония"", ""source_dataset"": ""wikidata"", ""y1"": 1980, ""y2"": 1999}","{""country_ru"": ""Япония"", ""kind"": ""car_model"", ""year_from"": 1980, ""year_to"": 1999}",,"Назови 5 моделей автомобилей производителей из страны Япония, у которых указан год появления модели в диапазоне 1980–1999."
cars_l2_0173,cars,L2,cars_country_year,"{""country_qid"": ""Q183"", ""country_ru"": ""Германия"", ""source_dataset"": ""wikidata"", ""y1"": 1980, ""y2"": 1999}","{""country_ru"": ""Германия"", ""kind"": ""car_model"", ""year_from"": 1980, ""year_to"": 1999}",,"Назови 5 моделей автомобилей производителей из страны Германия, у которых указан год появления модели в диапазоне 1980–1999."
cars_l2_0175,cars,L2,cars_country_year,"{""country_qid"": ""Q38"", ""country_ru"": ""Италия"", ""source_dataset"": ""wikidata"", ""y1"": 1960, ""y2"": 1979}","{""country_ru"": ""Италия"", ""kind"": ""car_model"", ""year_from"": 1960, ""year_to"": 1979}",,"Назови 5 моделей автомобилей производителей из страны Италия, у которых указан год появления модели в диапазоне 1960–1979."
cars_l2_0177,cars,L2,cars_country_year,"{""country_qid"": ""Q17"", ""country_ru"": ""Япония"", ""source_dataset"": ""wikidata"", ""y1"": 1960, ""y2"": 1979}","{""country_ru"": ""Япония"", ""kind"": ""car_model"", ""year_from"": 1960, ""year_to"": 1979}",,"Назови 5 моделей автомобилей производителей из страны Япония, у которых указан год появления модели в диапазоне 1960–1979."
cars_l2_0179,cars,L2,cars_country_year,"{""country_qid"": ""Q30"", ""country_ru"": ""США"", ""source_dataset"": ""wikidata"", ""y1"": 1980, ""y2"": 1999}","{""country_ru"": ""США"", ""kind"": ""car_model"", ""year_from"": 1980, ""year_to"": 1999}",,"Назови 5 моделей автомобилей производителей из страны США, у которых указан год появления модели в диапазоне 1980–1999."
cars_l2_0181,cars,L2,cars_country_year,"{""country_qid"": ""Q884"", ""country_ru"": ""Южная Корея"", ""source_dataset"": ""wikidata"", ""y1"": 2000, ""y2"": 2020}","{""country_ru"": ""Южная Корея"", ""kind"": ""car_model"", ""year_from"": 2000, ""year_to"": 2020}",,"Назови 5 моделей автомобилей производителей из страны Южная Корея, у которых указан год появления модели в диапазоне 2000–2020."
cars_l2_0183,cars,L2,cars_country_year,"{""country_qid"": ""Q183"", ""country_ru"": ""Германия"", ""source_dataset"": ""wikidata"", ""y1"": 2000, ""y2"": 2020}","{""country_ru"": ""Германия"", ""kind"": ""car_model"", ""year_from"": 2000, ""year_to"": 2020}",,"Назови 5 моделей автомобилей производителей из страны Германия, у которых указан год появления модели в диапазоне 2000–2020."
cars_l2_0185,cars,L2,cars_country_year,"{""country_qid"": ""Q145"", ""country_ru"": ""Великобритания"", ""source_dataset"": ""wikidata"", ""y1"": 1960, ""y2"": 1979}","{""country_ru"": ""Великобритания"", ""kind"": ""car_model"", ""year_from"": 1960, ""year_to"": 1979}",,"Назови 5 моделей автомобилей производителей из страны Великобритания, у которых указан год появления модели в диапазоне 1960–1979."
cars_l2_0187,cars,L2,cars_country_year,"{""country_qid"": ""Q30"", ""country_ru"": ""США"", ""source_dataset"": ""wikidata"", ""y1"": 1960, ""y2"": 1979}","{""country_ru"": ""США"", ""kind"": ""car_model"", ""year_from"": 1960, ""year_to"": 1979}",,"Назови 5 моделей автомобилей производителей из страны США, у которых указан год появления модели в диапазоне 1960–1979."
cars_l2_0189,cars,L2,cars_country_year,"{""country_qid"": ""Q148"", ""country_ru"": ""Китай"", ""source_dataset"": ""wikidata"", ""y1"": 2000, ""y2"": 2020}","{""country_ru"": ""Китай"", ""kind"": ""car_model"", ""year_from"": 2000, ""year_to"": 2020}",,"Назови 5 моделей автомобилей производителей из страны Китай, у которых указан год появления модели в диапазоне 2000–2020."
cars_l2_0191,cars,L2,cars_country_year,"{""country_qid"": ""Q38"", ""country_ru"": ""Италия"", ""source_dataset"": ""wikidata"", ""y1"": 1980, ""y2"": 1999}","{""country_ru"": ""Италия"", ""kind"": ""car_model"", ""year_from"": 1980, ""year_to"": 1999}",,"Назови 5 моделей автомобилей производителей из страны Италия, у которых указан год появления модели в диапазоне 1980–1999."
cars_l2_0193,cars,L2,cars_country_year,"{""country_qid"": ""Q17"", ""country_ru"": ""Япония"", ""source_dataset"": ""wikidata"", ""y1"": 2000, ""y2"": 2020}","{""country_ru"": ""Япония"", ""kind"": ""car_model"", ""year_from"": 2000, ""year_to"": 2020}",,"Назови 5 моделей автомобилей производителей из страны Япония, у которых указан год появления модели в диапазоне 2000–2020."
cars_l3_0183,cars,L3,cars_country_year_manufacturer,"{""country_qid"": ""Q30"", ""country_ru"": ""США"", ""manufacturer_qid"": ""Q44294"", ""manufacturer_ru"": ""Ford"", ""source_dataset"": ""wikidata"", ""y1"": 2000, ""y2"": 2020}","{""country_ru"": ""США"", ""kind"": ""car_model"", ""manufacturer_ru"": ""Ford"", ""year_from"": 2000, ""year_to"": 2020}",,"Назови 5 моделей автомобилей производителя Ford из страны США, у которых указан год появления модели в диапазоне 2000–2020."
cars_l3_0185,cars,L3,cars_country_year_manufacturer,"{""country_qid"": ""Q142"", ""country_ru"": ""Франция"", ""manufacturer_qid"": ""Q6742"", ""manufacturer_ru"": ""Peugeot"", ""source_dataset"": ""wikidata"", ""y1"": 2000, ""y2"": 2020}","{""country_ru"": ""Франция"", ""kind"": ""car_model"", ""manufacturer_ru"": ""Peugeot"", ""year_from"": 2000, ""year_to"": 2020}",,"Назови 5 моделей автомобилей производителя Peugeot из страны Франция, у которых указан год появления модели в диапазоне 2000–2020."
cars_l3_0187,cars,L3,cars_country_year_manufacturer,"{""country_qid"": ""Q17"", ""country_ru"": ""Япония"", ""manufacturer_qid"": ""Q9584"", ""manufacturer_ru"": ""Honda"", ""source_dataset"": ""wikidata"", ""y1"": 2000, ""y2"": 2020}","{""country_ru"": ""Япония"", ""kind"": ""car_model"", ""manufacturer_ru"": ""Honda"", ""year_from"": 2000, ""year_to"": 2020}",,"Назови 5 моделей автомобилей производителя Honda из страны Япония, у которых указан год появления модели в диапазоне 2000–2020."
cars_l3_0189,cars,L3,cars_country_year_manufacturer,"{""country_qid"": ""Q142"", ""country_ru"": ""Франция"", ""manufacturer_qid"": ""Q6746"", ""manufacturer_ru"": ""Citroën"", ""source_dataset"": ""wikidata"", ""y1"": 2000, ""y2"": 2020}","{""country_ru"": ""Франция"", ""kind"": ""car_model"", ""manufacturer_ru"": ""Citroën"", ""year_from"": 2000, ""year_to"": 2020}",,"Назови 5 моделей автомобилей производителя Citroën из страны Франция, у которых указан год появления модели в диапазоне 2000–2020."
cars_l3_0191,cars,L3,cars_country_year_manufacturer,"{""country_qid"": ""Q30"", ""country_ru"": ""США"", ""manufacturer_qid"": ""Q81965"", ""manufacturer_ru"": ""General Motors"", ""source_dataset"": ""wikidata"", ""y1"": 1960, ""y2"": 1979}","{""country_ru"": ""США"", ""kind"": ""car_model"", ""manufacturer_ru"": ""General Motors"", ""year_from"": 1960, ""year_to"": 1979}",,"Назови 5 моделей автомобилей производителя General Motors из страны США, у которых указан год появления модели в диапазоне 1960–1979."
cars_l3_0193,cars,L3,cars_country_year_manufacturer,"{""country_qid"": ""Q30"", ""country_ru"": ""США"", ""manufacturer_qid"": ""Q44294"", ""manufacturer_ru"": ""Ford"", ""source_dataset"": ""wikidata"", ""y1"": 1980, ""y2"": 1999}","{""country_ru"": ""США"", ""kind"": ""car_model"", ""manufacturer_ru"": ""Ford"", ""year_from"": 1980, ""year_to"": 1999}",,"Назови 5 моделей автомобилей производителя Ford из страны США, у которых указан год появления модели в диапазоне 1980–1999."
cars_l3_0195,cars,L3,cars_country_year_manufacturer,"{""country_qid"": ""Q38"", ""country_ru"": ""Италия"", ""manufacturer_qid"": ""Q27597"", ""manufacturer_ru"": ""Fiat"", ""source_dataset"": ""wikidata"", ""y1"": 1980, ""y2"": 1999}","{""country_ru"": ""Италия"", ""kind"": ""car_model"", ""manufacturer_ru"": ""Fiat"", ""year_from"": 1980, ""year_to"": 1999}",,"Назови 5 моделей автомобилей производителя Fiat из страны Италия, у которых указан год появления модели в диапазоне 1980–1999."
cars_l3_0197,cars,L3,cars_country_year_manufacturer,"{""country_qid"": ""Q183"", ""country_ru"": ""Германия"", ""manufacturer_qid"": ""Q23317"", ""manufacturer_ru"": ""Audi"", ""source_dataset"": ""wikidata"", ""y1"": 2000, ""y2"": 2020}","{""country_ru"": ""Германия"", ""kind"": ""car_model"", ""manufacturer_ru"": ""Audi"", ""year_from"": 2000, ""year_to"": 2020}",,"Назови 5 моделей автомобилей производителя Audi из страны Германия, у которых указан год появления модели в диапазоне 2000–2020."
cars_l3_0199,cars,L3,cars_country_year_manufacturer,"{""country_qid"": ""Q183"", ""country_ru"": ""Германия"", ""manufacturer_qid"": ""Q27530"", ""manufacturer_ru"": ""Mercedes-Benz Group"", ""source_dataset"": ""wikidata"", ""y1"": 2000, ""y2"": 2020}","{""country_ru"": ""Германия"", ""kind"": ""car_model"", ""manufacturer_ru"": ""Mercedes-Benz Group"", ""year_from"": 2000, ""year_to"": 2020}",,"Назови 5 моделей автомобилей производителя Mercedes-Benz Group из страны Германия, у которых указан год появления модели в диапазоне 2000–2020."
cars_l3_0201,cars,L3,cars_country_year_manufacturer,"{""country_qid"": ""Q30"", ""country_ru"": ""США"", ""manufacturer_qid"": ""Q181114"", ""manufacturer_ru"": ""Stellantis North America"", ""source_dataset"": ""wikidata"", ""y1"": 2000, ""y2"": 2020}","{""country_ru"": ""США"", ""kind"": ""car_model"", ""manufacturer_ru"": ""Stellantis North America"", ""year_from"": 2000, ""year_to"": 2020}",,"Назови 5 моделей автомобилей производителя Stellantis North America из страны США, у которых указан год появления модели в диапазоне 2000–2020."
cars_l3_0203,cars,L3,cars_country_year_manufacturer,"{""country_qid"": ""Q17"", ""country_ru"": ""Япония"", ""manufacturer_qid"": ""Q20165"", ""manufacturer_ru"": ""Nissan"", ""source_dataset"": ""wikidata"", ""y1"": 2000, ""y2"": 2020}","{""country_ru"": ""Япония"", ""kind"": ""car_model"", ""manufacturer_ru"": ""Nissan"", ""year_from"": 2000, ""year_to"": 2020}",,"Назови 5 моделей автомобилей производителя Nissan из страны Япония, у которых указан год появления модели в диапазоне 2000–2020."
cars_l3_0205,cars,L3,cars_country_year_manufacturer,"{""country_qid"": ""Q38"", ""country_ru"": ""Италия"", ""manufacturer_qid"": ""Q27597"", ""manufacturer_ru"": ""Fiat"", ""source_dataset"": ""wikidata"", ""y1"": 2000, ""y2"": 2020}","{""country_ru"": ""Италия"", ""kind"": ""car_model"", ""manufacturer_ru"": ""Fiat"", ""year_from"": 2000, ""year_to"": 2020}",,"Назови 5 моделей автомобилей производителя Fiat из страны Италия, у которых указан год появления модели в диапазоне 2000–2020."
cars_l3_0207,cars,L3,cars_country_year_manufacturer,"{""country_qid"": ""Q30"", ""country_ru"": ""США"", ""manufacturer_qid"": ""Q81965"", ""manufacturer_ru"": ""General Motors"", ""source_dataset"": ""wikidata"", ""y1"": 2000, ""y2"": 2020}","{""country_ru"": ""США"", ""kind"": ""car_model"", ""manufacturer_ru"": ""General Motors"", ""year_from"": 2000, ""year_to"": 2020}",,"Назови 5 моделей автомобилей производителя General Motors из страны США, у которых указан год появления модели в диапазоне 2000–2020."
cars_l3_0209,cars,L3,cars_country_year_manufacturer,"{""country_qid"": ""Q30"", ""country_ru"": ""США"", ""manufacturer_qid"": ""Q44294"", ""manufacturer_ru"": ""Ford"", ""source_dataset"": ""wikidata"", ""y1"": 1960, ""y2"": 1979}","{""country_ru"": ""США"", ""kind"": ""car_model"", ""manufacturer_ru"": ""Ford"", ""year_from"": 1960, ""year_to"": 1979}",,"Назови 5 моделей автомобилей производителя Ford из страны США, у которых указан год появления модели в диапазоне 1960–1979."
cars_l3_0211,cars,L3,cars_country_year_manufacturer,"{""country_qid"": ""Q183"", ""country_ru"": ""Германия"", ""manufacturer_qid"": ""Q26678"", ""manufacturer_ru"": ""BMW"", ""source_dataset"": ""wikidata"", ""y1"": 2000, ""y2"": 2020}","{""country_ru"": ""Германия"", ""kind"": ""car_model"", ""manufacturer_ru"": ""BMW"", ""year_from"": 2000, ""year_to"": 2020}",,"Назови 5 моделей автомобилей производителя BMW из страны Германия, у которых указан год появления модели в диапазоне 2000–2020."
cars_l4_0198,cars,L4,cars_two_countries_year,"{""country1_qid"": ""Q183"", ""country1_ru"": ""Германия"", ""country2_qid"": ""Q884"", ""country2_ru"": ""Южная Корея"", ""source_dataset"": ""wikidata"", ""y1"": 1980, ""y2"": 2020}","{""country_ru"": ""Германия или Южная Корея"", ""kind"": ""car_model"", ""year_from"": 1980, ""year_to"": 2020}",,"Назови 8 моделей автомобилей производителей из страны Германия или Южная Корея, у которых указан год появления модели в диапазоне 1980–2020."
cars_l4_0200,cars,L4,cars_two_countries_year,"{""country1_qid"": ""Q38"", ""country1_ru"": ""Италия"", ""country2_qid"": ""Q145"", ""country2_ru"": ""Великобритания"", ""source_dataset"": ""wikidata"", ""y1"": 1960, ""y2"": 1999}","{""country_ru"": ""Италия или Великобритания"", ""kind"": ""car_model"", ""year_from"": 1960, ""year_to"": 1999}",,"Назови 8 моделей автомобилей производителей из страны Италия или Великобритания, у которых указан год появления модели в диапазоне 1960–1999."
cars_l4_0202,cars,L4,cars_two_countries_year,"{""country1_qid"": ""Q17"", ""country1_ru"": ""Япония"", ""country2_qid"": ""Q183"", ""country2_ru"": ""Германия"", ""source_dataset"": ""wikidata"", ""y1"": 1960, ""y2"": 1999}","{""country_ru"": ""Япония или Германия"", ""kind"": ""car_model"", ""year_from"": 1960, ""year_to"": 1999}",,"Назови 8 моделей автомобилей производителей из страны Япония или Германия, у которых указан год появления модели в диапазоне 1960–1999."
cars_l4_0204,cars,L4,cars_two_countries_year,"{""country1_qid"": ""Q183"", ""country1_ru"": ""Германия"", ""country2_qid"": ""Q145"", ""country2_ru"": ""Великобритания"", ""source_dataset"": ""wikidata"", ""y1"": 1980, ""y2"": 2020}","{""country_ru"": ""Германия или Великобритания"", ""kind"": ""car_model"", ""year_from"": 1980, ""year_to"": 2020}",,"Назови 8 моделей автомобилей производителей из страны Германия или Великобритания, у которых указан год появления модели в диапазоне 1980–2020."
cars_l4_0206,cars,L4,cars_two_countries_year,"{""country1_qid"": ""Q884"", ""country1_ru"": ""Южная Корея"", ""country2_qid"": ""Q30"", ""country2_ru"": ""США"", ""source_dataset"": ""wikidata"", ""y1"": 1960, ""y2"": 1999}","{""country_ru"": ""Южная Корея или США"", ""kind"": ""car_model"", ""year_from"": 1960, ""year_to"": 1999}",,"Назови 8 моделей автомобилей производителей из страны Южная Корея или США, у которых указан год появления модели в диапазоне 1960–1999."
cars_l4_0208,cars,L4,cars_two_countries_year,"{""country1_qid"": ""Q148"", ""country1_ru"": ""Китай"", ""country2_qid"": ""Q17"", ""country2_ru"": ""Япония"", ""source_dataset"": ""wikidata"", ""y1"": 1980, ""y2"": 2020}","{""country_ru"": ""Китай или Япония"", ""kind"": ""car_model"", ""year_from"": 1980, ""year_to"": 2020}",,"Назови 8 моделей автомобилей производителей из страны Китай или Япония, у которых указан год появления модели в диапазоне 1980–2020."
cars_l4_0210,cars,L4,cars_two_countries_year,"{""country1_qid"": ""Q17"", ""country1_ru"": ""Япония"", ""country2_qid"": ""Q148"", ""country2_ru"": ""Китай"", ""source_dataset"": ""wikidata"", ""y1"": 1960, ""y2"": 1999}","{""country_ru"": ""Япония или Китай"", ""kind"": ""car_model"", ""year_from"": 1960, ""year_to"": 1999}",,"Назови 8 моделей автомобилей производителей из страны Япония или Китай, у которых указан год появления модели в диапазоне 1960–1999."
cars_l4_0212,cars,L4,cars_two_countries_year,"{""country1_qid"": ""Q183"", ""country1_ru"": ""Германия"", ""country2_qid"": ""Q30"", ""country2_ru"": ""США"", ""source_dataset"": ""wikidata"", ""y1"": 1950, ""y2"": 1985}","{""country_ru"": ""Германия или США"", ""kind"": ""car_model"", ""year_from"": 1950, ""year_to"": 1985}",,"Назови 8 моделей автомобилей производителей из страны Германия или США, у которых указан год появления модели в диапазоне 1950–1985."
cars_l4_0214,cars,L4,cars_two_countries_year,"{""country1_qid"": ""Q38"", ""country1_ru"": ""Италия"", ""country2_qid"": ""Q148"", ""country2_ru"": ""Китай"", ""source_dataset"": ""wikidata"", ""y1"": 1960, ""y2"": 1999}","{""country_ru"": ""Италия или Китай"", ""kind"": ""car_model"", ""year_from"": 1960, ""year_to"": 1999}",,"Назови 8 моделей автомобилей производителей из страны Италия или Китай, у которых указан год появления модели в диапазоне 1960–1999."
cars_l4_0216,cars,L4,cars_two_countries_year,"{""country1_qid"": ""Q148"", ""country1_ru"": ""Китай"", ""country2_qid"": ""Q38"", ""country2_ru"": ""Италия"", ""source_dataset"": ""wikidata"", ""y1"": 1960, ""y2"": 1999}","{""country_ru"": ""Китай или Италия"", ""kind"": ""car_model"", ""year_from"": 1960, ""year_to"": 1999}",,"Назови 8 моделей автомобилей производителей из страны Китай или Италия, у которых указан год появления модели в диапазоне 1960–1999."
universities_l1_0173,universities,L1,universities_country_year_fast,"{""country_qid"": ""Q142"", ""country_ru"": ""Франция"", ""macro_region_ru"": ""Европа"", ""source_dataset"": ""wikidata"", ""y1"": null, ""y2"": null}","{""country_ru"": ""Франция"", ""kind"": ""university""}",,Перечисли 5 университетов страны «Франция».
universities_l1_0175,universities,L1,universities_country_year_fast,"{""country_qid"": ""Q30"", ""country_ru"": ""США"", ""macro_region_ru"": ""Северная Америка"", ""source_dataset"": ""wikidata"", ""y1"": null, ""y2"": null}","{""country_ru"": ""США"", ""kind"": ""university""}",,Перечисли 5 университетов страны «США».
universities_l1_0177,universities,L1,universities_country_year_fast,"{""country_qid"": ""Q159"", ""country_ru"": ""Россия"", ""macro_region_ru"": ""РФ"", ""source_dataset"": ""wikidata"", ""y1"": null, ""y2"": null}","{""country_ru"": ""Россия"", ""kind"": ""university""}",,Перечисли 5 университетов страны «Россия».
universities_l1_0179,universities,L1,universities_country_year_fast,"{""country_qid"": ""Q213"", ""country_ru"": ""Чехия"", ""macro_region_ru"": ""Европа"", ""source_dataset"": ""wikidata"", ""y1"": null, ""y2"": null}","{""country_ru"": ""Чехия"", ""kind"": ""university""}",,Перечисли 5 университетов страны «Чехия».
universities_l1_0181,universities,L1,universities_country_year_fast,"{""country_qid"": ""Q145"", ""country_ru"": ""Великобритания"", ""macro_region_ru"": ""Европа"", ""source_dataset"": ""wikidata"", ""y1"": null, ""y2"": null}","{""country_ru"": ""Великобритания"", ""kind"": ""university""}",,Перечисли 5 университетов страны «Великобритания».
universities_l1_0183,universities,L1,universities_country_year_fast,"{""country_qid"": ""Q55"", ""country_ru"": ""Нидерланды"", ""macro_region_ru"": ""Европа"", ""source_dataset"": ""wikidata"", ""y1"": null, ""y2"": null}","{""country_ru"": ""Нидерланды"", ""kind"": ""university""}",,Перечисли 5 университетов страны «Нидерланды».
universities_l1_0185,universities,L1,universities_country_year_fast,"{""country_qid"": ""Q27"", ""country_ru"": ""Ирландия"", ""macro_region_ru"": ""Европа"", ""source_dataset"": ""wikidata"", ""y1"": null, ""y2"": null}","{""country_ru"": ""Ирландия"", ""kind"": ""university""}",,Перечисли 5 университетов страны «Ирландия».
universities_l1_0187,universities,L1,universities_country_year_fast,"{""country_qid"": ""Q33"", ""country_ru"": ""Финляндия"", ""macro_region_ru"": ""Европа"", ""source_dataset"": ""wikidata"", ""y1"": null, ""y2"": null}","{""country_ru"": ""Финляндия"", ""kind"": ""university""}",,Перечисли 5 университетов страны «Финляндия».
universities_l1_0189,universities,L1,universities_country_year_fast,"{""country_qid"": ""Q16"", ""country_ru"": ""Канада"", ""macro_region_ru"": ""Северная Америка"", ""source_dataset"": ""wikidata"", ""y1"": null, ""y2"": null}","{""country_ru"": ""Канада"", ""kind"": ""university""}",,Перечисли 5 университетов страны «Канада».
universities_l1_0191,universities,L1,universities_country_year_fast,"{""country_qid"": ""Q38"", ""country_ru"": ""Италия"", ""macro_region_ru"": ""Европа"", ""source_dataset"": ""wikidata"", ""y1"": null, ""y2"": null}","{""country_ru"": ""Италия"", ""kind"": ""university""}",,Перечисли 5 университетов страны «Италия».
universities_l2_0183,universities,L2,universities_country_year_fast,"{""country_qid"": ""Q142"", ""country_ru"": ""Франция"", ""macro_region_ru"": ""Европа"", ""source_dataset"": ""wikidata"", ""y1"": 1900, ""y2"": 2025}","{""country_ru"": ""Франция"", ""kind"": ""university"", ""year_from"": 1900, ""year_to"": 2025}",,"Перечисли 5 университетов страны «Франция», которые были основаны в период 1900–2025."
universities_l2_0185,universities,L2,universities_country_year_fast,"{""country_qid"": ""Q38"", ""country_ru"": ""Италия"", ""macro_region_ru"": ""Европа"", ""source_dataset"": ""wikidata"", ""y1"": 1900, ""y2"": 2025}","{""country_ru"": ""Италия"", ""kind"": ""university"", ""year_from"": 1900, ""year_to"": 2025}",,"Перечисли 5 университетов страны «Италия», которые были основаны в период 1900–2025."
universities_l2_0189,universities,L2,universities_country_year_fast,"{""country_qid"": ""Q183"", ""country_ru"": ""Германия"", ""macro_region_ru"": ""Европа"", ""source_dataset"": ""wikidata"", ""y1"": 1800, ""y2"": 2025}","{""country_ru"": ""Германия"", ""kind"": ""university"", ""year_from"": 1800, ""year_to"": 2025}",,"Перечисли 5 университетов страны «Германия», которые были основаны в период 1800–2025."
universities_l2_0197,universities,L2,universities_country_year_fast,"{""country_qid"": ""Q159"", ""country_ru"": ""Россия"", ""macro_region_ru"": ""РФ"", ""source_dataset"": ""wikidata"", ""y1"": 1850, ""y2"": 2025}","{""country_ru"": ""Россия"", ""kind"": ""university"", ""year_from"": 1850, ""year_to"": 2025}",,"Перечисли 5 университетов страны «Россия», которые были основаны в период 1850–2025."
universities_l2_0201,universities,L2,universities_country_year_fast,"{""country_qid"": ""Q33"", ""country_ru"": ""Финляндия"", ""macro_region_ru"": ""Европа"", ""source_dataset"": ""wikidata"", ""y1"": 1900, ""y2"": 2025}","{""country_ru"": ""Финляндия"", ""kind"": ""university"", ""year_from"": 1900, ""year_to"": 2025}",,"Перечисли 5 университетов страны «Финляндия», которые были основаны в период 1900–2025."
universities_l2_0205,universities,L2,universities_country_year_fast,"{""country_qid"": ""Q29"", ""country_ru"": ""Испания"", ""macro_region_ru"": ""Европа"", ""source_dataset"": ""wikidata"", ""y1"": 1950, ""y2"": 2025}","{""country_ru"": ""Испания"", ""kind"": ""university"", ""year_from"": 1950, ""year_to"": 2025}",,"Перечисли 5 университетов страны «Испания», которые были основаны в период 1950–2025."
universities_l3_0195,universities,L3,universities_country_year_fast,"{""country_qid"": ""Q55"", ""country_ru"": ""Нидерланды"", ""macro_region_ru"": ""Европа"", ""source_dataset"": ""wikidata"", ""y1"": 1850, ""y2"": 1999}","{""country_ru"": ""Нидерланды"", ""kind"": ""university"", ""year_from"": 1850, ""year_to"": 1999}",,"Перечисли 4 университетов страны «Нидерланды», которые были основаны в период 1850–1999."
universities_l3_0197,universities,L3,universities_country_year_fast,"{""country_qid"": ""Q36"", ""country_ru"": ""Польша"", ""macro_region_ru"": ""Европа"", ""source_dataset"": ""wikidata"", ""y1"": 1850, ""y2"": 1999}","{""country_ru"": ""Польша"", ""kind"": ""university"", ""year_from"": 1850, ""year_to"": 1999}",,"Перечисли 4 университетов страны «Польша», которые были основаны в период 1850–1999."
universities_l3_0199,universities,L3,universities_country_year_fast,"{""country_qid"": ""Q40"", ""country_ru"": ""Австрия"", ""macro_region_ru"": ""Европа"", ""source_dataset"": ""wikidata"", ""y1"": 1800, ""y2"": 1999}","{""country_ru"": ""Австрия"", ""kind"": ""university"", ""year_from"": 1800, ""year_to"": 1999}",,"Перечисли 4 университетов страны «Австрия», которые были основаны в период 1800–1999."
universities_l3_0201,universities,L3,universities_country_year_fast,"{""country_qid"": ""Q145"", ""country_ru"": ""Великобритания"", ""macro_region_ru"": ""Европа"", ""source_dataset"": ""wikidata"", ""y1"": 1900, ""y2"": 1999}","{""country_ru"": ""Великобритания"", ""kind"": ""university"", ""year_from"": 1900, ""year_to"": 1999}",,"Перечисли 4 университетов страны «Великобритания», которые были основаны в период 1900–1999."
universities_l3_0209,universities,L3,universities_country_year_fast,"{""country_qid"": ""Q55"", ""country_ru"": ""Нидерланды"", ""macro_region_ru"": ""Европа"", ""source_dataset"": ""wikidata"", ""y1"": 1950, ""y2"": 2025}","{""country_ru"": ""Нидерланды"", ""kind"": ""university"", ""year_from"": 1950, ""year_to"": 2025}",,"Перечисли 4 университетов страны «Нидерланды», которые были основаны в период 1950–2025."
universities_l3_0211,universities,L3,universities_country_year_fast,"{""country_qid"": ""Q30"", ""country_ru"": ""США"", ""macro_region_ru"": ""Северная Америка"", ""source_dataset"": ""wikidata"", ""y1"": 1900, ""y2"": 1999}","{""country_ru"": ""США"", ""kind"": ""university"", ""year_from"": 1900, ""year_to"": 1999}",,"Перечисли 4 университетов страны «США», которые были основаны в период 1900–1999."
universities_l3_0213,universities,L3,universities_country_year_fast,"{""country_qid"": ""Q27"", ""country_ru"": ""Ирландия"", ""macro_region_ru"": ""Европа"", ""source_dataset"": ""wikidata"", ""y1"": 1850, ""y2"": 1999}","{""country_ru"": ""Ирландия"", ""kind"": ""university"", ""year_from"": 1850, ""year_to"": 1999}",,"Перечисли 4 университетов страны «Ирландия», которые были основаны в период 1850–1999."
universities_l3_0215,universities,L3,universities_country_year_fast,"{""country_qid"": ""Q213"", ""country_ru"": ""Чехия"", ""macro_region_ru"": ""Европа"", ""source_dataset"": ""wikidata"", ""y1"": 1950, ""y2"": 2025}","{""country_ru"": ""Чехия"", ""kind"": ""university"", ""year_from"": 1950, ""year_to"": 2025}",,"Перечисли 4 университетов страны «Чехия», которые были основаны в период 1950–2025."
universities_l3_0217,universities,L3,universities_country_year_fast,"{""country_qid"": ""Q39"", ""country_ru"": ""Швейцария"", ""macro_region_ru"": ""Европа"", ""source_dataset"": ""wikidata"", ""y1"": 1800, ""y2"": 1999}","{""country_ru"": ""Швейцария"", ""kind"": ""university"", ""year_from"": 1800, ""year_to"": 1999}",,"Перечисли 4 университетов страны «Швейцария», которые были основаны в период 1800–1999."
universities_l3_0223,universities,L3,universities_country_year_fast,"{""country_qid"": ""Q16"", ""country_ru"": ""Канада"", ""macro_region_ru"": ""Северная Америка"", ""source_dataset"": ""wikidata"", ""y1"": 1900, ""y2"": 1999}","{""country_ru"": ""Канада"", ""kind"": ""university"", ""year_from"": 1900, ""year_to"": 1999}",,"Перечисли 4 университетов страны «Канада», которые были основаны в период 1900–1999."
universities_l4_0212,universities,L4,universities_country_year_fast,"{""country_qid"": ""Q30"", ""country_ru"": ""США"", ""macro_region_ru"": ""Северная Америка"", ""source_dataset"": ""wikidata"", ""y1"": 1700, ""y2"": 1899}","{""country_ru"": ""США"", ""kind"": ""university"", ""year_from"": 1700, ""year_to"": 1899}",,"Перечисли 3 университетов страны «США», которые были основаны в период 1700–1899. Если таких меньше 3, перечисли все, сколько найдётся."
universities_l4_0214,universities,L4,universities_country_year_fast,"{""country_qid"": ""Q142"", ""country_ru"": ""Франция"", ""macro_region_ru"": ""Европа"", ""source_dataset"": ""wikidata"", ""y1"": 1700, ""y2"": 1899}","{""country_ru"": ""Франция"", ""kind"": ""university"", ""year_from"": 1700, ""year_to"": 1899}",,"Перечисли 3 университетов страны «Франция», которые были основаны в период 1700–1899. Если таких меньше 3, перечисли все, сколько найдётся."
universities_l4_0216,universities,L4,universities_country_year_fast,"{""country_qid"": ""Q159"", ""country_ru"": ""Россия"", ""macro_region_ru"": ""РФ"", ""source_dataset"": ""wikidata"", ""y1"": 1600, ""y2"": 1899}","{""country_ru"": ""Россия"", ""kind"": ""university"", ""year_from"": 1600, ""year_to"": 1899}",,"Перечисли 3 университетов страны «Россия», которые были основаны в период 1600–1899. Если таких меньше 3, перечисли все, сколько найдётся."
universities_l4_0218,universities,L4,universities_country_year_fast,"{""country_qid"": ""Q55"", ""country_ru"": ""Нидерланды"", ""macro_region_ru"": ""Европа"", ""source_dataset"": ""wikidata"", ""y1"": 1800, ""y2"": 1949}","{""country_ru"": ""Нидерланды"", ""kind"": ""university"", ""year_from"": 1800, ""year_to"": 1949}",,"Перечисли 3 университетов страны «Нидерланды», которые были основаны в период 1800–1949. Если таких меньше 3, перечисли все, сколько найдётся."
universities_l4_0220,universities,L4,universities_country_year_fast,"{""country_qid"": ""Q38"", ""country_ru"": ""Италия"", ""macro_region_ru"": ""Европа"", ""source_dataset"": ""wikidata"", ""y1"": 1700, ""y2"": 1899}","{""country_ru"": ""Италия"", ""kind"": ""university"", ""year_from"": 1700, ""year_to"": 1899}",,"Перечисли 3 университетов страны «Италия», которые были основаны в период 1700–1899. Если таких меньше 3, перечисли все, сколько найдётся."
universities_l4_0222,universities,L4,universities_country_year_fast,"{""country_qid"": ""Q39"", ""country_ru"": ""Швейцария"", ""macro_region_ru"": ""Европа"", ""source_dataset"": ""wikidata"", ""y1"": 1700, ""y2"": 1899}","{""country_ru"": ""Швейцария"", ""kind"": ""university"", ""year_from"": 1700, ""year_to"": 1899}",,"Перечисли 3 университетов страны «Швейцария», которые были основаны в период 1700–1899. Если таких меньше 3, перечисли все, сколько найдётся."
universities_l4_0224,universities,L4,universities_country_year_fast,"{""country_qid"": ""Q38"", ""country_ru"": ""Италия"", ""macro_region_ru"": ""Европа"", ""source_dataset"": ""wikidata"", ""y1"": 1800, ""y2"": 1949}","{""country_ru"": ""Италия"", ""kind"": ""university"", ""year_from"": 1800, ""year_to"": 1949}",,"Перечисли 3 университетов страны «Италия», которые были основаны в период 1800–1949. Если таких меньше 3, перечисли все, сколько найдётся."
universities_l4_0226,universities,L4,universities_country_year_fast,"{""country_qid"": ""Q145"", ""country_ru"": ""Великобритания"", ""macro_region_ru"": ""Европа"", ""source_dataset"": ""wikidata"", ""y1"": 1600, ""y2"": 1899}","{""country_ru"": ""Великобритания"", ""kind"": ""university"", ""year_from"": 1600, ""year_to"": 1899}",,"Перечисли 3 университетов страны «Великобритания», которые были основаны в период 1600–1899. Если таких меньше 3, перечисли все, сколько найдётся."
universities_l4_0228,universities,L4,universities_country_year_fast,"{""country_qid"": ""Q39"", ""country_ru"": ""Швейцария"", ""macro_region_ru"": ""Европа"", ""source_dataset"": ""wikidata"", ""y1"": 1800, ""y2"": 1949}","{""country_ru"": ""Швейцария"", ""kind"": ""university"", ""year_from"": 1800, ""year_to"": 1949}",,"Перечисли 3 университетов страны «Швейцария», которые были основаны в период 1800–1949. Если таких меньше 3, перечисли все, сколько найдётся."
smartphones_l1_00175,smartphones,L1,smartphones_L1_maker,"{""maker_label_ru"": ""Meizu"", ""maker_qid"": ""Q1143917"", ""os_label_ru"": ""Android"", ""os_qid"": ""Q94"", ""source_dataset"": ""wikidata""}","{""kind"": ""smartphone"", ""manufacturer_ru"": ""Meizu""}",,Назови 2 моделей смартфонов производителя «Meizu».
smartphones_l1_00178,smartphones,L1,smartphones_maker_only,"{""maker_label_ru"": ""Panasonic Mobile Communications"", ""maker_qid"": ""Q11329130"", ""source_dataset"": ""wikidata""}","{""kind"": ""smartphone"", ""manufacturer_ru"": ""Panasonic Mobile Communications""}",,Назови 5 моделей смартфонов производителя «Panasonic Mobile Communications».
smartphones_l1_00180,smartphones,L1,smartphones_maker_only,"{""maker_label_ru"": ""BQ"", ""maker_qid"": ""Q5475789"", ""source_dataset"": ""wikidata""}","{""kind"": ""smartphone"", ""manufacturer_ru"": ""BQ""}",,Назови 5 моделей смартфонов производителя «BQ».
smartphones_l1_00182,smartphones,L1,smartphones_maker_only,"{""maker_label_ru"": ""ASUS"", ""maker_qid"": ""Q152864"", ""source_dataset"": ""wikidata""}","{""kind"": ""smartphone"", ""manufacturer_ru"": ""ASUS""}",,Назови 5 моделей смартфонов производителя «ASUS».
smartphones_l1_00184,smartphones,L1,smartphones_maker_only,"{""maker_label_ru"": ""Lenovo"", ""maker_qid"": ""Q14799"", ""source_dataset"": ""wikidata""}","{""kind"": ""smartphone"", ""manufacturer_ru"": ""Lenovo""}",,Назови 5 моделей смартфонов производителя «Lenovo».
smartphones_l1_00186,smartphones,L1,smartphones_maker_only,"{""maker_label_ru"": ""Palm"", ""maker_qid"": ""Q854437"", ""source_dataset"": ""wikidata""}","{""kind"": ""smartphone"", ""manufacturer_ru"": ""Palm""}",,Назови 5 моделей смартфонов производителя «Palm».
smartphones_l1_00188,smartphones,L1,smartphones_maker_only,"{""maker_label_ru"": ""Honor"", ""maker_qid"": ""Q27070331"", ""source_dataset"": ""wikidata""}","{""kind"": ""smartphone"", ""manufacturer_ru"": ""Honor""}",,Назови 5 моделей смартфонов производителя «Honor».
smartphones_l1_00190,smartphones,L1,smartphones_maker_only,"{""maker_label_ru"": ""Samsung Group"", ""maker_qid"": ""Q20716"", ""source_dataset"": ""wikidata""}","{""kind"": ""smartphone"", ""manufacturer_ru"": ""Samsung Group""}",,Назови 5 моделей смартфонов производителя «Samsung Group».
smartphones_l2_00185,smartphones,L2,smartphones_maker_year_window,"{""maker_label_ru"": ""Sony Mobile Communications"", ""maker_qid"": ""Q376692"", ""source_dataset"": ""wikidata"", ""year_from"": 2012, ""year_to"": 2013}","{""kind"": ""smartphone"", ""manufacturer_ru"": ""Sony Mobile Communications"", ""year_from"": 2012, ""year_to"": 2013}",,"Назови 5 смартфонов производителя «Sony Mobile Communications», выпущенных в период 2012–2013 годов."
smartphones_l2_00187,smartphones,L2,smartphones_maker_year_window,"{""maker_label_ru"": ""Huawei"", ""maker_qid"": ""Q160120"", ""source_dataset"": ""wikidata"", ""year_from"": 2013, ""year_to"": 2016}","{""kind"": ""smartphone"", ""manufacturer_ru"": ""Huawei"", ""year_from"": 2013, ""year_to"": 2016}",,"Назови 5 смартфонов производителя «Huawei», выпущенных в период 2013–2016 годов."
smartphones_l2_00189,smartphones,L2,smartphones_maker_year_window,"{""maker_label_ru"": ""HMD Global"", ""maker_qid"": ""Q24090301"", ""source_dataset"": ""wikidata"", ""year_from"": 2018, ""year_to"": 2020}","{""kind"": ""smartphone"", ""manufacturer_ru"": ""HMD Global"", ""year_from"": 2018, ""year_to"": 2020}",,"Назови 5 смартфонов производителя «HMD Global», выпущенных в период 2018–2020 годов."
smartphones_l2_00191,smartphones,L2,smartphones_maker_year_window,"{""maker_label_ru"": ""Xiaomi"", ""maker_qid"": ""Q1636958"", ""source_dataset"": ""wikidata"", ""year_from"": 2013, ""year_to"": 2015}","{""kind"": ""smartphone"", ""manufacturer_ru"": ""Xiaomi"", ""year_from"": 2013, ""year_to"": 2015}",,"Назови 5 смартфонов производителя «Xiaomi», выпущенных в период 2013–2015 годов."
smartphones_l2_00193,smartphones,L2,smartphones_maker_year_window,"{""maker_label_ru"": ""LG Electronics"", ""maker_qid"": ""Q162345"", ""source_dataset"": ""wikidata"", ""year_from"": 2010, ""year_to"": 2011}","{""kind"": ""smartphone"", ""manufacturer_ru"": ""LG Electronics"", ""year_from"": 2010, ""year_to"": 2011}",,"Назови 5 смартфонов производителя «LG Electronics», выпущенных в период 2010–2011 годов."
smartphones_l2_00197,smartphones,L2,smartphones_maker_year_window,"{""maker_label_ru"": ""Samsung Electronics"", ""maker_qid"": ""Q20718"", ""source_dataset"": ""wikidata"", ""year_from"": 2018, ""year_to"": 2020}","{""kind"": ""smartphone"", ""manufacturer_ru"": ""Samsung Electronics"", ""year_from"": 2018, ""year_to"": 2020}",,"Назови 5 смартфонов производителя «Samsung Electronics», выпущенных в период 2018–2020 годов."
smartphones_l2_00199,smartphones,L2,smartphones_maker_year_window,"{""maker_label_ru"": ""Samsung Group"", ""maker_qid"": ""Q20716"", ""source_dataset"": ""wikidata"", ""year_from"": 2011, ""year_to"": 2012}","{""kind"": ""smartphone"", ""manufacturer_ru"": ""Samsung Group"", ""year_from"": 2011, ""year_to"": 2012}",,"Назови 5 смартфонов производителя «Samsung Group», выпущенных в период 2011–2012 годов."
smartphones_l2_00201,smartphones,L2,smartphones_maker_year_window,"{""maker_label_ru"": ""Samsung Electronics"", ""maker_qid"": ""Q20718"", ""source_dataset"": ""wikidata"", ""year_from"": 2016, ""year_to"": 2018}","{""kind"": ""smartphone"", ""manufacturer_ru"": ""Samsung Electronics"", ""year_from"": 2016, ""year_to"": 2018}",,"Назови 5 смартфонов производителя «Samsung Electronics», выпущенных в период 2016–2018 годов."
smartphones_l3_00195,smartphones,L3,smartphones_maker_year_to,"{""maker_label_ru"": ""LG Electronics"", ""maker_qid"": ""Q162345"", ""source_dataset"": ""wikidata"", ""year_mode"": ""to"", ""year_to"": 2013}","{""kind"": ""smartphone"", ""manufacturer_ru"": ""LG Electronics"", ""year_from"": 2013, ""year_to"": 2013}",,"Назови 5 смартфонов производителя «LG Electronics», выпущенных не позже 2013 года."
smartphones_l3_00197,smartphones,L3,smartphones_maker_year_to,"{""maker_label_ru"": ""Huawei"", ""maker_qid"": ""Q160120"", ""source_dataset"": ""wikidata"", ""year_mode"": ""to"", ""year_to"": 2015}","{""kind"": ""smartphone"", ""manufacturer_ru"": ""Huawei"", ""year_from"": 2015, ""year_to"": 2015}",,"Назови 5 смартфонов производителя «Huawei», выпущенных не позже 2015 года."
smartphones_l3_00199,smartphones,L3,smartphones_maker_year_to,"{""maker_label_ru"": ""LG Electronics"", ""maker_qid"": ""Q162345"", ""source_dataset"": ""wikidata"", ""year_mode"": ""to"", ""year_to"": 2012}","{""kind"": ""smartphone"", ""manufacturer_ru"": ""LG Electronics"", ""year_from"": 2012, ""year_to"": 2012}",,"Назови 5 смартфонов производителя «LG Electronics», выпущенных не позже 2012 года."
smartphones_l3_00201,smartphones,L3,smartphones_maker_year_to,"{""maker_label_ru"": ""Samsung Electronics"", ""maker_qid"": ""Q20718"", ""source_dataset"": ""wikidata"", ""year_mode"": ""to"", ""year_to"": 2013}","{""kind"": ""smartphone"", ""manufacturer_ru"": ""Samsung Electronics"", ""year_from"": 2013, ""year_to"": 2013}",,"Назови 5 смартфонов производителя «Samsung Electronics», выпущенных не позже 2013 года."
smartphones_l3_00205,smartphones,L3,smartphones_maker_year_to,"{""maker_label_ru"": ""Huawei"", ""maker_qid"": ""Q160120"", ""source_dataset"": ""wikidata"", ""year_mode"": ""to"", ""year_to"": 2016}","{""kind"": ""smartphone"", ""manufacturer_ru"": ""Huawei"", ""year_from"": 2016, ""year_to"": 2016}",,"Назови 5 смартфонов производителя «Huawei», выпущенных не позже 2016 года."
smartphones_l3_00207,smartphones,L3,smartphones_maker_year_to,"{""maker_label_ru"": ""Apple Inc."", ""maker_qid"": ""Q312"", ""source_dataset"": ""wikidata"", ""year_mode"": ""to"", ""year_to"": 2019}","{""kind"": ""smartphone"", ""manufacturer_ru"": ""Apple Inc"", ""year_from"": 2019, ""year_to"": 2019}",,"Назови 5 смартфонов производителя «Apple Inc.», выпущенных не позже 2019 года."
smartphones_l3_00209,smartphones,L3,smartphones_maker_year_to,"{""maker_label_ru"": ""HMD Global"", ""maker_qid"": ""Q24090301"", ""source_dataset"": ""wikidata"", ""year_mode"": ""to"", ""year_to"": 2019}","{""kind"": ""smartphone"", ""manufacturer_ru"": ""HMD Global"", ""year_from"": 2019, ""year_to"": 2019}",,"Назови 5 смартфонов производителя «HMD Global», выпущенных не позже 2019 года."
smartphones_l3_00217,smartphones,L3,smartphones_maker_year_from,"{""maker_label_ru"": ""Xiaomi"", ""maker_qid"": ""Q1636958"", ""source_dataset"": ""wikidata"", ""year_from"": 2016, ""year_mode"": ""from""}","{""kind"": ""smartphone"", ""manufacturer_ru"": ""Xiaomi"", ""year_from"": 2016, ""year_to"": 2016}",,"Назови 5 смартфонов производителя «Xiaomi», выпущенных не раньше 2016 года."
smartphones_l3_00219,smartphones,L3,smartphones_maker_year_from,"{""maker_label_ru"": ""Sony Mobile Communications"", ""maker_qid"": ""Q376692"", ""source_dataset"": ""wikidata"", ""year_from"": 2017, ""year_mode"": ""from""}","{""kind"": ""smartphone"", ""manufacturer_ru"": ""Sony Mobile Communications"", ""year_from"": 2017, ""year_to"": 2017}",,"Назови 5 смартфонов производителя «Sony Mobile Communications», выпущенных не раньше 2017 года."
smartphones_l4_00210,smartphones,L4,smartphones_maker_after_model,"{""maker_label_ru"": ""Sony Mobile Communications"", ""maker_qid"": ""Q376692"", ""reference_model_label_ru"": ""Sony Xperia J"", ""reference_model_qid"": ""Q400356"", ""reference_model_year"": 2012, ""relation"": ""after"", ""source_dataset"": ""wikidata""}","{""kind"": ""smartphone"", ""manufacturer_ru"": ""Sony Mobile Communications"", ""reference_model_ru"": ""Sony Xperia J"", ""release_relation"": ""after_reference_model""}",,"Назови 5 смартфонов производителя «Sony Mobile Communications», выпущенных позже модели «Sony Xperia J»."
smartphones_l4_00212,smartphones,L4,smartphones_maker_before_model,"{""maker_label_ru"": ""HMD Global"", ""maker_qid"": ""Q24090301"", ""reference_model_label_ru"": ""Nokia 2720 Flip"", ""reference_model_qid"": ""Q67173030"", ""reference_model_year"": 2019, ""relation"": ""before"", ""source_dataset"": ""wikidata""}","{""kind"": ""smartphone"", ""manufacturer_ru"": ""HMD Global"", ""reference_model_ru"": ""Nokia 2720 Flip"", ""release_relation"": ""before_reference_model""}",,"Назови 5 смартфонов производителя «HMD Global», выпущенных раньше модели «Nokia 2720 Flip»."
smartphones_l4_00214,smartphones,L4,smartphones_maker_before_model,"{""maker_label_ru"": ""Sony Mobile Communications"", ""maker_qid"": ""Q376692"", ""reference_model_label_ru"": ""Sony Xperia XA1 Plus"", ""reference_model_qid"": ""Q65066036"", ""reference_model_year"": 2017, ""relation"": ""before"", ""source_dataset"": ""wikidata""}","{""kind"": ""smartphone"", ""manufacturer_ru"": ""Sony Mobile Communications"", ""reference_model_ru"": ""Sony Xperia XA1 Plus"", ""release_relation"": ""before_reference_model""}",,"Назови 5 смартфонов производителя «Sony Mobile Communications», выпущенных раньше модели «Sony Xperia XA1 Plus»."
smartphones_l4_00218,smartphones,L4,smartphones_maker_after_model,"{""maker_label_ru"": ""Samsung Electronics"", ""maker_qid"": ""Q20718"", ""reference_model_label_ru"": ""Samsung Galaxy M21"", ""reference_model_qid"": ""Q98148416"", ""reference_model_year"": 2020, ""relation"": ""after"", ""source_dataset"": ""wikidata""}","{""kind"": ""smartphone"", ""manufacturer_ru"": ""Samsung Electronics"", ""reference_model_ru"": ""Samsung Galaxy M21"", ""release_relation"": ""after_reference_model""}",,"Назови 5 смартфонов производителя «Samsung Electronics», выпущенных позже модели «Samsung Galaxy M21»."
smartphones_l4_00220,smartphones,L4,smartphones_maker_after_model,"{""maker_label_ru"": ""Foxconn"", ""maker_qid"": ""Q463094"", ""reference_model_label_ru"": ""Nokia 8110 4G"", ""reference_model_qid"": ""Q50181894"", ""reference_model_year"": 2018, ""relation"": ""after"", ""source_dataset"": ""wikidata""}","{""kind"": ""smartphone"", ""manufacturer_ru"": ""Foxconn"", ""reference_model_ru"": ""Nokia 8110 4G"", ""release_relation"": ""after_reference_model""}",,"Назови 5 смартфонов производителя «Foxconn», выпущенных позже модели «Nokia 8110 4G»."
smartphones_l4_00222,smartphones,L4,smartphones_maker_before_model,"{""maker_label_ru"": ""Fujitsu"", ""maker_qid"": ""Q186394"", ""reference_model_label_ru"": ""F-11C smartphone"", ""reference_model_qid"": ""Q11198695"", ""reference_model_year"": 2011, ""relation"": ""before"", ""source_dataset"": ""wikidata""}","{""kind"": ""smartphone"", ""manufacturer_ru"": ""Fujitsu"", ""reference_model_ru"": ""F-11C smartphone"", ""release_relation"": ""before_reference_model""}",,"Назови 5 смартфонов производителя «Fujitsu», выпущенных раньше модели «F-11C smartphone»."
smartphones_l5_00225,smartphones,L5,smartphones_maker_between_models,"{""left_reference_model_label_ru"": ""Xiaomi Mi 11"", ""left_reference_model_qid"": ""Q104531763"", ""left_reference_model_year"": 2020, ""maker_label_ru"": ""Xiaomi"", ""maker_qid"": ""Q1636958"", ""relation"": ""between_models"", ""right_reference_model_label_ru"": ""Xiaomi Redmi Note 11"", ""right_reference_model_qid"": ""Q110879371"", ""right_reference_model_year"": 2022, ""source_dataset"": ""wikidata""}","{""kind"": ""smartphone"", ""manufacturer_ru"": ""Xiaomi"", ""reference_model_ru"": ""Xiaomi Mi 11"", ""release_relation"": ""between_reference_models""}",,"Подбери до 5 смартфонов производителя «Xiaomi», выпущенных позже модели «Xiaomi Mi 11», но раньше модели «Xiaomi Redmi Note 11»."
paintings_l1_0178,paintings,L1,,"{""collection_qid"": null, ""collection_ru"": null, ""country_qid"": null, ""country_ru"": null, ""creator_qid"": ""Q5580"", ""creator_ru"": ""Альбрехт Дюрер"", ""genre_qid"": null, ""genre_ru"": null, ""mode"": ""creator_only"", ""movement_qid"": null, ""movement_ru"": null, ""source_dataset"": ""wikidata"", ""year_from"": null, ""year_to"": null}","{""creator_ru"": ""Альбрехт Дюрер"", ""kind"": ""painting""}",,"Назови 5 известных картин, созданные автором: Альбрехт Дюрер."
paintings_l1_0180,paintings,L1,,"{""collection_qid"": null, ""collection_ru"": null, ""country_qid"": null, ""country_ru"": null, ""creator_qid"": ""Q5577"", ""creator_ru"": ""Сальвадор Дали"", ""genre_qid"": null, ""genre_ru"": null, ""mode"": ""creator_only"", ""movement_qid"": null, ""movement_ru"": null, ""source_dataset"": ""wikidata"", ""year_from"": null, ""year_to"": null}","{""creator_ru"": ""Сальвадор Дали"", ""kind"": ""painting""}",,"Назови 5 известных картин, созданные автором: Сальвадор Дали."
paintings_l1_0182,paintings,L1,,"{""collection_qid"": null, ""collection_ru"": null, ""country_qid"": null, ""country_ru"": null, ""creator_qid"": ""Q5593"", ""creator_ru"": ""Пабло Пикассо"", ""genre_qid"": null, ""genre_ru"": null, ""mode"": ""creator_only"", ""movement_qid"": null, ""movement_ru"": null, ""source_dataset"": ""wikidata"", ""year_from"": null, ""year_to"": null}","{""creator_ru"": ""Пабло Пикассо"", ""kind"": ""painting""}",,"Назови 5 известных картин, созданные автором: Пабло Пикассо."
paintings_l1_0184,paintings,L1,,"{""collection_qid"": null, ""collection_ru"": null, ""country_qid"": null, ""country_ru"": null, ""creator_qid"": ""Q920111"", ""creator_ru"": ""Дионисий"", ""genre_qid"": null, ""genre_ru"": null, ""mode"": ""creator_only"", ""movement_qid"": null, ""movement_ru"": null, ""source_dataset"": ""wikidata"", ""year_from"": null, ""year_to"": null}","{""creator_ru"": ""Дионисий"", ""kind"": ""painting""}",,"Назови 5 известных картин, созданные автором: Дионисий."
paintings_l1_0186,paintings,L1,,"{""collection_qid"": ""Q841506"", ""collection_ru"": ""Галерея Боргезе"", ""country_qid"": null, ""country_ru"": null, ""creator_qid"": null, ""creator_ru"": null, ""genre_qid"": null, ""genre_ru"": null, ""mode"": ""collection_only"", ""movement_qid"": null, ""movement_ru"": null, ""source_dataset"": ""wikidata"", ""year_from"": null, ""year_to"": null}","{""collection_ru"": ""Галерея Боргезе"", ""kind"": ""painting""}",,"Назови 5 известных картин, находящиеся в коллекции: Галерея Боргезе."
paintings_l1_0188,paintings,L1,,"{""collection_qid"": null, ""collection_ru"": null, ""country_qid"": null, ""country_ru"": null, ""creator_qid"": ""Q43270"", ""creator_ru"": ""Питер Брейгель Старший"", ""genre_qid"": null, ""genre_ru"": null, ""mode"": ""creator_only"", ""movement_qid"": null, ""movement_ru"": null, ""source_dataset"": ""wikidata"", ""year_from"": null, ""year_to"": null}","{""creator_ru"": ""Питер Брейгель Старший"", ""kind"": ""painting""}",,"Назови 5 известных картин, созданные автором: Питер Брейгель Старший."
paintings_l1_0190,paintings,L1,,"{""collection_qid"": null, ""collection_ru"": null, ""country_qid"": null, ""country_ru"": null, ""creator_qid"": ""Q44032"", ""creator_ru"": ""Эгон Шиле"", ""genre_qid"": null, ""genre_ru"": null, ""mode"": ""creator_only"", ""movement_qid"": null, ""movement_ru"": null, ""source_dataset"": ""wikidata"", ""year_from"": null, ""year_to"": null}","{""creator_ru"": ""Эгон Шиле"", ""kind"": ""painting""}",,"Назови 5 известных картин, созданные автором: Эгон Шиле."
paintings_l1_0192,paintings,L1,,"{""collection_qid"": null, ""collection_ru"": null, ""country_qid"": ""Q38"", ""country_ru"": ""Италия"", ""creator_qid"": null, ""creator_ru"": null, ""genre_qid"": null, ""genre_ru"": null, ""mode"": ""country_only"", ""movement_qid"": null, ""movement_ru"": null, ""source_dataset"": ""wikidata"", ""year_from"": null, ""year_to"": null}","{""country_ru"": ""Италия"", ""kind"": ""painting""}",,"Назови 5 известных картин, находящиеся в коллекциях или музеях в стране: Италия."
paintings_l1_0194,paintings,L1,,"{""collection_qid"": ""Q4123705"", ""collection_ru"": ""Вологодский музей-заповедник"", ""country_qid"": null, ""country_ru"": null, ""creator_qid"": null, ""creator_ru"": null, ""genre_qid"": null, ""genre_ru"": null, ""mode"": ""collection_only"", ""movement_qid"": null, ""movement_ru"": null, ""source_dataset"": ""wikidata"", ""year_from"": null, ""year_to"": null}","{""collection_ru"": ""Вологодский музей-заповедник"", ""kind"": ""painting""}",,"Назови 5 известных картин, находящиеся в коллекции: Вологодский музей-заповедник."
paintings_l1_0196,paintings,L1,,"{""collection_qid"": null, ""collection_ru"": null, ""country_qid"": ""Q159"", ""country_ru"": ""Россия"", ""creator_qid"": null, ""creator_ru"": null, ""genre_qid"": null, ""genre_ru"": null, ""mode"": ""country_only"", ""movement_qid"": null, ""movement_ru"": null, ""source_dataset"": ""wikidata"", ""year_from"": null, ""year_to"": null}","{""country_ru"": ""Россия"", ""kind"": ""painting""}",,"Назови 5 известных картин, находящиеся в коллекциях или музеях в стране: Россия."
paintings_l2_0188,paintings,L2,,"{""collection_qid"": null, ""collection_ru"": null, ""country_qid"": null, ""country_ru"": null, ""creator_qid"": ""Q43270"", ""creator_ru"": ""Питер Брейгель Старший"", ""genre_qid"": ""Q191163"", ""genre_ru"": ""пейзаж"", ""mode"": ""genre_creator"", ""movement_qid"": null, ""movement_ru"": null, ""source_dataset"": ""wikidata"", ""year_from"": null, ""year_to"": null}","{""creator_ru"": ""Питер Брейгель Старший"", ""genre_ru"": ""пейзаж"", ""kind"": ""painting""}",,"Назови 3 известных картин, жанра «пейзаж», созданные автором: Питер Брейгель Старший."
paintings_l2_0190,paintings,L2,,"{""collection_qid"": null, ""collection_ru"": null, ""country_qid"": ""Q142"", ""country_ru"": ""Франция"", ""creator_qid"": null, ""creator_ru"": null, ""genre_qid"": ""Q191163"", ""genre_ru"": ""пейзаж"", ""mode"": ""genre_country"", ""movement_qid"": null, ""movement_ru"": null, ""source_dataset"": ""wikidata"", ""year_from"": null, ""year_to"": null}","{""country_ru"": ""Франция"", ""genre_ru"": ""пейзаж"", ""kind"": ""painting""}",,"Назови 3 известных картин, жанра «пейзаж», находящиеся в коллекциях или музеях в стране: Франция."
paintings_l2_0192,paintings,L2,,"{""collection_qid"": ""Q636972"", ""collection_ru"": ""Археологический музей Ираклиона"", ""country_qid"": ""Q41"", ""country_ru"": ""Греция"", ""creator_qid"": null, ""creator_ru"": null, ""genre_qid"": null, ""genre_ru"": null, ""mode"": ""collection_country"", ""movement_qid"": null, ""movement_ru"": null, ""source_dataset"": ""wikidata"", ""year_from"": null, ""year_to"": null}","{""collection_ru"": ""Археологический музей Ираклиона"", ""country_ru"": ""Греция"", ""kind"": ""painting""}",,"Назови 3 известных картин, находящиеся в коллекции: Археологический музей Ираклиона."
paintings_l2_0194,paintings,L2,,"{""collection_qid"": ""Q162111"", ""collection_ru"": ""Старая национальная галерея"", ""country_qid"": null, ""country_ru"": null, ""creator_qid"": ""Q104884"", ""creator_ru"": ""Каспар Давид Фридрих"", ""genre_qid"": null, ""genre_ru"": null, ""mode"": ""creator_collection"", ""movement_qid"": null, ""movement_ru"": null, ""source_dataset"": ""wikidata"", ""year_from"": null, ""year_to"": null}","{""collection_ru"": ""Старая национальная галерея"", ""creator_ru"": ""Каспар Давид Фридрих"", ""kind"": ""painting""}",,"Назови 3 известных картин, созданные автором: Каспар Давид Фридрих, находящиеся в коллекции: Старая национальная галерея."
paintings_l2_0196,paintings,L2,,"{""collection_qid"": ""Q224124"", ""collection_ru"": ""Музей Винсента ван Гога"", ""country_qid"": null, ""country_ru"": null, ""creator_qid"": ""Q5582"", ""creator_ru"": ""Винсент Ван Гог"", ""genre_qid"": null, ""genre_ru"": null, ""mode"": ""creator_collection"", ""movement_qid"": null, ""movement_ru"": null, ""source_dataset"": ""wikidata"", ""year_from"": null, ""year_to"": null}","{""collection_ru"": ""Музей Винсента ван Гога"", ""creator_ru"": ""Винсент Ван Гог"", ""kind"": ""painting""}",,"Назови 3 известных картин, созданные автором: Винсент Ван Гог, находящиеся в коллекции: Музей Винсента ван Гога."
paintings_l2_0198,paintings,L2,,"{""collection_qid"": ""Q653002"", ""collection_ru"": ""Государственные художественные собрания Дрездена"", ""country_qid"": ""Q183"", ""country_ru"": ""Германия"", ""creator_qid"": null, ""creator_ru"": null, ""genre_qid"": null, ""genre_ru"": null, ""mode"": ""collection_country"", ""movement_qid"": null, ""movement_ru"": null, ""source_dataset"": ""wikidata"", ""year_from"": null, ""year_to"": null}","{""collection_ru"": ""Государственные художественные собрания Дрездена"", ""country_ru"": ""Германия"", ""kind"": ""painting""}",,"Назови 3 известных картин, находящиеся в коллекции: Государственные художественные собрания Дрездена."
paintings_l2_0200,paintings,L2,,"{""collection_qid"": null, ""collection_ru"": null, ""country_qid"": null, ""country_ru"": null, ""creator_qid"": ""Q5822"", ""creator_ru"": ""Пьеро делла Франческа"", ""genre_qid"": ""Q2864737"", ""genre_ru"": ""религиозное искусство"", ""mode"": ""genre_creator"", ""movement_qid"": null, ""movement_ru"": null, ""source_dataset"": ""wikidata"", ""year_from"": null, ""year_to"": null}","{""creator_ru"": ""Пьеро делла Франческа"", ""genre_ru"": ""религиозное искусство"", ""kind"": ""painting""}",,"Назови 3 известных картин, жанра «религиозное искусство», созданные автором: Пьеро делла Франческа."
paintings_l2_0202,paintings,L2,,"{""collection_qid"": ""Q6511262"", ""collection_ru"": ""Музей древнебелорусской культуры"", ""country_qid"": ""Q184"", ""country_ru"": ""Беларусь"", ""creator_qid"": null, ""creator_ru"": null, ""genre_qid"": null, ""genre_ru"": null, ""mode"": ""collection_country"", ""movement_qid"": null, ""movement_ru"": null, ""source_dataset"": ""wikidata"", ""year_from"": null, ""year_to"": null}","{""collection_ru"": ""Музей древнебелорусской культуры"", ""country_ru"": ""Беларусь"", ""kind"": ""painting""}",,"Назови 3 известных картин, находящиеся в коллекции: Музей древнебелорусской культуры."
paintings_l2_0204,paintings,L2,,"{""collection_qid"": ""Q183334"", ""collection_ru"": ""Государственная Третьяковская галерея"", ""country_qid"": null, ""country_ru"": null, ""creator_qid"": ""Q207758"", ""creator_ru"": ""Иван Николаевич Крамской"", ""genre_qid"": null, ""genre_ru"": null, ""mode"": ""creator_collection"", ""movement_qid"": null, ""movement_ru"": null, ""source_dataset"": ""wikidata"", ""year_from"": null, ""year_to"": null}","{""collection_ru"": ""Государственная Третьяковская галерея"", ""creator_ru"": ""Иван Николаевич Крамской"", ""kind"": ""painting""}",,"Назови 3 известных картин, созданные автором: Иван Николаевич Крамской, находящиеся в коллекции: Государственная Третьяковская галерея."
paintings_l2_0206,paintings,L2,,"{""collection_qid"": null, ""collection_ru"": null, ""country_qid"": ""Q159"", ""country_ru"": ""Россия"", ""creator_qid"": null, ""creator_ru"": null, ""genre_qid"": ""Q742333"", ""genre_ru"": ""историческая живопись"", ""mode"": ""genre_country"", ""movement_qid"": null, ""movement_ru"": null, ""source_dataset"": ""wikidata"", ""year_from"": null, ""year_to"": null}","{""country_ru"": ""Россия"", ""genre_ru"": ""историческая живопись"", ""kind"": ""painting""}",,"Назови 3 известных картин, жанра «историческая живопись», находящиеся в коллекциях или музеях в стране: Россия."
paintings_l2_0208,paintings,L2,,"{""collection_qid"": null, ""collection_ru"": null, ""country_qid"": null, ""country_ru"": null, ""creator_qid"": ""Q68631"", ""creator_ru"": ""Рогир ван дер Вейден"", ""genre_qid"": ""Q134307"", ""genre_ru"": ""портрет"", ""mode"": ""genre_creator"", ""movement_qid"": null, ""movement_ru"": null, ""source_dataset"": ""wikidata"", ""year_from"": null, ""year_to"": null}","{""creator_ru"": ""Рогир ван дер Вейден"", ""genre_ru"": ""портрет"", ""kind"": ""painting""}",,"Назови 3 известных картин, жанра «портрет», созданные автором: Рогир ван дер Вейден."
paintings_l2_0210,paintings,L2,,"{""collection_qid"": ""Q2943"", ""collection_ru"": ""Сикстинская капелла"", ""country_qid"": null, ""country_ru"": null, ""creator_qid"": ""Q5669"", ""creator_ru"": ""Сандро Боттичелли"", ""genre_qid"": null, ""genre_ru"": null, ""mode"": ""creator_collection"", ""movement_qid"": null, ""movement_ru"": null, ""source_dataset"": ""wikidata"", ""year_from"": null, ""year_to"": null}","{""collection_ru"": ""Сикстинская капелла"", ""creator_ru"": ""Сандро Боттичелли"", ""kind"": ""painting""}",,"Назови 3 известных картин, созданные автором: Сандро Боттичелли, находящиеся в коллекции: Сикстинская капелла."
paintings_l3_0200,paintings,L3,,"{""collection_qid"": null, ""collection_ru"": null, ""country_qid"": ""Q237"", ""country_ru"": ""Ватикан"", ""creator_qid"": null, ""creator_ru"": null, ""genre_qid"": ""Q2864737"", ""genre_ru"": ""религиозное искусство"", ""mode"": ""genre_country_year"", ""movement_qid"": null, ""movement_ru"": null, ""source_dataset"": ""wikidata"", ""year_from"": 1400, ""year_to"": 1599}","{""country_ru"": ""Ватикан"", ""genre_ru"": ""религиозное искусство"", ""kind"": ""painting"", ""year_from"": 1400, ""year_to"": 1599}",,"Назови 2 известных картин, жанра «религиозное искусство», находящиеся в коллекциях или музеях в стране: Ватикан, созданные в период 1400–1599."
paintings_l3_0202,paintings,L3,,"{""collection_qid"": null, ""collection_ru"": null, ""country_qid"": ""Q183"", ""country_ru"": ""Германия"", ""creator_qid"": null, ""creator_ru"": null, ""genre_qid"": ""Q192110"", ""genre_ru"": ""автопортрет"", ""mode"": ""genre_country_year"", ""movement_qid"": null, ""movement_ru"": null, ""source_dataset"": ""wikidata"", ""year_from"": 1400, ""year_to"": 1599}","{""country_ru"": ""Германия"", ""genre_ru"": ""автопортрет"", ""kind"": ""painting"", ""year_from"": 1400, ""year_to"": 1599}",,"Назови 2 известных картин, жанра «автопортрет», находящиеся в коллекциях или музеях в стране: Германия, созданные в период 1400–1599."
paintings_l3_0178,paintings,L3,,"{""collection_qid"": ""Q176251"", ""collection_ru"": ""Музей Тиссена-Борнемисы"", ""country_qid"": null, ""country_ru"": null, ""creator_qid"": null, ""creator_ru"": null, ""genre_qid"": ""Q2864737"", ""genre_ru"": ""религиозное искусство"", ""mode"": ""genre_collection_year"", ""movement_qid"": null, ""movement_ru"": null, ""source_dataset"": ""wikidata"", ""year_from"": 1400, ""year_to"": 1599}","{""collection_ru"": ""Музей Тиссена-Борнемисы"", ""genre_ru"": ""религиозное искусство"", ""kind"": ""painting"", ""year_from"": 1400, ""year_to"": 1599}",,"Назови 2 известных картин, жанра «религиозное искусство», находящиеся в коллекции: Музей Тиссена-Борнемисы, созданные в период 1400–1599."
paintings_l3_0180,paintings,L3,,"{""collection_qid"": ""Q160112"", ""collection_ru"": ""Прадо"", ""country_qid"": null, ""country_ru"": null, ""creator_qid"": null, ""creator_ru"": null, ""genre_qid"": ""Q134307"", ""genre_ru"": ""портрет"", ""mode"": ""genre_collection_year"", ""movement_qid"": null, ""movement_ru"": null, ""source_dataset"": ""wikidata"", ""year_from"": 1600, ""year_to"": 1799}","{""collection_ru"": ""Прадо"", ""genre_ru"": ""портрет"", ""kind"": ""painting"", ""year_from"": 1600, ""year_to"": 1799}",,"Назови 10 известных картин, жанра «портрет», находящиеся в коллекции: Прадо, созданные в период 1600–1799."
paintings_l3_0182,paintings,L3,,"{""collection_qid"": null, ""collection_ru"": null, ""country_qid"": ""Q30"", ""country_ru"": ""США"", ""creator_qid"": null, ""creator_ru"": null, ""genre_qid"": ""Q170571"", ""genre_ru"": ""натюрморт"", ""mode"": ""genre_country_year"", ""movement_qid"": null, ""movement_ru"": null, ""source_dataset"": ""wikidata"", ""year_from"": 1900, ""year_to"": 2024}","{""country_ru"": ""США"", ""genre_ru"": ""натюрморт"", ""kind"": ""painting"", ""year_from"": 1900, ""year_to"": 2024}",,"Назови 2 известных картин, жанра «натюрморт», находящиеся в коллекциях или музеях в стране: США, созданные в период 1900–2024."
paintings_l3_0184,paintings,L3,,"{""collection_qid"": ""Q188740"", ""collection_ru"": ""Музей современного искусства"", ""country_qid"": null, ""country_ru"": null, ""creator_qid"": null, ""creator_ru"": null, ""genre_qid"": ""Q1047337"", ""genre_ru"": ""бытовой жанр"", ""mode"": ""genre_collection_year"", ""movement_qid"": null, ""movement_ru"": null, ""source_dataset"": ""wikidata"", ""year_from"": 1800, ""year_to"": 1899}","{""collection_ru"": ""Музей современного искусства"", ""genre_ru"": ""бытовой жанр"", ""kind"": ""painting"", ""year_from"": 1800, ""year_to"": 1899}",,"Назови 2 известных картин, жанра «бытовой жанр», находящиеся в коллекции: Музей современного искусства, созданные в период 1800–1899."
paintings_l3_0186,paintings,L3,,"{""collection_qid"": ""Q160236"", ""collection_ru"": ""Метрополитен-музей"", ""country_qid"": null, ""country_ru"": null, ""creator_qid"": null, ""creator_ru"": null, ""genre_qid"": ""Q1047337"", ""genre_ru"": ""бытовой жанр"", ""mode"": ""genre_collection_year"", ""movement_qid"": null, ""movement_ru"": null, ""source_dataset"": ""wikidata"", ""year_from"": 1400, ""year_to"": 1599}","{""collection_ru"": ""Метрополитен-музей"", ""genre_ru"": ""бытовой жанр"", ""kind"": ""painting"", ""year_from"": 1400, ""year_to"": 1599}",,"Назови 2 известных картин, жанра «бытовой жанр», находящиеся в коллекции: Метрополитен-музей, созданные в период 1400–1599."
paintings_l3_0188,paintings,L3,,"{""collection_qid"": null, ""collection_ru"": null, ""country_qid"": ""Q38"", ""country_ru"": ""Италия"", ""creator_qid"": ""Q5822"", ""creator_ru"": ""Пьеро делла Франческа"", ""genre_qid"": null, ""genre_ru"": null, ""mode"": ""creator_country_year"", ""movement_qid"": null, ""movement_ru"": null, ""source_dataset"": ""wikidata"", ""year_from"": 1400, ""year_to"": 1599}","{""country_ru"": ""Италия"", ""creator_ru"": ""Пьеро делла Франческа"", ""kind"": ""painting"", ""year_from"": 1400, ""year_to"": 1599}",,"Назови 5 известных картин, созданные автором: Пьеро делла Франческа, находящиеся в коллекциях или музеях в стране: Италия, созданные в период 1400–1599."
paintings_l3_0190,paintings,L3,,"{""collection_qid"": null, ""collection_ru"": null, ""country_qid"": ""Q30"", ""country_ru"": ""США"", ""creator_qid"": null, ""creator_ru"": null, ""genre_qid"": ""Q1047337"", ""genre_ru"": ""бытовой жанр"", ""mode"": ""genre_country_year"", ""movement_qid"": null, ""movement_ru"": null, ""source_dataset"": ""wikidata"", ""year_from"": 1800, ""year_to"": 1899}","{""country_ru"": ""США"", ""genre_ru"": ""бытовой жанр"", ""kind"": ""painting"", ""year_from"": 1800, ""year_to"": 1899}",,"Назови 2 известных картин, жанра «бытовой жанр», находящиеся в коллекциях или музеях в стране: США, созданные в период 1800–1899."
paintings_l3_0192,paintings,L3,,"{""collection_qid"": ""Q1042634"", ""collection_ru"": ""Санта-Мария-дель-Кармине"", ""country_qid"": null, ""country_ru"": null, ""creator_qid"": null, ""creator_ru"": null, ""genre_qid"": ""Q40446"", ""genre_ru"": ""ню"", ""mode"": ""genre_collection_year"", ""movement_qid"": null, ""movement_ru"": null, ""source_dataset"": ""wikidata"", ""year_from"": 1400, ""year_to"": 1599}","{""collection_ru"": ""Санта-Мария-дель-Кармине"", ""genre_ru"": ""ню"", ""kind"": ""painting"", ""year_from"": 1400, ""year_to"": 1599}",,"Назови 2 известных картин, жанра «ню», находящиеся в коллекции: Санта-Мария-дель-Кармине, созданные в период 1400–1599."
paintings_l3_0194,paintings,L3,,"{""collection_qid"": ""Q812285"", ""collection_ru"": ""Баварские государственные собрания картин"", ""country_qid"": null, ""country_ru"": null, ""creator_qid"": null, ""creator_ru"": null, ""genre_qid"": ""Q191163"", ""genre_ru"": ""пейзаж"", ""mode"": ""genre_collection_year"", ""movement_qid"": null, ""movement_ru"": null, ""source_dataset"": ""wikidata"", ""year_from"": 1600, ""year_to"": 1799}","{""collection_ru"": ""Баварские государственные собрания картин"", ""genre_ru"": ""пейзаж"", ""kind"": ""painting"", ""year_from"": 1600, ""year_to"": 1799}",,"Назови 2 известных картин, жанра «пейзаж», находящиеся в коллекции: Баварские государственные собрания картин, созданные в период 1600–1799."
paintings_l3_0196,paintings,L3,,"{""collection_qid"": null, ""collection_ru"": null, ""country_qid"": ""Q30"", ""country_ru"": ""США"", ""creator_qid"": ""Q310973"", ""creator_ru"": ""Лоренцо Лотто"", ""genre_qid"": null, ""genre_ru"": null, ""mode"": ""creator_country_year"", ""movement_qid"": null, ""movement_ru"": null, ""source_dataset"": ""wikidata"", ""year_from"": 1400, ""year_to"": 1599}","{""country_ru"": ""США"", ""creator_ru"": ""Лоренцо Лотто"", ""kind"": ""painting"", ""year_from"": 1400, ""year_to"": 1599}",,"Назови 2 известных картин, созданные автором: Лоренцо Лотто, находящиеся в коллекциях или музеях в стране: США, созданные в период 1400–1599."
paintings_l3_0198,paintings,L3,,"{""collection_qid"": null, ""collection_ru"": null, ""country_qid"": ""Q30"", ""country_ru"": ""США"", ""creator_qid"": ""Q366212"", ""creator_ru"": ""Фредерик Эдвин Черч"", ""genre_qid"": null, ""genre_ru"": null, ""mode"": ""creator_country_year"", ""movement_qid"": null, ""movement_ru"": null, ""source_dataset"": ""wikidata"", ""year_from"": 1800, ""year_to"": 1899}","{""country_ru"": ""США"", ""creator_ru"": ""Фредерик Эдвин Черч"", ""kind"": ""painting"", ""year_from"": 1800, ""year_to"": 1899}",,"Назови 2 известных картин, созданные автором: Фредерик Эдвин Черч, находящиеся в коллекциях или музеях в стране: США, созданные в период 1800–1899."
paintings_l3_0204,paintings,L3,,"{""collection_qid"": ""Q3044768"", ""collection_ru"": ""Отдел живописи Лувра"", ""country_qid"": null, ""country_ru"": null, ""creator_qid"": null, ""creator_ru"": null, ""genre_qid"": ""Q134307"", ""genre_ru"": ""портрет"", ""mode"": ""genre_collection_year"", ""movement_qid"": null, ""movement_ru"": null, ""source_dataset"": ""wikidata"", ""year_from"": 1800, ""year_to"": 1899}","{""collection_ru"": ""Отдел живописи Лувра"", ""genre_ru"": ""портрет"", ""kind"": ""painting"", ""year_from"": 1800, ""year_to"": 1899}",,"Назови 2 известных картин, жанра «портрет», находящиеся в коллекции: Отдел живописи Лувра, созданные в период 1800–1899."
paintings_l3_0206,paintings,L3,,"{""collection_qid"": null, ""collection_ru"": null, ""country_qid"": ""Q38"", ""country_ru"": ""Италия"", ""creator_qid"": ""Q17169"", ""creator_ru"": ""Джованни Беллини"", ""genre_qid"": null, ""genre_ru"": null, ""mode"": ""creator_country_year"", ""movement_qid"": null, ""movement_ru"": null, ""source_dataset"": ""wikidata"", ""year_from"": 1400, ""year_to"": 1599}","{""country_ru"": ""Италия"", ""creator_ru"": ""Джованни Беллини"", ""kind"": ""painting"", ""year_from"": 1400, ""year_to"": 1599}",,"Назови 2 известных картин, созданные автором: Джованни Беллини, находящиеся в коллекциях или музеях в стране: Италия, созданные в период 1400–1599."
paintings_l4_0193,paintings,L4,,"{""collection_qid"": null, ""collection_ru"": null, ""country_qid"": null, ""country_ru"": null, ""creator_qid"": ""Q5580"", ""creator_ru"": ""Альбрехт Дюрер"", ""genre_qid"": ""Q192110"", ""genre_ru"": ""автопортрет"", ""mode"": ""genre_creator_year"", ""movement_qid"": null, ""movement_ru"": null, ""source_dataset"": ""wikidata"", ""year_from"": 1400, ""year_to"": 1599}","{""creator_ru"": ""Альбрехт Дюрер"", ""genre_ru"": ""автопортрет"", ""kind"": ""painting"", ""year_from"": 1400, ""year_to"": 1599}",,"Назови 5 известных картин, жанра «автопортрет», созданные автором: Альбрехт Дюрер, созданные в период 1400–1599."
paintings_l4_0195,paintings,L4,,"{""collection_qid"": ""Q772297"", ""collection_ru"": ""Музей Сент-Круа"", ""country_qid"": null, ""country_ru"": null, ""creator_qid"": ""Q2564276"", ""creator_ru"": ""Жан Брок"", ""genre_qid"": ""Q40446"", ""genre_ru"": ""ню"", ""mode"": ""genre_creator_collection"", ""movement_qid"": null, ""movement_ru"": null, ""source_dataset"": ""wikidata"", ""year_from"": null, ""year_to"": null}","{""collection_ru"": ""Музей Сент-Круа"", ""creator_ru"": ""Жан Брок"", ""genre_ru"": ""ню"", ""kind"": ""painting""}",,"Назови 5 известных картин, жанра «ню», созданные автором: Жан Брок, находящиеся в коллекции: Музей Сент-Круа."
paintings_l4_0197,paintings,L4,,"{""collection_qid"": ""Q2628596"", ""collection_ru"": ""Дворец изящных искусств"", ""country_qid"": null, ""country_ru"": null, ""creator_qid"": ""Q83155"", ""creator_ru"": ""Жак Луи Давид"", ""genre_qid"": ""Q742333"", ""genre_ru"": ""историческая живопись"", ""mode"": ""genre_creator_collection"", ""movement_qid"": null, ""movement_ru"": null, ""source_dataset"": ""wikidata"", ""year_from"": null, ""year_to"": null}","{""collection_ru"": ""Дворец изящных искусств"", ""creator_ru"": ""Жак Луи Давид"", ""genre_ru"": ""историческая живопись"", ""kind"": ""painting""}",,"Назови 5 известных картин, жанра «историческая живопись», созданные автором: Жак Луи Давид, находящиеся в коллекции: Дворец изящных искусств."
paintings_l4_0199,paintings,L4,,"{""collection_qid"": ""Q214867"", ""collection_ru"": ""Национальная галерея искусства"", ""country_qid"": null, ""country_ru"": null, ""creator_qid"": ""Q8459"", ""creator_ru"": ""Джорджоне"", ""genre_qid"": ""Q2864737"", ""genre_ru"": ""религиозное искусство"", ""mode"": ""genre_creator_collection"", ""movement_qid"": null, ""movement_ru"": null, ""source_dataset"": ""wikidata"", ""year_from"": null, ""year_to"": null}","{""collection_ru"": ""Национальная галерея искусства"", ""creator_ru"": ""Джорджоне"", ""genre_ru"": ""религиозное искусство"", ""kind"": ""painting""}",,"Назови 5 известных картин, жанра «религиозное искусство», созданные автором: Джорджоне, находящиеся в коллекции: Национальная галерея искусства."
paintings_l4_0201,paintings,L4,,"{""collection_qid"": null, ""collection_ru"": null, ""country_qid"": null, ""country_ru"": null, ""creator_qid"": ""Q972033"", ""creator_ru"": ""Касаткин, Николай Алексеевич"", ""genre_qid"": ""Q134307"", ""genre_ru"": ""портрет"", ""mode"": ""genre_creator_year"", ""movement_qid"": null, ""movement_ru"": null, ""source_dataset"": ""wikidata"", ""year_from"": 1800, ""year_to"": 1899}","{""creator_ru"": ""Касаткин, Николай Алексеевич"", ""genre_ru"": ""портрет"", ""kind"": ""painting"", ""year_from"": 1800, ""year_to"": 1899}",,"Назови 5 известных картин, жанра «портрет», созданные автором: Касаткин, Николай Алексеевич, созданные в период 1800–1899."
paintings_l4_0205,paintings,L4,,"{""collection_qid"": ""Q180788"", ""collection_ru"": ""Лондонская национальная галерея"", ""country_qid"": null, ""country_ru"": null, ""creator_qid"": ""Q17169"", ""creator_ru"": ""Джованни Беллини"", ""genre_qid"": ""Q134307"", ""genre_ru"": ""портрет"", ""mode"": ""genre_creator_collection"", ""movement_qid"": null, ""movement_ru"": null, ""source_dataset"": ""wikidata"", ""year_from"": null, ""year_to"": null}","{""collection_ru"": ""Лондонская национальная галерея"", ""creator_ru"": ""Джованни Беллини"", ""genre_ru"": ""портрет"", ""kind"": ""painting""}",,"Назови 5 известных картин, жанра «портрет», созданные автором: Джованни Беллини, находящиеся в коллекции: Лондонская национальная галерея."
paintings_l4_0208,paintings,L4,,"{""collection_qid"": ""Q180788"", ""collection_ru"": ""Лондонская национальная галерея"", ""country_qid"": null, ""country_ru"": null, ""creator_qid"": ""Q5822"", ""creator_ru"": ""Пьеро делла Франческа"", ""genre_qid"": null, ""genre_ru"": null, ""mode"": ""creator_collection_year"", ""movement_qid"": null, ""movement_ru"": null, ""source_dataset"": ""wikidata"", ""year_from"": 1400, ""year_to"": 1599}","{""collection_ru"": ""Лондонская национальная галерея"", ""creator_ru"": ""Пьеро делла Франческа"", ""kind"": ""painting"", ""year_from"": 1400, ""year_to"": 1599}",,"Назови 5 известных картин, созданные автором: Пьеро делла Франческа, находящиеся в коллекции: Лондонская национальная галерея, созданные в период 1400–1599."
paintings_l4_0210,paintings,L4,,"{""collection_qid"": ""Q132783"", ""collection_ru"": ""Государственный Эрмитаж"", ""country_qid"": null, ""country_ru"": null, ""creator_qid"": ""Q8459"", ""creator_ru"": ""Джорджоне"", ""genre_qid"": null, ""genre_ru"": null, ""mode"": ""creator_collection_year"", ""movement_qid"": null, ""movement_ru"": null, ""source_dataset"": ""wikidata"", ""year_from"": 1400, ""year_to"": 1599}","{""collection_ru"": ""Государственный Эрмитаж"", ""creator_ru"": ""Джорджоне"", ""kind"": ""painting"", ""year_from"": 1400, ""year_to"": 1599}",,"Назови 5 известных картин, созданные автором: Джорджоне, находящиеся в коллекции: Государственный Эрмитаж, созданные в период 1400–1599."
paintings_l4_0212,paintings,L4,,"{""collection_qid"": ""Q211043"", ""collection_ru"": ""Государственный Русский музей"", ""country_qid"": null, ""country_ru"": null, ""creator_qid"": ""Q838"", ""creator_ru"": ""Андрей Рублёв"", ""genre_qid"": null, ""genre_ru"": null, ""mode"": ""creator_collection_year"", ""movement_qid"": null, ""movement_ru"": null, ""source_dataset"": ""wikidata"", ""year_from"": 1400, ""year_to"": 1599}","{""collection_ru"": ""Государственный Русский музей"", ""creator_ru"": ""Андрей Рублёв"", ""kind"": ""painting"", ""year_from"": 1400, ""year_to"": 1599}",,"Назови 5 известных картин, созданные автором: Андрей Рублёв, находящиеся в коллекции: Государственный Русский музей, созданные в период 1400–1599."
geo_ru_l1_0185,geo_ru,L1,geo_lake_region_candidates,"{""candidate_labels"": [""Сегозеро"", ""Выгозеро"", ""Топозеро"", ""Пяозеро"", ""Сямозеро"", ""Водлозеро""], ""region_ru"": ""Республика Карелия"", ""source_dataset"": ""wikidata"", ""template_family"": ""lakes"", ""template_id"": ""geo_lake_region_candidates""}","{""kind"": ""geo_object""}",,"Назови 5 озёр России, расположенных в Республике Карелия."
geo_ru_l1_0191,geo_ru,L1,geo_sea_basin_values,"{""basin_ru"": ""Северного Ледовитого океана"", ""candidate_labels"": [""Баренцево море"", ""Белое море"", ""Карское море"", ""море Лаптевых"", ""Восточно-Сибирское море"", ""Чукотское море""], ""source_dataset"": ""wikidata"", ""template_family"": ""seas"", ""template_id"": ""geo_sea_basin_values""}","{""kind"": ""geo_object""}",,"Назови 3 моря, которые омывают Россию и относятся к бассейну Северного Ледовитого океана."
geo_ru_l1_0193,geo_ru,L1,geo_sea_basin_values,"{""basin_ru"": ""Тихого океана"", ""candidate_labels"": [""Берингово море"", ""Охотское море"", ""Японское море""], ""source_dataset"": ""wikidata"", ""template_family"": ""seas"", ""template_id"": ""geo_sea_basin_values""}","{""kind"": ""geo_object""}",,"Назови 3 моря, которые омывают Россию и относятся к бассейну Тихого океана."
geo_ru_l1_0195,geo_ru,L1,geo_volcano_kamchatka_height_easy,"{""candidate_labels"": [""Ключевская сопка"", ""Корякская сопка"", ""Авачинская сопка"", ""Кроноцкая сопка"", ""Мутновская сопка"", ""Вилючинская сопка"", ""Шивелуч"", ""Толбачик"", ""Безымянный""], ""elev_min_m"": 1200, ""region_ru"": ""Камчатский край"", ""source_dataset"": ""wikidata"", ""template_family"": ""volcanoes"", ""template_id"": ""geo_volcano_kamchatka_height_easy""}","{""kind"": ""volcano""}",,"Перечисли 4 вулкана России, расположенных в Камчатском крае и имеющих высоту не ниже 1200 м."
geo_ru_l1_0197,geo_ru,L1,geo_sea_basin_values,"{""basin_ru"": ""Атлантического океана"", ""candidate_labels"": [""Балтийское море"", ""Чёрное море"", ""Азовское море""], ""source_dataset"": ""wikidata"", ""template_family"": ""seas"", ""template_id"": ""geo_sea_basin_values""}","{""kind"": ""geo_object""}",,"Назови 3 моря, которые омывают Россию и относятся к бассейну Атлантического океана."
geo_ru_l2_0195,geo_ru,L2,geo_city_major_river_pop_not_federal,"{""candidate_labels"": [""Тверь"", ""Ярославль"", ""Кострома"", ""Нижний Новгород"", ""Казань"", ""Самара"", ""Саратов"", ""Волгоград"", ""Астрахань""], ""pop_min"": 200000, ""river_ru"": ""Волга"", ""source_dataset"": ""wikidata"", ""template_family"": ""rivers"", ""template_id"": ""geo_city_major_river_pop_not_federal""}","{""kind"": ""city"", ""population_min"": 200}",,"Назови 4 городов России, стоящих на Волге, с населением не менее 200 тысяч человек, которые не являются городами федерального значения."
geo_ru_l2_0207,geo_ru,L2,geo_protected_area_before_year,"{""candidate_labels"": [""Паанаярви"", ""Водлозерский национальный парк"", ""Кивач"", ""Костомукшский заповедник""], ""location_ru"": ""Республика Карелия"", ""source_dataset"": ""wikidata"", ""template_family"": ""protected_areas"", ""template_id"": ""geo_protected_area_before_year"", ""year_max"": 2010}","{""kind"": ""geo_object""}",,"Назови 3 национальных парков или заповедников России, расположенных в Республике Карелия и созданных не позже 2010 года."
geo_ru_l2_0217,geo_ru,L2,geo_protected_area_before_year,"{""candidate_labels"": [""Кроноцкий заповедник"", ""Налычево"", ""Быстринский природный парк""], ""location_ru"": ""Камчатский край"", ""source_dataset"": ""wikidata"", ""template_family"": ""protected_areas"", ""template_id"": ""geo_protected_area_before_year"", ""year_max"": 2010}","{""kind"": ""geo_object""}",,"Назови 4 национальных парков или заповедников России, расположенных в Камчатском крае и созданных не позже 2010 года."
geo_ru_l3_0206,geo_ru,L3,geo_volcano_kamchatka_height_mid,"{""candidate_labels"": [""Ключевская сопка"", ""Корякская сопка"", ""Авачинская сопка"", ""Кроноцкая сопка"", ""Мутновская сопка"", ""Вилючинская сопка"", ""Шивелуч"", ""Толбачик"", ""Безымянный""], ""elev_min_m"": 3000, ""region_ru"": ""Камчатский край"", ""source_dataset"": ""wikidata"", ""template_family"": ""volcanoes"", ""template_id"": ""geo_volcano_kamchatka_height_mid""}","{""kind"": ""volcano""}",,"Перечисли 3 вулкана России, расположенных в Камчатском крае и имеющих высоту не ниже 3000 м."
geo_ru_l3_0212,geo_ru,L3,geo_city_tributaries_pop,"{""candidate_labels"": [""Пермь"", ""Набережные Челны"", ""Уфа"", ""Киров"", ""Калуга"", ""Рязань"", ""Ярославль""], ""main_river_ru"": ""Волга"", ""pop_min"": 150000, ""source_dataset"": ""wikidata"", ""template_family"": ""rivers_multihop"", ""template_id"": ""geo_city_tributaries_pop"", ""tributary_labels"": [""Кама"", ""Белая"", ""Вятка"", ""Ока"", ""Которосль""]}","{""kind"": ""river"", ""population_min"": 150}",,"Назови 3 городов России с населением не менее 150 тысяч человек, стоящих на реках, которые впадают в Волга."
geo_ru_l3_0214,geo_ru,L3,geo_city_tributaries_pop,"{""candidate_labels"": [""Омск"", ""Томск"", ""Кемерово"", ""Тобольск""], ""main_river_ru"": ""Обь"", ""pop_min"": 100000, ""source_dataset"": ""wikidata"", ""template_family"": ""rivers_multihop"", ""template_id"": ""geo_city_tributaries_pop"", ""tributary_labels"": [""Иртыш"", ""Томь"", ""Тобол""]}","{""kind"": ""river"", ""population_min"": 100}",,"Назови 3 городов России с населением не менее 100 тысяч человек, стоящих на реках, которые впадают в Обь."
geo_ru_l4_0221,geo_ru,L4,geo_protected_area_before_year_hard,"{""candidate_labels"": [""Сочинский национальный парк"", ""Кавказский заповедник"", ""Утриш""], ""location_ru"": ""Краснодарский край"", ""source_dataset"": ""wikidata"", ""template_family"": ""protected_areas"", ""template_id"": ""geo_protected_area_before_year_hard"", ""year_max"": 1990}","{""kind"": ""geo_object""}",,"Назови 2 национальных парков или заповедников России, расположенных в Краснодарском крае и созданных не позже 1990 года."
geo_ru_l4_0223,geo_ru,L4,geo_mountain_region_height_hard,"{""candidate_labels"": [""Эльбрус"", ""Дыхтау"", ""Коштантау"", ""Пик Пушкина"", ""Джанги-тау""], ""elev_min_m"": 3800, ""region_ru"": ""Кабардино-Балкарская Республика"", ""source_dataset"": ""wikidata"", ""template_family"": ""mountains"", ""template_id"": ""geo_mountain_region_height_hard""}","{""kind"": ""geo_object""}",,"Перечисли 3 горы России, расположенных в Кабардино-Балкарской Республике и имеющих высоту не ниже 3800 м."
geo_ru_l4_0225,geo_ru,L4,geo_mountain_region_height_hard,"{""candidate_labels"": [""Домбай-Ульген"", ""Софруджу"", ""Семёнов-Баши"", ""Белалакая""], ""elev_min_m"": 3800, ""region_ru"": ""Карачаево-Черкесская Республика"", ""source_dataset"": ""wikidata"", ""template_family"": ""mountains"", ""template_id"": ""geo_mountain_region_height_hard""}","{""kind"": ""geo_object""}",,"Перечисли 2 горы России, расположенных в Карачаево-Черкесской Республике и имеющих высоту не ниже 3800 м."
geo_ru_l4_0237,geo_ru,L4,geo_protected_area_before_year_hard,"{""candidate_labels"": [""Паанаярви"", ""Водлозерский национальный парк"", ""Кивач"", ""Костомукшский заповедник""], ""location_ru"": ""Республика Карелия"", ""source_dataset"": ""wikidata"", ""template_family"": ""protected_areas"", ""template_id"": ""geo_protected_area_before_year_hard"", ""year_max"": 2000}","{""kind"": ""geo_object""}",,"Назови 3 национальных парков или заповедников России, расположенных в Республике Карелия и созданных не позже 2000 года."
geo_ru_l4_0239,geo_ru,L4,geo_protected_area_before_year_hard,"{""candidate_labels"": [""Земля леопарда"", ""Кедровая Падь"", ""Сихотэ-Алинский заповедник"", ""Лазовский заповедник""], ""location_ru"": ""Приморский край"", ""source_dataset"": ""wikidata"", ""template_family"": ""protected_areas"", ""template_id"": ""geo_protected_area_before_year_hard"", ""year_max"": 2000}","{""kind"": ""geo_object""}",,"Назови 3 национальных парков или заповедников России, расположенных в Приморском крае и созданных не позже 2000 года."
geo_ru_l4_0241,geo_ru,L4,geo_mountain_region_height_hard,"{""candidate_labels"": [""Белуха"", ""Маашей-Баш"", ""Актру-Баш"", ""Караташ""], ""elev_min_m"": 3800, ""region_ru"": ""Республика Алтай"", ""source_dataset"": ""wikidata"", ""template_family"": ""mountains"", ""template_id"": ""geo_mountain_region_height_hard""}","{""kind"": ""geo_object""}",,"Перечисли 3 горы России, расположенных в Республике Алтай и имеющих высоту не ниже 3800 м."
geo_ru_l4_0243,geo_ru,L4,geo_protected_area_before_year_hard,"{""candidate_labels"": [""Кроноцкий заповедник"", ""Налычево"", ""Быстринский природный парк""], ""location_ru"": ""Камчатский край"", ""source_dataset"": ""wikidata"", ""template_family"": ""protected_areas"", ""template_id"": ""geo_protected_area_before_year_hard"", ""year_max"": 2000}","{""kind"": ""geo_object""}",,"Назови 2 национальных парков или заповедников России, расположенных в Камчатском крае и созданных не позже 2000 года."
geo_ru_l4_0245,geo_ru,L4,geo_mountain_region_height_hard,"{""candidate_labels"": [""Белуха"", ""Маашей-Баш"", ""Актру-Баш"", ""Караташ""], ""elev_min_m"": 4200, ""region_ru"": ""Республика Алтай"", ""source_dataset"": ""wikidata"", ""template_family"": ""mountains"", ""template_id"": ""geo_mountain_region_height_hard""}","{""kind"": ""geo_object""}",,"Перечисли 2 горы России, расположенных в Республике Алтай и имеющих высоту не ниже 4200 м."
geo_ru_l5_0236,geo_ru,L5,geo_admin_center_tributaries_popmax,"{""candidate_labels"": [""Омск"", ""Томск"", ""Кемерово""], ""main_river_ru"": ""Обь"", ""pop_max"": 1000000, ""source_dataset"": ""wikidata"", ""template_family"": ""rivers_multihop"", ""template_id"": ""geo_admin_center_tributaries_popmax"", ""tributary_labels"": [""Иртыш"", ""Томь"", ""Тобол""]}","{""kind"": ""river"", ""population_max"": 1000000}",,"Назови 2 административных центров субъектов РФ, стоящих на реках, которые впадают в Обь, если население города меньше 1 млн человек."
geo_ru_l5_0238,geo_ru,L5,geo_admin_center_tributaries_popmax,"{""candidate_labels"": [""Пермь"", ""Уфа"", ""Киров"", ""Калуга"", ""Рязань"", ""Ярославль""], ""main_river_ru"": ""Волга"", ""pop_max"": 900000, ""source_dataset"": ""wikidata"", ""template_family"": ""rivers_multihop"", ""template_id"": ""geo_admin_center_tributaries_popmax"", ""tributary_labels"": [""Кама"", ""Белая"", ""Вятка"", ""Ока"", ""Которосль""]}","{""kind"": ""river"", ""population_max"": 900000}",,"Назови 3 административных центров субъектов РФ, стоящих на реках, которые впадают в Волга, если население города меньше 900 тысяч человек."
software_l1_0183,software,L1,,"{""developer_qid"": null, ""developer_ru"": null, ""family_qid"": ""Q193564"", ""family_ru"": ""игровые движки"", ""lang_qid"": null, ""lang_ru"": null, ""license_qid"": null, ""license_ru"": null, ""os_qid"": null, ""os_ru"": null, ""source_dataset"": ""wikidata"", ""template_id"": ""family_only"", ""year_from"": null, ""year_to"": null}","{""kind"": ""software""}",,Перечисли 5 программ типа «игровые движки».
software_l1_0185,software,L1,,"{""developer_qid"": null, ""developer_ru"": null, ""family_qid"": ""Q732970"", ""family_ru"": ""файловые менеджеры"", ""lang_qid"": null, ""lang_ru"": null, ""license_qid"": null, ""license_ru"": null, ""os_qid"": null, ""os_ru"": null, ""source_dataset"": ""wikidata"", ""template_id"": ""family_only"", ""year_from"": null, ""year_to"": null}","{""kind"": ""software""}",,Назови 5 программ из категории «файловые менеджеры».
software_l1_0187,software,L1,,"{""developer_qid"": null, ""developer_ru"": null, ""family_qid"": ""Q6368"", ""family_ru"": ""веб-браузеры"", ""lang_qid"": null, ""lang_ru"": null, ""license_qid"": null, ""license_ru"": null, ""os_qid"": null, ""os_ru"": null, ""source_dataset"": ""wikidata"", ""template_id"": ""family_only"", ""year_from"": null, ""year_to"": null}","{""kind"": ""software""}",,Перечисли 5 программ типа «веб-браузеры».
software_l1_0189,software,L1,,"{""developer_qid"": null, ""developer_ru"": null, ""family_qid"": ""Q3257930"", ""family_ru"": ""системы управления версиями"", ""lang_qid"": null, ""lang_ru"": null, ""license_qid"": null, ""license_ru"": null, ""os_qid"": null, ""os_ru"": null, ""source_dataset"": ""wikidata"", ""template_id"": ""family_only"", ""year_from"": null, ""year_to"": null}","{""kind"": ""software""}",,Перечисли 5 программ типа «системы управления версиями».
software_l1_0191,software,L1,,"{""developer_qid"": null, ""developer_ru"": null, ""family_qid"": ""Q210337"", ""family_ru"": ""медиаплееры"", ""lang_qid"": null, ""lang_ru"": null, ""license_qid"": null, ""license_ru"": null, ""os_qid"": null, ""os_ru"": null, ""source_dataset"": ""wikidata"", ""template_id"": ""family_only"", ""year_from"": null, ""year_to"": null}","{""kind"": ""software""}",,Назови 5 программ из категории «медиаплееры».
software_l1_0193,software,L1,,"{""developer_qid"": null, ""developer_ru"": null, ""family_qid"": ""Q891055"", ""family_ru"": ""менеджеры пакетов"", ""lang_qid"": null, ""lang_ru"": null, ""license_qid"": null, ""license_ru"": null, ""os_qid"": null, ""os_ru"": null, ""source_dataset"": ""wikidata"", ""template_id"": ""family_only"", ""year_from"": null, ""year_to"": null}","{""kind"": ""software""}",,Назови 5 программ из категории «менеджеры пакетов».
software_l1_0195,software,L1,,"{""developer_qid"": null, ""developer_ru"": null, ""family_qid"": ""Q176165"", ""family_ru"": ""системы управления базами данных"", ""lang_qid"": null, ""lang_ru"": null, ""license_qid"": null, ""license_ru"": null, ""os_qid"": null, ""os_ru"": null, ""source_dataset"": ""wikidata"", ""template_id"": ""family_only"", ""year_from"": null, ""year_to"": null}","{""kind"": ""software""}",,Перечисли 5 программ типа «системы управления базами данных».
software_l1_0199,software,L1,,"{""developer_qid"": null, ""developer_ru"": null, ""family_qid"": ""Q207170"", ""family_ru"": ""офисные пакеты"", ""lang_qid"": null, ""lang_ru"": null, ""license_qid"": null, ""license_ru"": null, ""os_qid"": null, ""os_ru"": null, ""source_dataset"": ""wikidata"", ""template_id"": ""family_only"", ""year_from"": null, ""year_to"": null}","{""kind"": ""software""}",,Перечисли 5 программ типа «офисные пакеты».
software_l2_0191,software,L2,,"{""developer_qid"": ""Q2283"", ""developer_ru"": ""Microsoft"", ""family_qid"": ""Q210337"", ""family_ru"": ""медиаплееры"", ""lang_qid"": null, ""lang_ru"": null, ""license_qid"": null, ""license_ru"": null, ""os_qid"": null, ""os_ru"": null, ""source_dataset"": ""wikidata"", ""template_id"": ""family_developer"", ""year_from"": null, ""year_to"": null}","{""developer_ru"": ""Microsoft"", ""kind"": ""software""}",,"Назови 5 программ из категории «медиаплееры», разработчик: Microsoft."
software_l2_0193,software,L2,,"{""developer_qid"": null, ""developer_ru"": null, ""family_qid"": ""Q193564"", ""family_ru"": ""игровые движки"", ""lang_qid"": null, ""lang_ru"": null, ""license_qid"": null, ""license_ru"": null, ""os_qid"": ""Q48493"", ""os_ru"": ""iOS"", ""source_dataset"": ""wikidata"", ""template_id"": ""family_os"", ""year_from"": null, ""year_to"": null}","{""kind"": ""software""}",,Какие 5 программ из категории «игровые движки» доступны для iOS?
software_l2_0197,software,L2,,"{""developer_qid"": ""Q1688472"", ""developer_ru"": ""JetBrains"", ""family_qid"": ""Q13741"", ""family_ru"": ""интегрированные среды разработки"", ""lang_qid"": null, ""lang_ru"": null, ""license_qid"": null, ""license_ru"": null, ""os_qid"": null, ""os_ru"": null, ""source_dataset"": ""wikidata"", ""template_id"": ""family_developer"", ""year_from"": null, ""year_to"": null}","{""developer_ru"": ""JetBrains"", ""kind"": ""software""}",,"Назови 5 программ из категории «интегрированные среды разработки», разработчик: JetBrains."
software_l2_0199,software,L2,,"{""developer_qid"": null, ""developer_ru"": null, ""family_qid"": ""Q2351962"", ""family_ru"": ""графические редакторы"", ""lang_qid"": null, ""lang_ru"": null, ""license_qid"": null, ""license_ru"": null, ""os_qid"": ""Q1406"", ""os_ru"": ""Windows"", ""source_dataset"": ""wikidata"", ""template_id"": ""family_os"", ""year_from"": null, ""year_to"": null}","{""kind"": ""software""}",,Какие 5 программ из категории «графические редакторы» доступны для Windows?
software_l2_0203,software,L2,,"{""developer_qid"": ""Q2283"", ""developer_ru"": ""Microsoft"", ""family_qid"": ""Q207170"", ""family_ru"": ""офисные пакеты"", ""lang_qid"": null, ""lang_ru"": null, ""license_qid"": null, ""license_ru"": null, ""os_qid"": null, ""os_ru"": null, ""source_dataset"": ""wikidata"", ""template_id"": ""family_developer"", ""year_from"": null, ""year_to"": null}","{""developer_ru"": ""Microsoft"", ""kind"": ""software""}",,"Назови 5 программ из категории «офисные пакеты», разработчик: Microsoft."
software_l2_0205,software,L2,,"{""developer_qid"": null, ""developer_ru"": null, ""family_qid"": ""Q193564"", ""family_ru"": ""игровые движки"", ""lang_qid"": null, ""lang_ru"": null, ""license_qid"": ""Q192897"", ""license_ru"": ""GNU LGPL"", ""os_qid"": null, ""os_ru"": null, ""source_dataset"": ""wikidata"", ""template_id"": ""family_license"", ""year_from"": null, ""year_to"": null}","{""kind"": ""software"", ""license_ru"": ""GNU LGPL""}",,Назови 5 программ из категории «игровые движки» с лицензией «GNU LGPL».
software_l2_0207,software,L2,,"{""developer_qid"": null, ""developer_ru"": null, ""family_qid"": ""Q2462003"", ""family_ru"": ""клиенты мгновенных сообщений"", ""lang_qid"": null, ""lang_ru"": null, ""license_qid"": null, ""license_ru"": null, ""os_qid"": ""Q48493"", ""os_ru"": ""iOS"", ""source_dataset"": ""wikidata"", ""template_id"": ""family_os"", ""year_from"": null, ""year_to"": null}","{""kind"": ""software""}",,"Назови 5 программ из категории «клиенты мгновенных сообщений», работающих на iOS."
software_l2_0209,software,L2,,"{""developer_qid"": null, ""developer_ru"": null, ""family_qid"": ""Q2351962"", ""family_ru"": ""графические редакторы"", ""lang_qid"": null, ""lang_ru"": null, ""license_qid"": null, ""license_ru"": null, ""os_qid"": ""Q94"", ""os_ru"": ""Android"", ""source_dataset"": ""wikidata"", ""template_id"": ""family_os"", ""year_from"": null, ""year_to"": null}","{""kind"": ""software""}",,"Назови 5 программ из категории «графические редакторы», работающих на Android."
software_l2_0211,software,L2,,"{""developer_qid"": ""Q489709"", ""developer_ru"": ""Apache Software Foundation"", ""family_qid"": ""Q176165"", ""family_ru"": ""системы управления базами данных"", ""lang_qid"": null, ""lang_ru"": null, ""license_qid"": null, ""license_ru"": null, ""os_qid"": null, ""os_ru"": null, ""source_dataset"": ""wikidata"", ""template_id"": ""family_developer"", ""year_from"": null, ""year_to"": null}","{""developer_ru"": ""Apache Software Foundation"", ""kind"": ""software""}",,Какие 5 программ из категории «системы управления базами данных» относятся к разработчику Apache Software Foundation?
software_l2_0213,software,L2,,"{""developer_qid"": null, ""developer_ru"": null, ""family_qid"": ""Q3257930"", ""family_ru"": ""системы управления версиями"", ""lang_qid"": null, ""lang_ru"": null, ""license_qid"": ""Q13785927"", ""license_ru"": ""Apache License 2.0"", ""os_qid"": null, ""os_ru"": null, ""source_dataset"": ""wikidata"", ""template_id"": ""family_license"", ""year_from"": null, ""year_to"": null}","{""kind"": ""software"", ""license_ru"": ""Apache License 2.0"", ""operating_system_ru"": ""Apache License 2.0""}",,Какие 5 программ из категории «системы управления версиями» распространяются по лицензии «Apache License 2.0»?
software_l3_0203,software,L3,,"{""developer_qid"": null, ""developer_ru"": null, ""family_qid"": ""Q210337"", ""family_ru"": ""медиаплееры"", ""lang_qid"": null, ""lang_ru"": null, ""license_qid"": ""Q7603"", ""license_ru"": ""GNU GPL"", ""os_qid"": ""Q388"", ""os_ru"": ""Linux"", ""source_dataset"": ""wikidata"", ""template_id"": ""family_os_license"", ""year_from"": null, ""year_to"": null}","{""kind"": ""software"", ""license_ru"": ""GNU GPL"", ""operating_system_ru"": ""GNU GPL""}",,Какие 4 программы из категории «медиаплееры» доступны для Linux и имеют лицензию «GNU GPL»?
software_l3_0205,software,L3,,"{""developer_qid"": null, ""developer_ru"": null, ""family_qid"": ""Q131212"", ""family_ru"": ""текстовые редакторы"", ""lang_qid"": ""Q251"", ""lang_ru"": ""Java"", ""license_qid"": null, ""license_ru"": null, ""os_qid"": ""Q1406"", ""os_ru"": ""Windows"", ""source_dataset"": ""wikidata"", ""template_id"": ""family_os_lang"", ""year_from"": null, ""year_to"": null}","{""kind"": ""software"", ""language_ru"": ""Java""}",,"Назови 4 программы из категории «текстовые редакторы», работающих на Windows и написанных на Java."
software_l3_0207,software,L3,,"{""developer_qid"": null, ""developer_ru"": null, ""family_qid"": ""Q13741"", ""family_ru"": ""интегрированные среды разработки"", ""lang_qid"": ""Q251"", ""lang_ru"": ""Java"", ""license_qid"": null, ""license_ru"": null, ""os_qid"": ""Q388"", ""os_ru"": ""Linux"", ""source_dataset"": ""wikidata"", ""template_id"": ""family_os_lang"", ""year_from"": null, ""year_to"": null}","{""kind"": ""software"", ""language_ru"": ""Java""}",,Какие 4 программы из категории «интегрированные среды разработки» доступны для Linux и используют язык/стек Java?
software_l3_0211,software,L3,,"{""developer_qid"": null, ""developer_ru"": null, ""family_qid"": ""Q210337"", ""family_ru"": ""медиаплееры"", ""lang_qid"": ""Q15777"", ""lang_ru"": ""Си"", ""license_qid"": null, ""license_ru"": null, ""os_qid"": ""Q14656"", ""os_ru"": ""Unix-подобная операционная система"", ""source_dataset"": ""wikidata"", ""template_id"": ""family_os_lang"", ""year_from"": null, ""year_to"": null}","{""kind"": ""software"", ""language_ru"": ""Си""}",,"Назови 4 программы из категории «медиаплееры», работающих на Unix-подобная операционная система и написанных на Си."
software_l3_0215,software,L3,,"{""developer_qid"": null, ""developer_ru"": null, ""family_qid"": ""Q6368"", ""family_ru"": ""веб-браузеры"", ""lang_qid"": ""Q15777"", ""lang_ru"": ""Си"", ""license_qid"": null, ""license_ru"": null, ""os_qid"": ""Q388"", ""os_ru"": ""Linux"", ""source_dataset"": ""wikidata"", ""template_id"": ""family_os_lang"", ""year_from"": null, ""year_to"": null}","{""kind"": ""software"", ""language_ru"": ""Си""}",,"Назови 4 программы из категории «веб-браузеры», работающих на Linux и написанных на Си."
software_l3_0217,software,L3,,"{""developer_qid"": null, ""developer_ru"": null, ""family_qid"": ""Q193564"", ""family_ru"": ""игровые движки"", ""lang_qid"": null, ""lang_ru"": null, ""license_qid"": ""Q334661"", ""license_ru"": ""лицензия MIT"", ""os_qid"": ""Q1406"", ""os_ru"": ""Windows"", ""source_dataset"": ""wikidata"", ""template_id"": ""family_os_license"", ""year_from"": null, ""year_to"": null}","{""kind"": ""software"", ""license_ru"": ""лицензия MIT"", ""operating_system_ru"": ""лицензия MIT""}",,"Назови 4 программы из категории «игровые движки», работающих на Windows и распространяемых по лицензии «лицензия MIT»."
software_l3_0219,software,L3,,"{""developer_qid"": null, ""developer_ru"": null, ""family_qid"": ""Q210337"", ""family_ru"": ""медиаплееры"", ""lang_qid"": null, ""lang_ru"": null, ""license_qid"": ""Q27016754"", ""license_ru"": ""GPL 3.0 или более поздняя"", ""os_qid"": ""Q388"", ""os_ru"": ""Linux"", ""source_dataset"": ""wikidata"", ""template_id"": ""family_os_license"", ""year_from"": null, ""year_to"": null}","{""kind"": ""software"", ""license_ru"": ""GPL 3.0 или более поздняя"", ""operating_system_ru"": ""GPL 3.0 или более поздняя""}",,"Назови 4 программы из категории «медиаплееры», работающих на Linux и распространяемых по лицензии «GPL 3.0 или более поздняя»."
software_l3_0221,software,L3,,"{""developer_qid"": null, ""developer_ru"": null, ""family_qid"": ""Q131212"", ""family_ru"": ""текстовые редакторы"", ""lang_qid"": null, ""lang_ru"": null, ""license_qid"": ""Q334661"", ""license_ru"": ""лицензия MIT"", ""os_qid"": ""Q388"", ""os_ru"": ""Linux"", ""source_dataset"": ""wikidata"", ""template_id"": ""family_os_license"", ""year_from"": null, ""year_to"": null}","{""kind"": ""software"", ""license_ru"": ""лицензия MIT"", ""operating_system_ru"": ""лицензия MIT""}",,Какие 4 программы из категории «текстовые редакторы» доступны для Linux и имеют лицензию «лицензия MIT»?
software_l3_0225,software,L3,,"{""developer_qid"": null, ""developer_ru"": null, ""family_qid"": ""Q13741"", ""family_ru"": ""интегрированные среды разработки"", ""lang_qid"": ""Q633894"", ""lang_ru"": ""Object Pascal"", ""license_qid"": null, ""license_ru"": null, ""os_qid"": ""Q1406"", ""os_ru"": ""Windows"", ""source_dataset"": ""wikidata"", ""template_id"": ""family_os_lang"", ""year_from"": null, ""year_to"": null}","{""kind"": ""software"", ""language_ru"": ""Object Pascal""}",,Какие 4 программы из категории «интегрированные среды разработки» доступны для Windows и используют язык/стек Object Pascal?
software_l3_0227,software,L3,,"{""developer_qid"": null, ""developer_ru"": null, ""family_qid"": ""Q13741"", ""family_ru"": ""интегрированные среды разработки"", ""lang_qid"": null, ""lang_ru"": null, ""license_qid"": ""Q334661"", ""license_ru"": ""лицензия MIT"", ""os_qid"": ""Q1406"", ""os_ru"": ""Windows"", ""source_dataset"": ""wikidata"", ""template_id"": ""family_os_license"", ""year_from"": null, ""year_to"": null}","{""kind"": ""software"", ""license_ru"": ""лицензия MIT"", ""operating_system_ru"": ""лицензия MIT""}",,"Назови 4 программы из категории «интегрированные среды разработки», работающих на Windows и распространяемых по лицензии «лицензия MIT»."
software_l3_0229,software,L3,,"{""developer_qid"": ""Q1688472"", ""developer_ru"": ""JetBrains"", ""family_qid"": ""Q131212"", ""family_ru"": ""текстовые редакторы"", ""lang_qid"": null, ""lang_ru"": null, ""license_qid"": null, ""license_ru"": null, ""os_qid"": ""Q14116"", ""os_ru"": ""macOS"", ""source_dataset"": ""wikidata"", ""template_id"": ""family_os_developer"", ""year_from"": null, ""year_to"": null}","{""developer_ru"": ""JetBrains"", ""kind"": ""software""}",,Какие 4 программы из категории «текстовые редакторы» доступны для macOS и относятся к разработчику JetBrains?
software_l3_0231,software,L3,,"{""developer_qid"": null, ""developer_ru"": null, ""family_qid"": ""Q2462003"", ""family_ru"": ""клиенты мгновенных сообщений"", ""lang_qid"": ""Q15777"", ""lang_ru"": ""Си"", ""license_qid"": null, ""license_ru"": null, ""os_qid"": ""Q388"", ""os_ru"": ""Linux"", ""source_dataset"": ""wikidata"", ""template_id"": ""family_os_lang"", ""year_from"": null, ""year_to"": null}","{""kind"": ""software"", ""language_ru"": ""Си""}",,"Назови 4 программы из категории «клиенты мгновенных сообщений», работающих на Linux и написанных на Си."
software_l4_0231,software,L4,,"{""developer_qid"": null, ""developer_ru"": null, ""family_qid"": ""Q13741"", ""family_ru"": ""интегрированные среды разработки"", ""lang_qid"": ""Q978185"", ""lang_ru"": ""TypeScript"", ""license_qid"": null, ""license_ru"": null, ""os_qid"": ""Q14116"", ""os_ru"": ""macOS"", ""source_dataset"": ""wikidata"", ""template_id"": ""family_os_lang_year"", ""year_from"": 2010, ""year_to"": 2019}","{""kind"": ""software"", ""language_ru"": ""TypeScript"", ""year_from"": 2010, ""year_to"": 2019}",,Какие 4 программы из категории «интегрированные среды разработки» для macOS используют язык/стек TypeScript и относятся к периоду 2010–2019?
software_l4_0237,software,L4,,"{""developer_qid"": null, ""developer_ru"": null, ""family_qid"": ""Q2351962"", ""family_ru"": ""графические редакторы"", ""lang_qid"": null, ""lang_ru"": null, ""license_qid"": ""Q3238057"", ""license_ru"": ""проприетарная лицензия"", ""os_qid"": ""Q1406"", ""os_ru"": ""Windows"", ""source_dataset"": ""wikidata"", ""template_id"": ""family_os_license_year"", ""year_from"": 2000, ""year_to"": 2009}","{""kind"": ""software"", ""license_ru"": ""проприетарная лицензия"", ""year_from"": 2000, ""year_to"": 2009}",,Какие 4 программы из категории «графические редакторы» для Windows имеют лицензию «проприетарная лицензия» и относятся к периоду 2000–2009?
music_albums_l1_0186,music_albums,L1,music_release_type_genre,"{""answer_type"": ""release"", ""artist_kind"": null, ""country_qid"": null, ""country_ru"": null, ""genre_qid"": ""Q388296"", ""genre_ru"": ""афробит"", ""label_qid"": null, ""label_ru"": null, ""performer_qid"": null, ""performer_ru"": null, ""release_type_key"": ""album"", ""release_type_qid"": ""Q482994"", ""release_type_ru"": ""музыкальные альбомы"", ""source_dataset"": ""wikidata"", ""template_id"": ""music_release_type_genre"", ""year_from"": null, ""year_to"": null}","{""genre_ru"": ""афробит"", ""kind"": ""music_album""}",,"Назови 5 музыкальных альбомов, жанра «афробит»."
music_albums_l1_0188,music_albums,L1,music_release_type_genre,"{""answer_type"": ""release"", ""artist_kind"": null, ""country_qid"": null, ""country_ru"": null, ""genre_qid"": ""Q837837"", ""genre_ru"": ""пауэр-поп"", ""label_qid"": null, ""label_ru"": null, ""performer_qid"": null, ""performer_ru"": null, ""release_type_key"": ""album"", ""release_type_qid"": ""Q482994"", ""release_type_ru"": ""музыкальные альбомы"", ""source_dataset"": ""wikidata"", ""template_id"": ""music_release_type_genre"", ""year_from"": null, ""year_to"": null}","{""genre_ru"": ""пауэр-поп"", ""kind"": ""music_album""}",,"Подбери 5 музыкальных альбомов, жанра «пауэр-поп»."
music_albums_l1_0190,music_albums,L1,music_release_type_genre,"{""answer_type"": ""release"", ""artist_kind"": null, ""country_qid"": null, ""country_ru"": null, ""genre_qid"": ""Q178145"", ""genre_ru"": ""готик-метал"", ""label_qid"": null, ""label_ru"": null, ""performer_qid"": null, ""performer_ru"": null, ""release_type_key"": ""single"", ""release_type_qid"": ""Q134556"", ""release_type_ru"": ""синглы"", ""source_dataset"": ""wikidata"", ""template_id"": ""music_release_type_genre"", ""year_from"": null, ""year_to"": null}","{""genre_ru"": ""готик-метал"", ""kind"": ""music_album""}",,"Назови 5 синглов, жанра «готик-метал»."
music_albums_l1_0192,music_albums,L1,music_release_type_genre,"{""answer_type"": ""release"", ""artist_kind"": null, ""country_qid"": null, ""country_ru"": null, ""genre_qid"": ""Q1092553"", ""genre_ru"": ""келтик-фьюжн"", ""label_qid"": null, ""label_ru"": null, ""performer_qid"": null, ""performer_ru"": null, ""release_type_key"": ""album"", ""release_type_qid"": ""Q482994"", ""release_type_ru"": ""музыкальные альбомы"", ""source_dataset"": ""wikidata"", ""template_id"": ""music_release_type_genre"", ""year_from"": null, ""year_to"": null}","{""genre_ru"": ""келтик-фьюжн"", ""kind"": ""music_album""}",,"Перечисли 5 музыкальных альбомов, жанра «келтик-фьюжн»."
music_albums_l1_0194,music_albums,L1,music_release_type_genre,"{""answer_type"": ""release"", ""artist_kind"": null, ""country_qid"": null, ""country_ru"": null, ""genre_qid"": ""Q574651"", ""genre_ru"": ""антифолк"", ""label_qid"": null, ""label_ru"": null, ""performer_qid"": null, ""performer_ru"": null, ""release_type_key"": ""single"", ""release_type_qid"": ""Q134556"", ""release_type_ru"": ""синглы"", ""source_dataset"": ""wikidata"", ""template_id"": ""music_release_type_genre"", ""year_from"": null, ""year_to"": null}","{""genre_ru"": ""антифолк"", ""kind"": ""music_album""}",,"Подбери 5 синглов, жанра «антифолк»."
music_albums_l1_0196,music_albums,L1,music_release_type_genre,"{""answer_type"": ""release"", ""artist_kind"": null, ""country_qid"": null, ""country_ru"": null, ""genre_qid"": ""Q7309098"", ""genre_ru"": ""regional Mexican"", ""label_qid"": null, ""label_ru"": null, ""performer_qid"": null, ""performer_ru"": null, ""release_type_key"": ""song"", ""release_type_qid"": ""Q7366"", ""release_type_ru"": ""песни"", ""source_dataset"": ""wikidata"", ""template_id"": ""music_release_type_genre"", ""year_from"": null, ""year_to"": null}","{""genre_ru"": ""regional Mexican"", ""kind"": ""music_album""}",,"Подбери 5 песен, жанра «regional Mexican»."
music_albums_l1_0198,music_albums,L1,music_release_type_genre,"{""answer_type"": ""release"", ""artist_kind"": null, ""country_qid"": null, ""country_ru"": null, ""genre_qid"": ""Q251192"", ""genre_ru"": ""даунтемпо"", ""label_qid"": null, ""label_ru"": null, ""performer_qid"": null, ""performer_ru"": null, ""release_type_key"": ""album"", ""release_type_qid"": ""Q482994"", ""release_type_ru"": ""музыкальные альбомы"", ""source_dataset"": ""wikidata"", ""template_id"": ""music_release_type_genre"", ""year_from"": null, ""year_to"": null}","{""genre_ru"": ""даунтемпо"", ""kind"": ""music_album""}",,"Подбери 5 музыкальных альбомов, жанра «даунтемпо»."
music_albums_l1_0200,music_albums,L1,music_release_type_genre,"{""answer_type"": ""release"", ""artist_kind"": null, ""country_qid"": null, ""country_ru"": null, ""genre_qid"": ""Q268253"", ""genre_ru"": ""неосоул"", ""label_qid"": null, ""label_ru"": null, ""performer_qid"": null, ""performer_ru"": null, ""release_type_key"": ""song"", ""release_type_qid"": ""Q7366"", ""release_type_ru"": ""песни"", ""source_dataset"": ""wikidata"", ""template_id"": ""music_release_type_genre"", ""year_from"": null, ""year_to"": null}","{""genre_ru"": ""неосоул"", ""kind"": ""music_album""}",,"Перечисли 5 песен, жанра «неосоул»."
music_albums_l1_0202,music_albums,L1,music_release_type_genre,"{""answer_type"": ""release"", ""artist_kind"": null, ""country_qid"": null, ""country_ru"": null, ""genre_qid"": ""Q639197"", ""genre_ru"": ""инструментальная музыка"", ""label_qid"": null, ""label_ru"": null, ""performer_qid"": null, ""performer_ru"": null, ""release_type_key"": ""single"", ""release_type_qid"": ""Q134556"", ""release_type_ru"": ""синглы"", ""source_dataset"": ""wikidata"", ""template_id"": ""music_release_type_genre"", ""year_from"": null, ""year_to"": null}","{""genre_ru"": ""инструментальная музыка"", ""kind"": ""music_album""}",,"Подбери 5 синглов, жанра «инструментальная музыка»."
music_albums_l1_0206,music_albums,L1,music_release_type_genre,"{""answer_type"": ""release"", ""artist_kind"": null, ""country_qid"": null, ""country_ru"": null, ""genre_qid"": ""Q185162"", ""genre_ru"": ""латин-рок"", ""label_qid"": null, ""label_ru"": null, ""performer_qid"": null, ""performer_ru"": null, ""release_type_key"": ""album"", ""release_type_qid"": ""Q482994"", ""release_type_ru"": ""музыкальные альбомы"", ""source_dataset"": ""wikidata"", ""template_id"": ""music_release_type_genre"", ""year_from"": null, ""year_to"": null}","{""genre_ru"": ""латин-рок"", ""kind"": ""music_album""}",,"Подбери 5 музыкальных альбомов, жанра «латин-рок»."
music_albums_l1_0208,music_albums,L1,music_release_type_genre,"{""answer_type"": ""release"", ""artist_kind"": null, ""country_qid"": null, ""country_ru"": null, ""genre_qid"": ""Q54365"", ""genre_ru"": ""ска"", ""label_qid"": null, ""label_ru"": null, ""performer_qid"": null, ""performer_ru"": null, ""release_type_key"": ""song"", ""release_type_qid"": ""Q7366"", ""release_type_ru"": ""песни"", ""source_dataset"": ""wikidata"", ""template_id"": ""music_release_type_genre"", ""year_from"": null, ""year_to"": null}","{""genre_ru"": ""ска"", ""kind"": ""music_album""}",,"Назови 5 песен, жанра «ска»."
music_albums_l2_0197,music_albums,L2,music_release_type_genre_country,"{""answer_type"": ""release"", ""artist_kind"": null, ""country_qid"": ""Q30"", ""country_ru"": ""США"", ""genre_qid"": ""Q756956"", ""genre_ru"": ""дарк-эмбиент"", ""label_qid"": null, ""label_ru"": null, ""performer_qid"": null, ""performer_ru"": null, ""release_type_key"": ""album"", ""release_type_qid"": ""Q482994"", ""release_type_ru"": ""музыкальные альбомы"", ""source_dataset"": ""wikidata"", ""template_id"": ""music_release_type_genre_country"", ""year_from"": null, ""year_to"": null}","{""country_ru"": ""происхождения или гражданство: США"", ""genre_ru"": ""дарк-эмбиент"", ""kind"": ""music_album""}",,"Подбери 5 музыкальных альбомов, жанра «дарк-эмбиент», у исполнителей страна происхождения или гражданство: США."
music_albums_l2_0201,music_albums,L2,music_artists_genre_country,"{""answer_type"": ""artist"", ""artist_kind"": ""group"", ""country_qid"": ""Q145"", ""country_ru"": ""Великобритания"", ""genre_qid"": ""Q187760"", ""genre_ru"": ""новая волна"", ""label_qid"": null, ""label_ru"": null, ""performer_qid"": null, ""performer_ru"": null, ""release_type_key"": ""song"", ""release_type_qid"": ""Q7366"", ""release_type_ru"": ""песни"", ""source_dataset"": ""wikidata"", ""template_id"": ""music_artists_genre_country"", ""year_from"": null, ""year_to"": null}","{""country_ru"": ""Великобритания"", ""genre_ru"": ""новая волна"", ""kind"": ""music_album"", ""performer_ru"": ""новая волна""}",,"Перечисли 5 музыкальных групп, которые связаны с жанром «новая волна», из страны: Великобритания, у которых есть песни этого жанра."
music_albums_l2_0203,music_albums,L2,music_artists_genre_country,"{""answer_type"": ""artist"", ""artist_kind"": null, ""country_qid"": ""Q30"", ""country_ru"": ""США"", ""genre_qid"": ""Q188450"", ""genre_ru"": ""электропоп"", ""label_qid"": null, ""label_ru"": null, ""performer_qid"": null, ""performer_ru"": null, ""release_type_key"": ""ep"", ""release_type_qid"": ""Q169930"", ""release_type_ru"": ""EP и мини-альбомы"", ""source_dataset"": ""wikidata"", ""template_id"": ""music_artists_genre_country"", ""year_from"": null, ""year_to"": null}","{""country_ru"": ""США"", ""genre_ru"": ""электропоп"", ""kind"": ""music_album"", ""performer_ru"": ""электропоп""}",,"Назови 5 исполнителей, которые связаны с жанром «электропоп», из страны: США, у которых есть ep и мини-альбомы этого жанра."
music_albums_l2_0205,music_albums,L2,music_artists_genre_country,"{""answer_type"": ""artist"", ""artist_kind"": ""group"", ""country_qid"": ""Q30"", ""country_ru"": ""США"", ""genre_qid"": ""Q842324"", ""genre_ru"": ""инди-поп"", ""label_qid"": null, ""label_ru"": null, ""performer_qid"": null, ""performer_ru"": null, ""release_type_key"": ""song"", ""release_type_qid"": ""Q7366"", ""release_type_ru"": ""песни"", ""source_dataset"": ""wikidata"", ""template_id"": ""music_artists_genre_country"", ""year_from"": null, ""year_to"": null}","{""country_ru"": ""США"", ""genre_ru"": ""инди-поп"", ""kind"": ""music_album"", ""performer_ru"": ""инди-поп""}",,"Какие музыкальных групп подходят под условия, которые связаны с жанром «инди-поп», из страны: США, у которых есть песни этого жанра."
music_albums_l2_0207,music_albums,L2,music_release_type_genre_country,"{""answer_type"": ""release"", ""artist_kind"": null, ""country_qid"": ""Q145"", ""country_ru"": ""Великобритания"", ""genre_qid"": ""Q1702909"", ""genre_ru"": ""рага-рок"", ""label_qid"": null, ""label_ru"": null, ""performer_qid"": null, ""performer_ru"": null, ""release_type_key"": ""album"", ""release_type_qid"": ""Q482994"", ""release_type_ru"": ""музыкальные альбомы"", ""source_dataset"": ""wikidata"", ""template_id"": ""music_release_type_genre_country"", ""year_from"": null, ""year_to"": null}","{""country_ru"": ""происхождения или гражданство: Великобритания"", ""genre_ru"": ""рага-рок"", ""kind"": ""music_album""}",,"Перечисли 5 музыкальных альбомов, жанра «рага-рок», у исполнителей страна происхождения или гражданство: Великобритания."
music_albums_l2_0209,music_albums,L2,music_release_type_genre_country,"{""answer_type"": ""release"", ""artist_kind"": null, ""country_qid"": ""Q30"", ""country_ru"": ""США"", ""genre_qid"": ""Q438503"", ""genre_ru"": ""альтернативный хип-хоп"", ""label_qid"": null, ""label_ru"": null, ""performer_qid"": null, ""performer_ru"": null, ""release_type_key"": ""song"", ""release_type_qid"": ""Q7366"", ""release_type_ru"": ""песни"", ""source_dataset"": ""wikidata"", ""template_id"": ""music_release_type_genre_country"", ""year_from"": null, ""year_to"": null}","{""country_ru"": ""происхождения или гражданство: США"", ""genre_ru"": ""альтернативный хип-хоп"", ""kind"": ""music_album""}",,"Назови 5 песен, жанра «альтернативный хип-хоп», у исполнителей страна происхождения или гражданство: США."
music_albums_l2_0211,music_albums,L2,music_release_type_genre_country,"{""answer_type"": ""release"", ""artist_kind"": null, ""country_qid"": ""Q16"", ""country_ru"": ""Канада"", ""genre_qid"": ""Q9794"", ""genre_ru"": ""регги"", ""label_qid"": null, ""label_ru"": null, ""performer_qid"": null, ""performer_ru"": null, ""release_type_key"": ""single"", ""release_type_qid"": ""Q134556"", ""release_type_ru"": ""синглы"", ""source_dataset"": ""wikidata"", ""template_id"": ""music_release_type_genre_country"", ""year_from"": null, ""year_to"": null}","{""country_ru"": ""происхождения или гражданство: Канада"", ""genre_ru"": ""регги"", ""kind"": ""music_album""}",,"Перечисли 5 синглов, жанра «регги», у исполнителей страна происхождения или гражданство: Канада."
music_albums_l2_0213,music_albums,L2,music_artists_genre_country,"{""answer_type"": ""artist"", ""artist_kind"": null, ""country_qid"": ""Q17"", ""country_ru"": ""Япония"", ""genre_qid"": ""Q164444"", ""genre_ru"": ""фанк"", ""label_qid"": null, ""label_ru"": null, ""performer_qid"": null, ""performer_ru"": null, ""release_type_key"": ""single"", ""release_type_qid"": ""Q134556"", ""release_type_ru"": ""синглы"", ""source_dataset"": ""wikidata"", ""template_id"": ""music_artists_genre_country"", ""year_from"": null, ""year_to"": null}","{""country_ru"": ""Япония"", ""genre_ru"": ""фанк"", ""kind"": ""music_album"", ""performer_ru"": ""фанк""}",,"Назови 5 исполнителей, которые связаны с жанром «фанк», из страны: Япония, у которых есть синглы этого жанра."
music_albums_l2_0215,music_albums,L2,music_artists_genre_country,"{""answer_type"": ""artist"", ""artist_kind"": null, ""country_qid"": ""Q30"", ""country_ru"": ""США"", ""genre_qid"": ""Q851213"", ""genre_ru"": ""EDM"", ""label_qid"": null, ""label_ru"": null, ""performer_qid"": null, ""performer_ru"": null, ""release_type_key"": ""album"", ""release_type_qid"": ""Q482994"", ""release_type_ru"": ""музыкальные альбомы"", ""source_dataset"": ""wikidata"", ""template_id"": ""music_artists_genre_country"", ""year_from"": null, ""year_to"": null}","{""country_ru"": ""США"", ""genre_ru"": ""EDM"", ""kind"": ""music_album"", ""performer_ru"": ""EDM""}",,"Какие исполнителей подходят под условия, которые связаны с жанром «EDM», из страны: США, у которых есть музыкальные альбомы этого жанра."
music_albums_l2_0217,music_albums,L2,music_release_type_genre_country,"{""answer_type"": ""release"", ""artist_kind"": null, ""country_qid"": ""Q142"", ""country_ru"": ""Франция"", ""genre_qid"": ""Q899116"", ""genre_ru"": ""неоклассический дарквейв"", ""label_qid"": null, ""label_ru"": null, ""performer_qid"": null, ""performer_ru"": null, ""release_type_key"": ""album"", ""release_type_qid"": ""Q482994"", ""release_type_ru"": ""музыкальные альбомы"", ""source_dataset"": ""wikidata"", ""template_id"": ""music_release_type_genre_country"", ""year_from"": null, ""year_to"": null}","{""country_ru"": ""происхождения или гражданство: Франция"", ""genre_ru"": ""неоклассический дарквейв"", ""kind"": ""music_album""}",,"Подбери 5 музыкальных альбомов, жанра «неоклассический дарквейв», у исполнителей страна происхождения или гражданство: Франция."
music_albums_l2_0219,music_albums,L2,music_release_type_genre_country,"{""answer_type"": ""release"", ""artist_kind"": null, ""country_qid"": ""Q408"", ""country_ru"": ""Австралия"", ""genre_qid"": ""Q1298934"", ""genre_ru"": ""синти-поп"", ""label_qid"": null, ""label_ru"": null, ""performer_qid"": null, ""performer_ru"": null, ""release_type_key"": ""song"", ""release_type_qid"": ""Q7366"", ""release_type_ru"": ""песни"", ""source_dataset"": ""wikidata"", ""template_id"": ""music_release_type_genre_country"", ""year_from"": null, ""year_to"": null}","{""country_ru"": ""происхождения или гражданство: Австралия"", ""genre_ru"": ""синти-поп"", ""kind"": ""music_album""}",,"Перечисли 5 песен, жанра «синти-поп», у исполнителей страна происхождения или гражданство: Австралия."
music_albums_l2_0221,music_albums,L2,music_artists_genre_country,"{""answer_type"": ""artist"", ""artist_kind"": ""solo"", ""country_qid"": ""Q142"", ""country_ru"": ""Франция"", ""genre_qid"": ""Q1162954"", ""genre_ru"": ""французская поп-музыка"", ""label_qid"": null, ""label_ru"": null, ""performer_qid"": null, ""performer_ru"": null, ""release_type_key"": ""album"", ""release_type_qid"": ""Q482994"", ""release_type_ru"": ""музыкальные альбомы"", ""source_dataset"": ""wikidata"", ""template_id"": ""music_artists_genre_country"", ""year_from"": null, ""year_to"": null}","{""country_ru"": ""Франция"", ""genre_ru"": ""французская поп-музыка"", ""kind"": ""music_album"", ""performer_ru"": ""французская поп-музыка""}",,"Какие музыкантов и сольных исполнителей подходят под условия, которые связаны с жанром «французская поп-музыка», из страны: Франция, у которых есть музыкальные альбомы этого жанра."
music_albums_l2_0223,music_albums,L2,music_release_type_genre_country,"{""answer_type"": ""release"", ""artist_kind"": null, ""country_qid"": ""Q408"", ""country_ru"": ""Австралия"", ""genre_qid"": ""Q8341"", ""genre_ru"": ""джаз"", ""label_qid"": null, ""label_ru"": null, ""performer_qid"": null, ""performer_ru"": null, ""release_type_key"": ""album"", ""release_type_qid"": ""Q482994"", ""release_type_ru"": ""музыкальные альбомы"", ""source_dataset"": ""wikidata"", ""template_id"": ""music_release_type_genre_country"", ""year_from"": null, ""year_to"": null}","{""country_ru"": ""происхождения или гражданство: Австралия"", ""genre_ru"": ""джаз"", ""kind"": ""music_album""}",,"Подбери 5 музыкальных альбомов, жанра «джаз», у исполнителей страна происхождения или гражданство: Австралия."
music_albums_l2_0225,music_albums,L2,music_release_type_genre_country,"{""answer_type"": ""release"", ""artist_kind"": null, ""country_qid"": ""Q183"", ""country_ru"": ""Германия"", ""genre_qid"": ""Q132438"", ""genre_ru"": ""блэк-метал"", ""label_qid"": null, ""label_ru"": null, ""performer_qid"": null, ""performer_ru"": null, ""release_type_key"": ""album"", ""release_type_qid"": ""Q482994"", ""release_type_ru"": ""музыкальные альбомы"", ""source_dataset"": ""wikidata"", ""template_id"": ""music_release_type_genre_country"", ""year_from"": null, ""year_to"": null}","{""country_ru"": ""происхождения или гражданство: Германия"", ""genre_ru"": ""блэк-метал"", ""kind"": ""music_album""}",,"Назови 5 музыкальных альбомов, жанра «блэк-метал», у исполнителей страна происхождения или гражданство: Германия."
music_albums_l2_0227,music_albums,L2,music_artists_genre_country,"{""answer_type"": ""artist"", ""artist_kind"": null, ""country_qid"": ""Q145"", ""country_ru"": ""Великобритания"", ""genre_qid"": ""Q236913"", ""genre_ru"": ""спейс-рок"", ""label_qid"": null, ""label_ru"": null, ""performer_qid"": null, ""performer_ru"": null, ""release_type_key"": ""album"", ""release_type_qid"": ""Q482994"", ""release_type_ru"": ""музыкальные альбомы"", ""source_dataset"": ""wikidata"", ""template_id"": ""music_artists_genre_country"", ""year_from"": null, ""year_to"": null}","{""country_ru"": ""Великобритания"", ""genre_ru"": ""спейс-рок"", ""kind"": ""music_album"", ""performer_ru"": ""спейс-рок""}",,"Перечисли 5 исполнителей, которые связаны с жанром «спейс-рок», из страны: Великобритания, у которых есть музыкальные альбомы этого жанра."
music_albums_l2_0229,music_albums,L2,music_release_type_genre_country,"{""answer_type"": ""release"", ""artist_kind"": null, ""country_qid"": ""Q17"", ""country_ru"": ""Япония"", ""genre_qid"": ""Q842324"", ""genre_ru"": ""инди-поп"", ""label_qid"": null, ""label_ru"": null, ""performer_qid"": null, ""performer_ru"": null, ""release_type_key"": ""single"", ""release_type_qid"": ""Q134556"", ""release_type_ru"": ""синглы"", ""source_dataset"": ""wikidata"", ""template_id"": ""music_release_type_genre_country"", ""year_from"": null, ""year_to"": null}","{""country_ru"": ""происхождения или гражданство: Япония"", ""genre_ru"": ""инди-поп"", ""kind"": ""music_album""}",,"Перечисли 5 синглов, жанра «инди-поп», у исполнителей страна происхождения или гражданство: Япония."
music_albums_l3_0214,music_albums,L3,music_release_type_genre_country_year,"{""answer_type"": ""release"", ""artist_kind"": null, ""country_qid"": ""Q30"", ""country_ru"": ""США"", ""genre_qid"": ""Q850412"", ""genre_ru"": ""современный ритм-н-блюз"", ""label_qid"": null, ""label_ru"": null, ""performer_qid"": null, ""performer_ru"": null, ""release_type_key"": ""single"", ""release_type_qid"": ""Q134556"", ""release_type_ru"": ""синглы"", ""source_dataset"": ""wikidata"", ""template_id"": ""music_release_type_genre_country_year"", ""year_from"": 2010, ""year_to"": 2019}","{""country_ru"": ""происхождения или гражданство: США"", ""genre_ru"": ""современный ритм-н-блюз"", ""kind"": ""music_album"", ""year_from"": 2010, ""year_to"": 2019}",,"Назови 5 синглов, жанра «современный ритм-н-блюз», у исполнителей страна происхождения или гражданство: США, в период 2010–2019 годов."
music_albums_l3_0216,music_albums,L3,music_release_type_genre_country_year,"{""answer_type"": ""release"", ""artist_kind"": null, ""country_qid"": ""Q30"", ""country_ru"": ""США"", ""genre_qid"": ""Q487965"", ""genre_ru"": ""индастриал"", ""label_qid"": null, ""label_ru"": null, ""performer_qid"": null, ""performer_ru"": null, ""release_type_key"": ""album"", ""release_type_qid"": ""Q482994"", ""release_type_ru"": ""музыкальные альбомы"", ""source_dataset"": ""wikidata"", ""template_id"": ""music_release_type_genre_country_year"", ""year_from"": 1980, ""year_to"": 1989}","{""country_ru"": ""происхождения или гражданство: США"", ""genre_ru"": ""индастриал"", ""kind"": ""music_album"", ""year_from"": 1980, ""year_to"": 1989}",,"Назови 5 музыкальных альбомов, жанра «индастриал», у исполнителей страна происхождения или гражданство: США, в период 1980–1989 годов."
music_albums_l3_0218,music_albums,L3,music_release_type_genre_country_year,"{""answer_type"": ""release"", ""artist_kind"": null, ""country_qid"": ""Q16"", ""country_ru"": ""Канада"", ""genre_qid"": ""Q379671"", ""genre_ru"": ""постгранж"", ""label_qid"": null, ""label_ru"": null, ""performer_qid"": null, ""performer_ru"": null, ""release_type_key"": ""single"", ""release_type_qid"": ""Q134556"", ""release_type_ru"": ""синглы"", ""source_dataset"": ""wikidata"", ""template_id"": ""music_release_type_genre_country_year"", ""year_from"": 1990, ""year_to"": 1999}","{""country_ru"": ""происхождения или гражданство: Канада"", ""genre_ru"": ""постгранж"", ""kind"": ""music_album"", ""year_from"": 1990, ""year_to"": 1999}",,"Перечисли 5 синглов, жанра «постгранж», у исполнителей страна происхождения или гражданство: Канада, в период 1990–1999 годов."
music_albums_l3_0220,music_albums,L3,music_artists_genre_country_type_year,"{""answer_type"": ""artist"", ""artist_kind"": null, ""country_qid"": ""Q408"", ""country_ru"": ""Австралия"", ""genre_qid"": ""Q235858"", ""genre_ru"": ""народная музыка"", ""label_qid"": null, ""label_ru"": null, ""performer_qid"": null, ""performer_ru"": null, ""release_type_key"": ""album"", ""release_type_qid"": ""Q482994"", ""release_type_ru"": ""музыкальные альбомы"", ""source_dataset"": ""wikidata"", ""template_id"": ""music_artists_genre_country_type_year"", ""year_from"": 2010, ""year_to"": 2019}","{""country_ru"": ""Австралия"", ""genre_ru"": ""народная музыка"", ""kind"": ""music_album"", ""performer_ru"": ""народная музыка"", ""year_from"": 2010, ""year_to"": 2019}",,"Перечисли 5 исполнителей, которые связаны с жанром «народная музыка», из страны: Австралия, у которых есть музыкальные альбомы этого жанра, с релизами в период 2010–2019 годов."
music_albums_l3_0222,music_albums,L3,music_release_type_genre_country_year,"{""answer_type"": ""release"", ""artist_kind"": null, ""country_qid"": ""Q145"", ""country_ru"": ""Великобритания"", ""genre_qid"": ""Q11399"", ""genre_ru"": ""рок-музыка"", ""label_qid"": null, ""label_ru"": null, ""performer_qid"": null, ""performer_ru"": null, ""release_type_key"": ""single"", ""release_type_qid"": ""Q134556"", ""release_type_ru"": ""синглы"", ""source_dataset"": ""wikidata"", ""template_id"": ""music_release_type_genre_country_year"", ""year_from"": 1970, ""year_to"": 1979}","{""country_ru"": ""происхождения или гражданство: Великобритания"", ""genre_ru"": ""рок-музыка"", ""kind"": ""music_album"", ""year_from"": 1970, ""year_to"": 1979}",,"Перечисли 5 синглов, жанра «рок-музыка», у исполнителей страна происхождения или гражданство: Великобритания, в период 1970–1979 годов."
music_albums_l3_0224,music_albums,L3,music_release_type_genre_country_year,"{""answer_type"": ""release"", ""artist_kind"": null, ""country_qid"": ""Q30"", ""country_ru"": ""США"", ""genre_qid"": ""Q6452410"", ""genre_ru"": ""христианская музыка"", ""label_qid"": null, ""label_ru"": null, ""performer_qid"": null, ""performer_ru"": null, ""release_type_key"": ""album"", ""release_type_qid"": ""Q482994"", ""release_type_ru"": ""музыкальные альбомы"", ""source_dataset"": ""wikidata"", ""template_id"": ""music_release_type_genre_country_year"", ""year_from"": 1990, ""year_to"": 1999}","{""country_ru"": ""происхождения или гражданство: США"", ""genre_ru"": ""христианская музыка"", ""kind"": ""music_album"", ""year_from"": 1990, ""year_to"": 1999}",,"Подбери 5 музыкальных альбомов, жанра «христианская музыка», у исполнителей страна происхождения или гражданство: США, в период 1990–1999 годов."
music_albums_l3_0182,music_albums,L3,music_release_type_genre_year,"{""answer_type"": ""release"", ""artist_kind"": null, ""country_qid"": null, ""country_ru"": null, ""genre_qid"": ""Q7749"", ""genre_ru"": ""рок-н-ролл"", ""label_qid"": null, ""label_ru"": null, ""performer_qid"": null, ""performer_ru"": null, ""release_type_key"": ""song"", ""release_type_qid"": ""Q7366"", ""release_type_ru"": ""песни"", ""source_dataset"": ""wikidata"", ""template_id"": ""music_release_type_genre_year"", ""year_from"": 1980, ""year_to"": 1989}","{""genre_ru"": ""рок-н-ролл"", ""kind"": ""music_album"", ""year_from"": 1980, ""year_to"": 1989}",,"Назови 5 песен, жанра «рок-н-ролл», в период 1980–1989 годов."
music_albums_l3_0184,music_albums,L3,music_release_type_genre_year,"{""answer_type"": ""release"", ""artist_kind"": null, ""country_qid"": null, ""country_ru"": null, ""genre_qid"": ""Q966564"", ""genre_ru"": ""хардкор-хип-хоп"", ""label_qid"": null, ""label_ru"": null, ""performer_qid"": null, ""performer_ru"": null, ""release_type_key"": ""ep"", ""release_type_qid"": ""Q169930"", ""release_type_ru"": ""EP и мини-альбомы"", ""source_dataset"": ""wikidata"", ""template_id"": ""music_release_type_genre_year"", ""year_from"": 1990, ""year_to"": 1999}","{""genre_ru"": ""хардкор-хип-хоп"", ""kind"": ""music_album"", ""year_from"": 1990, ""year_to"": 1999}",,"Перечисли 5 EP и мини-альбомов, жанра «хардкор-хип-хоп», в период 1990–1999 годов."
music_albums_l3_0186,music_albums,L3,music_artists_genre_type_year,"{""answer_type"": ""artist"", ""artist_kind"": ""solo"", ""country_qid"": null, ""country_ru"": null, ""genre_qid"": ""Q1650296"", ""genre_ru"": ""инструментальный рок"", ""label_qid"": null, ""label_ru"": null, ""performer_qid"": null, ""performer_ru"": null, ""release_type_key"": ""album"", ""release_type_qid"": ""Q482994"", ""release_type_ru"": ""музыкальные альбомы"", ""source_dataset"": ""wikidata"", ""template_id"": ""music_artists_genre_type_year"", ""year_from"": 1980, ""year_to"": 1989}","{""genre_ru"": ""инструментальный рок"", ""kind"": ""music_album"", ""performer_ru"": ""инструментальный рок"", ""year_from"": 1980, ""year_to"": 1989}",,"Какие музыкантов и сольных исполнителей подходят под условия, которые связаны с жанром «инструментальный рок», у которых есть музыкальные альбомы этого жанра, с релизами в период 1980–1989 годов."
music_albums_l3_0188,music_albums,L3,music_release_type_genre_year,"{""answer_type"": ""release"", ""artist_kind"": null, ""country_qid"": null, ""country_ru"": null, ""genre_qid"": ""Q211723"", ""genre_ru"": ""спид-метал"", ""label_qid"": null, ""label_ru"": null, ""performer_qid"": null, ""performer_ru"": null, ""release_type_key"": ""album"", ""release_type_qid"": ""Q482994"", ""release_type_ru"": ""музыкальные альбомы"", ""source_dataset"": ""wikidata"", ""template_id"": ""music_release_type_genre_year"", ""year_from"": 2000, ""year_to"": 2009}","{""genre_ru"": ""спид-метал"", ""kind"": ""music_album"", ""year_from"": 2000, ""year_to"": 2009}",,"Перечисли 5 музыкальных альбомов, жанра «спид-метал», в период 2000–2009 годов."
music_albums_l3_0190,music_albums,L3,music_release_type_genre_year,"{""answer_type"": ""release"", ""artist_kind"": null, ""country_qid"": null, ""country_ru"": null, ""genre_qid"": ""Q320592"", ""genre_ru"": ""краут-рок"", ""label_qid"": null, ""label_ru"": null, ""performer_qid"": null, ""performer_ru"": null, ""release_type_key"": ""album"", ""release_type_qid"": ""Q482994"", ""release_type_ru"": ""музыкальные альбомы"", ""source_dataset"": ""wikidata"", ""template_id"": ""music_release_type_genre_year"", ""year_from"": 2000, ""year_to"": 2009}","{""genre_ru"": ""краут-рок"", ""kind"": ""music_album"", ""year_from"": 2000, ""year_to"": 2009}",,"Подбери 5 музыкальных альбомов, жанра «краут-рок», в период 2000–2009 годов."
music_albums_l3_0192,music_albums,L3,music_release_type_genre_year,"{""answer_type"": ""release"", ""artist_kind"": null, ""country_qid"": null, ""country_ru"": null, ""genre_qid"": ""Q2465085"", ""genre_ru"": ""эмбиент-хаус"", ""label_qid"": null, ""label_ru"": null, ""performer_qid"": null, ""performer_ru"": null, ""release_type_key"": ""single"", ""release_type_qid"": ""Q134556"", ""release_type_ru"": ""синглы"", ""source_dataset"": ""wikidata"", ""template_id"": ""music_release_type_genre_year"", ""year_from"": 1990, ""year_to"": 1999}","{""genre_ru"": ""эмбиент-хаус"", ""kind"": ""music_album"", ""year_from"": 1990, ""year_to"": 1999}",,"Подбери 5 синглов, жанра «эмбиент-хаус», в период 1990–1999 годов."
music_albums_l3_0194,music_albums,L3,music_release_type_genre_year,"{""answer_type"": ""release"", ""artist_kind"": null, ""country_qid"": null, ""country_ru"": null, ""genre_qid"": ""Q3840596"", ""genre_ru"": ""дарквейв"", ""label_qid"": null, ""label_ru"": null, ""performer_qid"": null, ""performer_ru"": null, ""release_type_key"": ""album"", ""release_type_qid"": ""Q482994"", ""release_type_ru"": ""музыкальные альбомы"", ""source_dataset"": ""wikidata"", ""template_id"": ""music_release_type_genre_year"", ""year_from"": 2010, ""year_to"": 2019}","{""genre_ru"": ""дарквейв"", ""kind"": ""music_album"", ""year_from"": 2010, ""year_to"": 2019}",,"Подбери 5 музыкальных альбомов, жанра «дарквейв», в период 2010–2019 годов."
music_albums_l3_0198,music_albums,L3,music_release_type_genre_year,"{""answer_type"": ""release"", ""artist_kind"": null, ""country_qid"": null, ""country_ru"": null, ""genre_qid"": ""Q213665"", ""genre_ru"": ""K-pop"", ""label_qid"": null, ""label_ru"": null, ""performer_qid"": null, ""performer_ru"": null, ""release_type_key"": ""album"", ""release_type_qid"": ""Q482994"", ""release_type_ru"": ""музыкальные альбомы"", ""source_dataset"": ""wikidata"", ""template_id"": ""music_release_type_genre_year"", ""year_from"": 1990, ""year_to"": 1999}","{""genre_ru"": ""K-pop"", ""kind"": ""music_album"", ""year_from"": 1990, ""year_to"": 1999}",,"Подбери 5 музыкальных альбомов, жанра «K-pop», в период 1990–1999 годов."
music_albums_l3_0200,music_albums,L3,music_release_type_genre_year,"{""answer_type"": ""release"", ""artist_kind"": null, ""country_qid"": null, ""country_ru"": null, ""genre_qid"": ""Q850412"", ""genre_ru"": ""современный ритм-н-блюз"", ""label_qid"": null, ""label_ru"": null, ""performer_qid"": null, ""performer_ru"": null, ""release_type_key"": ""album"", ""release_type_qid"": ""Q482994"", ""release_type_ru"": ""музыкальные альбомы"", ""source_dataset"": ""wikidata"", ""template_id"": ""music_release_type_genre_year"", ""year_from"": 2010, ""year_to"": 2019}","{""genre_ru"": ""современный ритм-н-блюз"", ""kind"": ""music_album"", ""year_from"": 2010, ""year_to"": 2019}",,"Назови 5 музыкальных альбомов, жанра «современный ритм-н-блюз», в период 2010–2019 годов."
music_albums_l3_0202,music_albums,L3,music_release_type_genre_year,"{""answer_type"": ""release"", ""artist_kind"": null, ""country_qid"": null, ""country_ru"": null, ""genre_qid"": ""Q851213"", ""genre_ru"": ""EDM"", ""label_qid"": null, ""label_ru"": null, ""performer_qid"": null, ""performer_ru"": null, ""release_type_key"": ""album"", ""release_type_qid"": ""Q482994"", ""release_type_ru"": ""музыкальные альбомы"", ""source_dataset"": ""wikidata"", ""template_id"": ""music_release_type_genre_year"", ""year_from"": 1980, ""year_to"": 1989}","{""genre_ru"": ""EDM"", ""kind"": ""music_album"", ""year_from"": 1980, ""year_to"": 1989}",,"Подбери 5 музыкальных альбомов, жанра «EDM», в период 1980–1989 годов."
music_albums_l3_0204,music_albums,L3,music_release_type_genre_year,"{""answer_type"": ""release"", ""artist_kind"": null, ""country_qid"": null, ""country_ru"": null, ""genre_qid"": ""Q43343"", ""genre_ru"": ""фолк"", ""label_qid"": null, ""label_ru"": null, ""performer_qid"": null, ""performer_ru"": null, ""release_type_key"": ""album"", ""release_type_qid"": ""Q482994"", ""release_type_ru"": ""музыкальные альбомы"", ""source_dataset"": ""wikidata"", ""template_id"": ""music_release_type_genre_year"", ""year_from"": 2000, ""year_to"": 2009}","{""genre_ru"": ""фолк"", ""kind"": ""music_album"", ""year_from"": 2000, ""year_to"": 2009}",,"Подбери 5 музыкальных альбомов, жанра «фолк», в период 2000–2009 годов."
music_albums_l3_0206,music_albums,L3,music_release_type_genre_year,"{""answer_type"": ""release"", ""artist_kind"": null, ""country_qid"": null, ""country_ru"": null, ""genre_qid"": ""Q542971"", ""genre_ru"": ""progressive death metal"", ""label_qid"": null, ""label_ru"": null, ""performer_qid"": null, ""performer_ru"": null, ""release_type_key"": ""album"", ""release_type_qid"": ""Q482994"", ""release_type_ru"": ""музыкальные альбомы"", ""source_dataset"": ""wikidata"", ""template_id"": ""music_release_type_genre_year"", ""year_from"": 2010, ""year_to"": 2019}","{""genre_ru"": ""progressive death metal"", ""kind"": ""music_album"", ""year_from"": 2010, ""year_to"": 2019}",,"Перечисли 5 музыкальных альбомов, жанра «progressive death metal», в период 2010–2019 годов."
music_albums_l3_0208,music_albums,L3,music_release_type_genre_year,"{""answer_type"": ""release"", ""artist_kind"": null, ""country_qid"": null, ""country_ru"": null, ""genre_qid"": ""Q20474"", ""genre_ru"": ""дабстеп"", ""label_qid"": null, ""label_ru"": null, ""performer_qid"": null, ""performer_ru"": null, ""release_type_key"": ""song"", ""release_type_qid"": ""Q7366"", ""release_type_ru"": ""песни"", ""source_dataset"": ""wikidata"", ""template_id"": ""music_release_type_genre_year"", ""year_from"": 2010, ""year_to"": 2019}","{""genre_ru"": ""дабстеп"", ""kind"": ""music_album"", ""year_from"": 2010, ""year_to"": 2019}",,"Перечисли 5 песен, жанра «дабстеп», в период 2010–2019 годов."
music_albums_l3_0210,music_albums,L3,music_release_type_genre_year,"{""answer_type"": ""release"", ""artist_kind"": null, ""country_qid"": null, ""country_ru"": null, ""genre_qid"": ""Q486263"", ""genre_ru"": ""босанова"", ""label_qid"": null, ""label_ru"": null, ""performer_qid"": null, ""performer_ru"": null, ""release_type_key"": ""album"", ""release_type_qid"": ""Q482994"", ""release_type_ru"": ""музыкальные альбомы"", ""source_dataset"": ""wikidata"", ""template_id"": ""music_release_type_genre_year"", ""year_from"": 2010, ""year_to"": 2019}","{""genre_ru"": ""босанова"", ""kind"": ""music_album"", ""year_from"": 2010, ""year_to"": 2019}",,"Назови 5 музыкальных альбомов, жанра «босанова», в период 2010–2019 годов."
music_albums_l3_0212,music_albums,L3,music_artists_genre_type_year,"{""answer_type"": ""artist"", ""artist_kind"": ""solo"", ""country_qid"": null, ""country_ru"": null, ""genre_qid"": ""Q164444"", ""genre_ru"": ""фанк"", ""label_qid"": null, ""label_ru"": null, ""performer_qid"": null, ""performer_ru"": null, ""release_type_key"": ""single"", ""release_type_qid"": ""Q134556"", ""release_type_ru"": ""синглы"", ""source_dataset"": ""wikidata"", ""template_id"": ""music_artists_genre_type_year"", ""year_from"": 1960, ""year_to"": 1969}","{""genre_ru"": ""фанк"", ""kind"": ""music_album"", ""performer_ru"": ""фанк"", ""year_from"": 1960, ""year_to"": 1969}",,"Назови 5 музыкантов и сольных исполнителей, которые связаны с жанром «фанк», у которых есть синглы этого жанра, с релизами в период 1960–1969 годов."
music_albums_l4_0202,music_albums,L4,music_artist_kind_genre_type_year,"{""answer_type"": ""artist"", ""artist_kind"": ""solo"", ""country_qid"": null, ""country_ru"": null, ""genre_qid"": ""Q1379958"", ""genre_ru"": ""современная христианская музыка"", ""label_qid"": null, ""label_ru"": null, ""performer_qid"": null, ""performer_ru"": null, ""release_type_key"": ""ep"", ""release_type_qid"": ""Q169930"", ""release_type_ru"": ""EP и мини-альбомы"", ""source_dataset"": ""wikidata"", ""template_id"": ""music_artist_kind_genre_type_year"", ""year_from"": 2015, ""year_to"": 2019}","{""genre_ru"": ""современная христианская музыка"", ""kind"": ""music_album"", ""performer_ru"": ""современная христианская музыка"", ""year_from"": 2015, ""year_to"": 2019}",,"Перечисли 7 музыкантов и сольных исполнителей, которые связаны с жанром «современная христианская музыка», у которых есть ep и мини-альбомы этого жанра, с релизами в период 2015–2019 годов."
music_albums_l4_0204,music_albums,L4,music_artist_kind_genre_type_year,"{""answer_type"": ""artist"", ""artist_kind"": ""group"", ""country_qid"": null, ""country_ru"": null, ""genre_qid"": ""Q1045541"", ""genre_ru"": ""джи-фанк"", ""label_qid"": null, ""label_ru"": null, ""performer_qid"": null, ""performer_ru"": null, ""release_type_key"": ""single"", ""release_type_qid"": ""Q134556"", ""release_type_ru"": ""синглы"", ""source_dataset"": ""wikidata"", ""template_id"": ""music_artist_kind_genre_type_year"", ""year_from"": 1990, ""year_to"": 1994}","{""genre_ru"": ""джи-фанк"", ""kind"": ""music_album"", ""performer_ru"": ""джи-фанк"", ""year_from"": 1990, ""year_to"": 1994}",,"Назови 7 музыкальных групп, которые связаны с жанром «джи-фанк», у которых есть синглы этого жанра, с релизами в период 1990–1994 годов."
music_albums_l4_0206,music_albums,L4,music_artist_kind_genre_type_year,"{""answer_type"": ""artist"", ""artist_kind"": ""group"", ""country_qid"": null, ""country_ru"": null, ""genre_qid"": ""Q43343"", ""genre_ru"": ""фолк"", ""label_qid"": null, ""label_ru"": null, ""performer_qid"": null, ""performer_ru"": null, ""release_type_key"": ""single"", ""release_type_qid"": ""Q134556"", ""release_type_ru"": ""синглы"", ""source_dataset"": ""wikidata"", ""template_id"": ""music_artist_kind_genre_type_year"", ""year_from"": 2005, ""year_to"": 2009}","{""genre_ru"": ""фолк"", ""kind"": ""music_album"", ""performer_ru"": ""фолк"", ""year_from"": 2005, ""year_to"": 2009}",,"Перечисли 7 музыкальных групп, которые связаны с жанром «фолк», у которых есть синглы этого жанра, с релизами в период 2005–2009 годов."
music_albums_l4_0208,music_albums,L4,music_artist_kind_genre_type_year,"{""answer_type"": ""artist"", ""artist_kind"": ""group"", ""country_qid"": null, ""country_ru"": null, ""genre_qid"": ""Q83270"", ""genre_ru"": ""хард-рок"", ""label_qid"": null, ""label_ru"": null, ""performer_qid"": null, ""performer_ru"": null, ""release_type_key"": ""single"", ""release_type_qid"": ""Q134556"", ""release_type_ru"": ""синглы"", ""source_dataset"": ""wikidata"", ""template_id"": ""music_artist_kind_genre_type_year"", ""year_from"": 1975, ""year_to"": 1979}","{""genre_ru"": ""хард-рок"", ""kind"": ""music_album"", ""performer_ru"": ""хард-рок"", ""year_from"": 1975, ""year_to"": 1979}",,"Назови 7 музыкальных групп, которые связаны с жанром «хард-рок», у которых есть синглы этого жанра, с релизами в период 1975–1979 годов."
music_albums_l4_0210,music_albums,L4,music_artist_kind_genre_type_year,"{""answer_type"": ""artist"", ""artist_kind"": ""solo"", ""country_qid"": null, ""country_ru"": null, ""genre_qid"": ""Q213665"", ""genre_ru"": ""K-pop"", ""label_qid"": null, ""label_ru"": null, ""performer_qid"": null, ""performer_ru"": null, ""release_type_key"": ""ep"", ""release_type_qid"": ""Q169930"", ""release_type_ru"": ""EP и мини-альбомы"", ""source_dataset"": ""wikidata"", ""template_id"": ""music_artist_kind_genre_type_year"", ""year_from"": 2010, ""year_to"": 2014}","{""genre_ru"": ""K-pop"", ""kind"": ""music_album"", ""performer_ru"": ""K-pop"", ""year_from"": 2010, ""year_to"": 2014}",,"Назови 7 музыкантов и сольных исполнителей, которые связаны с жанром «K-pop», у которых есть ep и мини-альбомы этого жанра, с релизами в период 2010–2014 годов."
music_albums_l4_0212,music_albums,L4,music_artist_kind_genre_type_year,"{""answer_type"": ""artist"", ""artist_kind"": ""solo"", ""country_qid"": null, ""country_ru"": null, ""genre_qid"": ""Q9794"", ""genre_ru"": ""регги"", ""label_qid"": null, ""label_ru"": null, ""performer_qid"": null, ""performer_ru"": null, ""release_type_key"": ""album"", ""release_type_qid"": ""Q482994"", ""release_type_ru"": ""музыкальные альбомы"", ""source_dataset"": ""wikidata"", ""template_id"": ""music_artist_kind_genre_type_year"", ""year_from"": 1970, ""year_to"": 1974}","{""genre_ru"": ""регги"", ""kind"": ""music_album"", ""performer_ru"": ""регги"", ""year_from"": 1970, ""year_to"": 1974}",,"Назови 7 музыкантов и сольных исполнителей, которые связаны с жанром «регги», у которых есть музыкальные альбомы этого жанра, с релизами в период 1970–1974 годов."
music_albums_l4_0214,music_albums,L4,music_artist_kind_genre_type_year,"{""answer_type"": ""artist"", ""artist_kind"": ""group"", ""country_qid"": null, ""country_ru"": null, ""genre_qid"": ""Q775614"", ""genre_ru"": ""неофолк"", ""label_qid"": null, ""label_ru"": null, ""performer_qid"": null, ""performer_ru"": null, ""release_type_key"": ""album"", ""release_type_qid"": ""Q482994"", ""release_type_ru"": ""музыкальные альбомы"", ""source_dataset"": ""wikidata"", ""template_id"": ""music_artist_kind_genre_type_year"", ""year_from"": 2005, ""year_to"": 2009}","{""genre_ru"": ""неофолк"", ""kind"": ""music_album"", ""performer_ru"": ""неофолк"", ""year_from"": 2005, ""year_to"": 2009}",,"Назови 7 музыкальных групп, которые связаны с жанром «неофолк», у которых есть музыкальные альбомы этого жанра, с релизами в период 2005–2009 годов."
music_albums_l4_0216,music_albums,L4,music_artist_kind_genre_type_year,"{""answer_type"": ""artist"", ""artist_kind"": ""group"", ""country_qid"": null, ""country_ru"": null, ""genre_qid"": ""Q6010"", ""genre_ru"": ""рэп"", ""label_qid"": null, ""label_ru"": null, ""performer_qid"": null, ""performer_ru"": null, ""release_type_key"": ""album"", ""release_type_qid"": ""Q482994"", ""release_type_ru"": ""музыкальные альбомы"", ""source_dataset"": ""wikidata"", ""template_id"": ""music_artist_kind_genre_type_year"", ""year_from"": 2000, ""year_to"": 2004}","{""genre_ru"": ""рэп"", ""kind"": ""music_album"", ""performer_ru"": ""рэп"", ""year_from"": 2000, ""year_to"": 2004}",,"Какие музыкальных групп подходят под условия, которые связаны с жанром «рэп», у которых есть музыкальные альбомы этого жанра, с релизами в период 2000–2004 годов."
music_albums_l4_0218,music_albums,L4,music_artist_kind_genre_type_year,"{""answer_type"": ""artist"", ""artist_kind"": ""group"", ""country_qid"": null, ""country_ru"": null, ""genre_qid"": ""Q6010"", ""genre_ru"": ""рэп"", ""label_qid"": null, ""label_ru"": null, ""performer_qid"": null, ""performer_ru"": null, ""release_type_key"": ""single"", ""release_type_qid"": ""Q134556"", ""release_type_ru"": ""синглы"", ""source_dataset"": ""wikidata"", ""template_id"": ""music_artist_kind_genre_type_year"", ""year_from"": 2005, ""year_to"": 2009}","{""genre_ru"": ""рэп"", ""kind"": ""music_album"", ""performer_ru"": ""рэп"", ""year_from"": 2005, ""year_to"": 2009}",,"Назови 7 музыкальных групп, которые связаны с жанром «рэп», у которых есть синглы этого жанра, с релизами в период 2005–2009 годов."
music_albums_l4_0220,music_albums,L4,music_artist_kind_genre_type_year,"{""answer_type"": ""artist"", ""artist_kind"": ""group"", ""country_qid"": null, ""country_ru"": null, ""genre_qid"": ""Q1190565"", ""genre_ru"": ""джэнгл-поп"", ""label_qid"": null, ""label_ru"": null, ""performer_qid"": null, ""performer_ru"": null, ""release_type_key"": ""album"", ""release_type_qid"": ""Q482994"", ""release_type_ru"": ""музыкальные альбомы"", ""source_dataset"": ""wikidata"", ""template_id"": ""music_artist_kind_genre_type_year"", ""year_from"": 1985, ""year_to"": 1989}","{""genre_ru"": ""джэнгл-поп"", ""kind"": ""music_album"", ""performer_ru"": ""джэнгл-поп"", ""year_from"": 1985, ""year_to"": 1989}",,"Какие музыкальных групп подходят под условия, которые связаны с жанром «джэнгл-поп», у которых есть музыкальные альбомы этого жанра, с релизами в период 1985–1989 годов."
music_albums_l4_0222,music_albums,L4,music_artist_kind_genre_type_year,"{""answer_type"": ""artist"", ""artist_kind"": ""group"", ""country_qid"": null, ""country_ru"": null, ""genre_qid"": ""Q1443316"", ""genre_ru"": ""рождественская музыка"", ""label_qid"": null, ""label_ru"": null, ""performer_qid"": null, ""performer_ru"": null, ""release_type_key"": ""ep"", ""release_type_qid"": ""Q169930"", ""release_type_ru"": ""EP и мини-альбомы"", ""source_dataset"": ""wikidata"", ""template_id"": ""music_artist_kind_genre_type_year"", ""year_from"": 1995, ""year_to"": 1999}","{""genre_ru"": ""рождественская музыка"", ""kind"": ""music_album"", ""performer_ru"": ""рождественская музыка"", ""year_from"": 1995, ""year_to"": 1999}",,"Назови 7 музыкальных групп, которые связаны с жанром «рождественская музыка», у которых есть ep и мини-альбомы этого жанра, с релизами в период 1995–1999 годов."
music_albums_l4_0224,music_albums,L4,music_artist_kind_genre_type_year,"{""answer_type"": ""artist"", ""artist_kind"": ""group"", ""country_qid"": null, ""country_ru"": null, ""genre_qid"": ""Q7749"", ""genre_ru"": ""рок-н-ролл"", ""label_qid"": null, ""label_ru"": null, ""performer_qid"": null, ""performer_ru"": null, ""release_type_key"": ""ep"", ""release_type_qid"": ""Q169930"", ""release_type_ru"": ""EP и мини-альбомы"", ""source_dataset"": ""wikidata"", ""template_id"": ""music_artist_kind_genre_type_year"", ""year_from"": 1995, ""year_to"": 1999}","{""genre_ru"": ""рок-н-ролл"", ""kind"": ""music_album"", ""performer_ru"": ""рок-н-ролл"", ""year_from"": 1995, ""year_to"": 1999}",,"Какие музыкальных групп подходят под условия, которые связаны с жанром «рок-н-ролл», у которых есть ep и мини-альбомы этого жанра, с релизами в период 1995–1999 годов."
music_albums_l4_0226,music_albums,L4,music_artist_kind_genre_type_year,"{""answer_type"": ""artist"", ""artist_kind"": ""solo"", ""country_qid"": null, ""country_ru"": null, ""genre_qid"": ""Q1418683"", ""genre_ru"": ""каёкёку"", ""label_qid"": null, ""label_ru"": null, ""performer_qid"": null, ""performer_ru"": null, ""release_type_key"": ""album"", ""release_type_qid"": ""Q482994"", ""release_type_ru"": ""музыкальные альбомы"", ""source_dataset"": ""wikidata"", ""template_id"": ""music_artist_kind_genre_type_year"", ""year_from"": 2015, ""year_to"": 2019}","{""genre_ru"": ""каёкёку"", ""kind"": ""music_album"", ""performer_ru"": ""каёкёку"", ""year_from"": 2015, ""year_to"": 2019}",,"Какие музыкантов и сольных исполнителей подходят под условия, которые связаны с жанром «каёкёку», у которых есть музыкальные альбомы этого жанра, с релизами в период 2015–2019 годов."
music_albums_l4_0228,music_albums,L4,music_artist_kind_genre_type_year,"{""answer_type"": ""artist"", ""artist_kind"": ""solo"", ""country_qid"": null, ""country_ru"": null, ""genre_qid"": ""Q9759"", ""genre_ru"": ""блюз"", ""label_qid"": null, ""label_ru"": null, ""performer_qid"": null, ""performer_ru"": null, ""release_type_key"": ""album"", ""release_type_qid"": ""Q482994"", ""release_type_ru"": ""музыкальные альбомы"", ""source_dataset"": ""wikidata"", ""template_id"": ""music_artist_kind_genre_type_year"", ""year_from"": 2010, ""year_to"": 2014}","{""genre_ru"": ""блюз"", ""kind"": ""music_album"", ""performer_ru"": ""блюз"", ""year_from"": 2010, ""year_to"": 2014}",,"Перечисли 7 музыкантов и сольных исполнителей, которые связаны с жанром «блюз», у которых есть музыкальные альбомы этого жанра, с релизами в период 2010–2014 годов."
music_albums_l4_0230,music_albums,L4,music_artist_kind_genre_type_year,"{""answer_type"": ""artist"", ""artist_kind"": ""solo"", ""country_qid"": null, ""country_ru"": null, ""genre_qid"": ""Q164444"", ""genre_ru"": ""фанк"", ""label_qid"": null, ""label_ru"": null, ""performer_qid"": null, ""performer_ru"": null, ""release_type_key"": ""album"", ""release_type_qid"": ""Q482994"", ""release_type_ru"": ""музыкальные альбомы"", ""source_dataset"": ""wikidata"", ""template_id"": ""music_artist_kind_genre_type_year"", ""year_from"": 2010, ""year_to"": 2014}","{""genre_ru"": ""фанк"", ""kind"": ""music_album"", ""performer_ru"": ""фанк"", ""year_from"": 2010, ""year_to"": 2014}",,"Перечисли 7 музыкантов и сольных исполнителей, которые связаны с жанром «фанк», у которых есть музыкальные альбомы этого жанра, с релизами в период 2010–2014 годов."
music_albums_l5_0217,music_albums,L5,music_release_type_genre_performer_year,"{""answer_type"": ""release"", ""artist_kind"": null, ""country_qid"": null, ""country_ru"": null, ""genre_qid"": ""Q11399"", ""genre_ru"": ""рок-музыка"", ""label_qid"": null, ""label_ru"": null, ""performer_qid"": ""Q189080"", ""performer_ru"": ""Лу Рид"", ""release_type_key"": ""album"", ""release_type_qid"": ""Q482994"", ""release_type_ru"": ""музыкальные альбомы"", ""source_dataset"": ""wikidata"", ""template_id"": ""music_release_type_genre_performer_year"", ""year_from"": 1975, ""year_to"": 1979}","{""genre_ru"": ""рок-музыка"", ""kind"": ""music_album"", ""performer_ru"": ""Лу Рид"", ""year_from"": 1975, ""year_to"": 1979}",,"Подбери 5 музыкальных альбомов, жанра «рок-музыка», исполнитель: Лу Рид, в период 1975–1979 годов."
music_albums_l5_0182,music_albums,L5,music_release_type_genre_performer_year,"{""answer_type"": ""release"", ""artist_kind"": null, ""country_qid"": null, ""country_ru"": null, ""genre_qid"": ""Q608862"", ""genre_ru"": ""музыка в японской анимации"", ""label_qid"": null, ""label_ru"": null, ""performer_qid"": ""Q266670"", ""performer_ru"": ""Мэгуми Хаясибара"", ""release_type_key"": ""single"", ""release_type_qid"": ""Q134556"", ""release_type_ru"": ""синглы"", ""source_dataset"": ""wikidata"", ""template_id"": ""music_release_type_genre_performer_year"", ""year_from"": 2000, ""year_to"": 2004}","{""genre_ru"": ""музыка в японской анимации"", ""kind"": ""music_album"", ""performer_ru"": ""Мэгуми Хаясибара"", ""year_from"": 2000, ""year_to"": 2004}",,"Назови 5 синглов, жанра «музыка в японской анимации», исполнитель: Мэгуми Хаясибара, в период 2000–2004 годов."
videogames_l1_0182,videogames,L1,vg_genre_platform,"{""developer_qid"": null, ""developer_ru"": null, ""genre_qid"": ""Q846224"", ""genre_ru"": ""файтинг"", ""platform_qid"": ""Q170434"", ""platform_ru"": ""DOS"", ""publisher_qid"": null, ""publisher_ru"": null, ""series_qid"": null, ""series_ru"": null, ""source_dataset"": ""wikidata"", ""template_id"": ""vg_genre_platform"", ""year_from"": null, ""year_to"": null}","{""genre_ru"": ""файтинг"", ""kind"": ""video_game"", ""platform_ru"": ""DOS""}",,"Назови 5 видеоигр, жанра «файтинг», на платформе: DOS."
videogames_l1_0184,videogames,L1,vg_genre_platform,"{""developer_qid"": null, ""developer_ru"": null, ""genre_qid"": ""Q1199309"", ""genre_ru"": ""симулятор жизни"", ""platform_qid"": ""Q64350339"", ""platform_ru"": ""iPadOS"", ""publisher_qid"": null, ""publisher_ru"": null, ""series_qid"": null, ""series_ru"": null, ""source_dataset"": ""wikidata"", ""template_id"": ""vg_genre_platform"", ""year_from"": null, ""year_to"": null}","{""genre_ru"": ""симулятор жизни"", ""kind"": ""video_game"", ""platform_ru"": ""iPadOS""}",,"Назови 5 видеоигр, жанра «симулятор жизни», на платформе: iPadOS."
videogames_l1_0186,videogames,L1,vg_genre_platform,"{""developer_qid"": null, ""developer_ru"": null, ""genre_qid"": ""Q868217"", ""genre_ru"": ""спортивная компьютерная игра"", ""platform_qid"": ""Q753657"", ""platform_ru"": ""Atari Lynx"", ""publisher_qid"": null, ""publisher_ru"": null, ""series_qid"": null, ""series_ru"": null, ""source_dataset"": ""wikidata"", ""template_id"": ""vg_genre_platform"", ""year_from"": null, ""year_to"": null}","{""genre_ru"": ""спортивная компьютерная игра"", ""kind"": ""video_game"", ""platform_ru"": ""Atari Lynx""}",,"Назови 5 видеоигр, жанра «спортивная компьютерная игра», на платформе: Atari Lynx."
videogames_l1_0188,videogames,L1,vg_genre_platform,"{""developer_qid"": null, ""developer_ru"": null, ""genre_qid"": ""Q858523"", ""genre_ru"": ""стелс"", ""platform_qid"": ""Q99775"", ""platform_ru"": ""Commodore 64"", ""publisher_qid"": null, ""publisher_ru"": null, ""series_qid"": null, ""series_ru"": null, ""source_dataset"": ""wikidata"", ""template_id"": ""vg_genre_platform"", ""year_from"": null, ""year_to"": null}","{""genre_ru"": ""стелс"", ""kind"": ""video_game"", ""platform_ru"": ""Commodore 64""}",,"Назови 5 видеоигр, жанра «стелс», на платформе: Commodore 64."
videogames_l1_0190,videogames,L1,vg_genre_platform,"{""developer_qid"": null, ""developer_ru"": null, ""genre_qid"": ""Q744038"", ""genre_ru"": ""ролевая игра"", ""platform_qid"": ""Q203597"", ""platform_ru"": ""Nintendo 3DS"", ""publisher_qid"": null, ""publisher_ru"": null, ""series_qid"": null, ""series_ru"": null, ""source_dataset"": ""wikidata"", ""template_id"": ""vg_genre_platform"", ""year_from"": null, ""year_to"": null}","{""genre_ru"": ""ролевая игра"", ""kind"": ""video_game"", ""platform_ru"": ""Nintendo 3DS""}",,"Назови 5 видеоигр, жанра «ролевая игра», на платформе: Nintendo 3DS."
videogames_l1_0192,videogames,L1,vg_genre_platform,"{""developer_qid"": null, ""developer_ru"": null, ""genre_qid"": ""Q19643088"", ""genre_ru"": ""метроидвания"", ""platform_qid"": ""Q14116"", ""platform_ru"": ""macOS"", ""publisher_qid"": null, ""publisher_ru"": null, ""series_qid"": null, ""series_ru"": null, ""source_dataset"": ""wikidata"", ""template_id"": ""vg_genre_platform"", ""year_from"": null, ""year_to"": null}","{""genre_ru"": ""метроидвания"", ""kind"": ""video_game"", ""platform_ru"": ""macOS""}",,"Назови 5 видеоигр, жанра «метроидвания», на платформе: macOS."
videogames_l1_0194,videogames,L1,vg_genre_platform,"{""developer_qid"": null, ""developer_ru"": null, ""genre_qid"": ""Q63915027"", ""genre_ru"": ""симулятор баскетбола"", ""platform_qid"": ""Q98973368"", ""platform_ru"": ""Xbox Series X and Series S"", ""publisher_qid"": null, ""publisher_ru"": null, ""series_qid"": null, ""series_ru"": null, ""source_dataset"": ""wikidata"", ""template_id"": ""vg_genre_platform"", ""year_from"": null, ""year_to"": null}","{""genre_ru"": ""симулятор баскетбола"", ""kind"": ""video_game"", ""platform_ru"": ""Xbox Series X and Series S""}",,"Назови 5 видеоигр, жанра «симулятор баскетбола», на платформе: Xbox Series X and Series S."
videogames_l1_0196,videogames,L1,vg_genre_platform,"{""developer_qid"": null, ""developer_ru"": null, ""genre_qid"": ""Q71474750"", ""genre_ru"": ""симулятор хоккея на льду"", ""platform_qid"": ""Q183259"", ""platform_ru"": ""Super Nintendo Entertainment System"", ""publisher_qid"": null, ""publisher_ru"": null, ""series_qid"": null, ""series_ru"": null, ""source_dataset"": ""wikidata"", ""template_id"": ""vg_genre_platform"", ""year_from"": null, ""year_to"": null}","{""genre_ru"": ""симулятор хоккея на льду"", ""kind"": ""video_game"", ""platform_ru"": ""Super Nintendo Entertainment System""}",,"Назови 5 видеоигр, жанра «симулятор хоккея на льду», на платформе: Super Nintendo Entertainment System."
videogames_l1_0198,videogames,L1,vg_genre_platform,"{""developer_qid"": null, ""developer_ru"": null, ""genre_qid"": ""Q828322"", ""genre_ru"": ""платформер"", ""platform_qid"": ""Q1057377"", ""platform_ru"": ""PC Engine"", ""publisher_qid"": null, ""publisher_ru"": null, ""series_qid"": null, ""series_ru"": null, ""source_dataset"": ""wikidata"", ""template_id"": ""vg_genre_platform"", ""year_from"": null, ""year_to"": null}","{""genre_ru"": ""платформер"", ""kind"": ""video_game"", ""platform_ru"": ""PC Engine""}",,"Назови 5 видеоигр, жанра «платформер», на платформе: PC Engine."
videogames_l1_0200,videogames,L1,vg_genre_platform,"{""developer_qid"": null, ""developer_ru"": null, ""genre_qid"": ""Q2176159"", ""genre_ru"": ""пошаговая стратегия"", ""platform_qid"": ""Q63184502"", ""platform_ru"": ""PlayStation 5"", ""publisher_qid"": null, ""publisher_ru"": null, ""series_qid"": null, ""series_ru"": null, ""source_dataset"": ""wikidata"", ""template_id"": ""vg_genre_platform"", ""year_from"": null, ""year_to"": null}","{""genre_ru"": ""пошаговая стратегия"", ""kind"": ""video_game"", ""platform_ru"": ""PlayStation 5""}",,"Назови 5 видеоигр, жанра «пошаговая стратегия», на платформе: PlayStation 5."
videogames_l1_0202,videogames,L1,vg_genre_platform,"{""developer_qid"": null, ""developer_ru"": null, ""genre_qid"": ""Q2127647"", ""genre_ru"": ""рельсовый шутер"", ""platform_qid"": ""Q192851"", ""platform_ru"": ""аркадный автомат"", ""publisher_qid"": null, ""publisher_ru"": null, ""series_qid"": null, ""series_ru"": null, ""source_dataset"": ""wikidata"", ""template_id"": ""vg_genre_platform"", ""year_from"": null, ""year_to"": null}","{""genre_ru"": ""рельсовый шутер"", ""kind"": ""video_game"", ""platform_ru"": ""аркадный автомат""}",,"Назови 5 видеоигр, жанра «рельсовый шутер», на платформе: аркадный автомат."
videogames_l1_0204,videogames,L1,vg_genre_platform,"{""developer_qid"": null, ""developer_ru"": null, ""genre_qid"": ""Q61507686"", ""genre_ru"": ""симулятор космической торговли и сражений"", ""platform_qid"": ""Q170434"", ""platform_ru"": ""DOS"", ""publisher_qid"": null, ""publisher_ru"": null, ""series_qid"": null, ""series_ru"": null, ""source_dataset"": ""wikidata"", ""template_id"": ""vg_genre_platform"", ""year_from"": null, ""year_to"": null}","{""genre_ru"": ""симулятор космической торговли и сражений"", ""kind"": ""video_game"", ""platform_ru"": ""DOS""}",,"Назови 5 видеоигр, жанра «симулятор космической торговли и сражений», на платформе: DOS."
videogames_l1_0206,videogames,L1,vg_genre_platform,"{""developer_qid"": null, ""developer_ru"": null, ""genre_qid"": ""Q124365545"", ""genre_ru"": ""high fantasy video game"", ""platform_qid"": ""Q1406"", ""platform_ru"": ""Windows"", ""publisher_qid"": null, ""publisher_ru"": null, ""series_qid"": null, ""series_ru"": null, ""source_dataset"": ""wikidata"", ""template_id"": ""vg_genre_platform"", ""year_from"": null, ""year_to"": null}","{""genre_ru"": ""high fantasy video game"", ""kind"": ""video_game"", ""platform_ru"": ""Windows""}",,"Назови 5 видеоигр, жанра «high fantasy video game», на платформе: Windows."
videogames_l1_0210,videogames,L1,vg_genre_platform,"{""developer_qid"": null, ""developer_ru"": null, ""genre_qid"": ""Q2176159"", ""genre_ru"": ""пошаговая стратегия"", ""platform_qid"": ""Q48493"", ""platform_ru"": ""iOS"", ""publisher_qid"": null, ""publisher_ru"": null, ""series_qid"": null, ""series_ru"": null, ""source_dataset"": ""wikidata"", ""template_id"": ""vg_genre_platform"", ""year_from"": null, ""year_to"": null}","{""genre_ru"": ""пошаговая стратегия"", ""kind"": ""video_game"", ""platform_ru"": ""iOS""}",,"Назови 5 видеоигр, жанра «пошаговая стратегия», на платформе: iOS."
videogames_l2_0197,videogames,L2,vg_genre_platform_year,"{""developer_qid"": null, ""developer_ru"": null, ""genre_qid"": ""Q846224"", ""genre_ru"": ""файтинг"", ""platform_qid"": ""Q98973368"", ""platform_ru"": ""Xbox Series X/S"", ""publisher_qid"": null, ""publisher_ru"": null, ""series_qid"": null, ""series_ru"": null, ""source_dataset"": ""wikidata"", ""template_id"": ""vg_genre_platform_year"", ""year_from"": 2016, ""year_to"": 2020}","{""genre_ru"": ""файтинг"", ""kind"": ""video_game"", ""platform_ru"": ""Xbox Series X/S"", ""year_from"": 2016, ""year_to"": 2020}",,"Назови 5 видеоигр, жанра «файтинг», на платформе: Xbox Series X/S, в период 2016–2020 годов."
videogames_l2_0199,videogames,L2,vg_genre_platform_year,"{""developer_qid"": null, ""developer_ru"": null, ""genre_qid"": ""Q54767"", ""genre_ru"": ""головоломка"", ""platform_qid"": ""Q64350339"", ""platform_ru"": ""iPadOS"", ""publisher_qid"": null, ""publisher_ru"": null, ""series_qid"": null, ""series_ru"": null, ""source_dataset"": ""wikidata"", ""template_id"": ""vg_genre_platform_year"", ""year_from"": 2010, ""year_to"": 2015}","{""genre_ru"": ""головоломка"", ""kind"": ""video_game"", ""platform_ru"": ""iPadOS"", ""year_from"": 2010, ""year_to"": 2015}",,"Назови 5 видеоигр, жанра «головоломка», на платформе: iPadOS, в период 2010–2015 годов."
videogames_l2_0201,videogames,L2,vg_genre_platform_year,"{""developer_qid"": null, ""developer_ru"": null, ""genre_qid"": ""Q1044478"", ""genre_ru"": ""shoot ’em up"", ""platform_qid"": ""Q1406"", ""platform_ru"": ""Windows"", ""publisher_qid"": null, ""publisher_ru"": null, ""series_qid"": null, ""series_ru"": null, ""source_dataset"": ""wikidata"", ""template_id"": ""vg_genre_platform_year"", ""year_from"": 2000, ""year_to"": 2009}","{""genre_ru"": ""shoot ’em up"", ""kind"": ""video_game"", ""platform_ru"": ""Windows"", ""year_from"": 2000, ""year_to"": 2009}",,"Назови 5 видеоигр, жанра «shoot ’em up», на платформе: Windows, в период 2000–2009 годов."
videogames_l2_0203,videogames,L2,vg_genre_platform_year,"{""developer_qid"": null, ""developer_ru"": null, ""genre_qid"": ""Q134029474"", ""genre_ru"": ""biological simulation video game"", ""platform_qid"": ""Q1406"", ""platform_ru"": ""Windows"", ""publisher_qid"": null, ""publisher_ru"": null, ""series_qid"": null, ""series_ru"": null, ""source_dataset"": ""wikidata"", ""template_id"": ""vg_genre_platform_year"", ""year_from"": 2000, ""year_to"": 2009}","{""genre_ru"": ""biological simulation video game"", ""kind"": ""video_game"", ""platform_ru"": ""Windows"", ""year_from"": 2000, ""year_to"": 2009}",,"Назови 5 видеоигр, жанра «biological simulation video game», на платформе: Windows, в период 2000–2009 годов."
videogames_l2_0205,videogames,L2,vg_genre_platform_year,"{""developer_qid"": null, ""developer_ru"": null, ""genre_qid"": ""Q1046788"", ""genre_ru"": ""эроге"", ""platform_qid"": ""Q94"", ""platform_ru"": ""Android"", ""publisher_qid"": null, ""publisher_ru"": null, ""series_qid"": null, ""series_ru"": null, ""source_dataset"": ""wikidata"", ""template_id"": ""vg_genre_platform_year"", ""year_from"": 2010, ""year_to"": 2015}","{""genre_ru"": ""эроге"", ""kind"": ""video_game"", ""platform_ru"": ""Android"", ""year_from"": 2010, ""year_to"": 2015}",,"Назови 5 видеоигр, жанра «эроге», на платформе: Android, в период 2010–2015 годов."
videogames_l2_0207,videogames,L2,vg_genre_platform_year,"{""developer_qid"": null, ""developer_ru"": null, ""genre_qid"": ""Q1223895"", ""genre_ru"": ""сайд-скроллер"", ""platform_qid"": ""Q14116"", ""platform_ru"": ""macOS"", ""publisher_qid"": null, ""publisher_ru"": null, ""series_qid"": null, ""series_ru"": null, ""source_dataset"": ""wikidata"", ""template_id"": ""vg_genre_platform_year"", ""year_from"": 2021, ""year_to"": 2025}","{""genre_ru"": ""сайд-скроллер"", ""kind"": ""video_game"", ""platform_ru"": ""macOS"", ""year_from"": 2021, ""year_to"": 2025}",,"Назови 5 видеоигр, жанра «сайд-скроллер», на платформе: macOS, в период 2021–2025 годов."
videogames_l2_0209,videogames,L2,vg_genre_platform_year,"{""developer_qid"": null, ""developer_ru"": null, ""genre_qid"": ""Q54767"", ""genre_ru"": ""головоломка"", ""platform_qid"": ""Q193321"", ""platform_ru"": ""Java Virtual Machine"", ""publisher_qid"": null, ""publisher_ru"": null, ""series_qid"": null, ""series_ru"": null, ""source_dataset"": ""wikidata"", ""template_id"": ""vg_genre_platform_year"", ""year_from"": 2000, ""year_to"": 2009}","{""genre_ru"": ""головоломка"", ""kind"": ""video_game"", ""platform_ru"": ""Java Virtual Machine"", ""year_from"": 2000, ""year_to"": 2009}",,"Назови 5 видеоигр, жанра «головоломка», на платформе: Java Virtual Machine, в период 2000–2009 годов."
videogames_l2_0211,videogames,L2,vg_genre_platform_year,"{""developer_qid"": null, ""developer_ru"": null, ""genre_qid"": ""Q343568"", ""genre_ru"": ""приключенческий экшен"", ""platform_qid"": ""Q48493"", ""platform_ru"": ""iOS"", ""publisher_qid"": null, ""publisher_ru"": null, ""series_qid"": null, ""series_ru"": null, ""source_dataset"": ""wikidata"", ""template_id"": ""vg_genre_platform_year"", ""year_from"": 2021, ""year_to"": 2025}","{""genre_ru"": ""приключенческий экшен"", ""kind"": ""video_game"", ""platform_ru"": ""iOS"", ""year_from"": 2021, ""year_to"": 2025}",,"Назови 5 видеоигр, жанра «приключенческий экшен», на платформе: iOS, в период 2021–2025 годов."
videogames_l2_0213,videogames,L2,vg_genre_platform_year,"{""developer_qid"": null, ""developer_ru"": null, ""genre_qid"": ""Q7888616"", ""genre_ru"": ""компьютерная игра для компаний"", ""platform_qid"": ""Q63184502"", ""platform_ru"": ""PlayStation 5"", ""publisher_qid"": null, ""publisher_ru"": null, ""series_qid"": null, ""series_ru"": null, ""source_dataset"": ""wikidata"", ""template_id"": ""vg_genre_platform_year"", ""year_from"": 2016, ""year_to"": 2020}","{""genre_ru"": ""игра для компаний"", ""kind"": ""video_game"", ""platform_ru"": ""PlayStation 5"", ""year_from"": 2016, ""year_to"": 2020}",,"Назови 5 видеоигр, жанра «игра для компаний», на платформе: PlayStation 5, в период 2016–2020 годов."
videogames_l2_0215,videogames,L2,vg_genre_platform_year,"{""developer_qid"": null, ""developer_ru"": null, ""genre_qid"": ""Q125693245"", ""genre_ru"": ""action roguelike"", ""platform_qid"": ""Q19610114"", ""platform_ru"": ""Nintendo Switch"", ""publisher_qid"": null, ""publisher_ru"": null, ""series_qid"": null, ""series_ru"": null, ""source_dataset"": ""wikidata"", ""template_id"": ""vg_genre_platform_year"", ""year_from"": 2021, ""year_to"": 2025}","{""genre_ru"": ""action roguelike"", ""kind"": ""video_game"", ""platform_ru"": ""Nintendo Switch"", ""year_from"": 2021, ""year_to"": 2025}",,"Назови 5 видеоигр, жанра «action roguelike», на платформе: Nintendo Switch, в период 2021–2025 годов."
videogames_l2_0217,videogames,L2,vg_genre_platform_year,"{""developer_qid"": null, ""developer_ru"": null, ""genre_qid"": ""Q1199309"", ""genre_ru"": ""симулятор жизни"", ""platform_qid"": ""Q48493"", ""platform_ru"": ""iOS"", ""publisher_qid"": null, ""publisher_ru"": null, ""series_qid"": null, ""series_ru"": null, ""source_dataset"": ""wikidata"", ""template_id"": ""vg_genre_platform_year"", ""year_from"": 2021, ""year_to"": 2025}","{""genre_ru"": ""симулятор жизни"", ""kind"": ""video_game"", ""platform_ru"": ""iOS"", ""year_from"": 2021, ""year_to"": 2025}",,"Назови 5 видеоигр, жанра «симулятор жизни», на платформе: iOS, в период 2021–2025 годов."
videogames_l2_0219,videogames,L2,vg_genre_platform_year,"{""developer_qid"": null, ""developer_ru"": null, ""genre_qid"": ""Q1635956"", ""genre_ru"": ""интерактивный фильм"", ""platform_qid"": ""Q10676"", ""platform_ru"": ""Sega Genesis"", ""publisher_qid"": null, ""publisher_ru"": null, ""series_qid"": null, ""series_ru"": null, ""source_dataset"": ""wikidata"", ""template_id"": ""vg_genre_platform_year"", ""year_from"": 1990, ""year_to"": 1999}","{""genre_ru"": ""интерактивный фильм"", ""kind"": ""video_game"", ""platform_ru"": ""Sega Genesis"", ""year_from"": 1990, ""year_to"": 1999}",,"Назови 5 видеоигр, жанра «интерактивный фильм», на платформе: Sega Genesis, в период 1990–1999 годов."
videogames_l2_0182,videogames,L2,vg_genre_platform_year,"{""developer_qid"": null, ""developer_ru"": null, ""genre_qid"": ""Q846224"", ""genre_ru"": ""файтинг"", ""platform_qid"": ""Q13361286"", ""platform_ru"": ""Xbox One"", ""publisher_qid"": null, ""publisher_ru"": null, ""series_qid"": null, ""series_ru"": null, ""source_dataset"": ""wikidata"", ""template_id"": ""vg_genre_platform_year"", ""year_from"": 2010, ""year_to"": 2018}","{""genre_ru"": ""файтинг"", ""kind"": ""video_game"", ""platform_ru"": ""Xbox One"", ""year_from"": 2010, ""year_to"": 2018}",,"Назови 5 видеоигр, жанра «файтинг», на платформе: Xbox One, в период 2010–2018 годов."
videogames_l2_0184,videogames,L2,vg_genre_platform_year,"{""developer_qid"": null, ""developer_ru"": null, ""genre_qid"": ""Q828322"", ""genre_ru"": ""платформер"", ""platform_qid"": ""Q13361286"", ""platform_ru"": ""Xbox One"", ""publisher_qid"": null, ""publisher_ru"": null, ""series_qid"": null, ""series_ru"": null, ""source_dataset"": ""wikidata"", ""template_id"": ""vg_genre_platform_year"", ""year_from"": 2010, ""year_to"": 2018}","{""genre_ru"": ""платформер"", ""kind"": ""video_game"", ""platform_ru"": ""Xbox One"", ""year_from"": 2010, ""year_to"": 2018}",,"Назови 5 видеоигр, жанра «платформер», на платформе: Xbox One, в период 2010–2018 годов."
videogames_l2_0188,videogames,L2,vg_genre_platform_year,"{""developer_qid"": null, ""developer_ru"": null, ""genre_qid"": ""Q1610017"", ""genre_ru"": ""симулятор"", ""platform_qid"": ""Q98973368"", ""platform_ru"": ""Xbox Series X and Series S"", ""publisher_qid"": null, ""publisher_ru"": null, ""series_qid"": null, ""series_ru"": null, ""source_dataset"": ""wikidata"", ""template_id"": ""vg_genre_platform_year"", ""year_from"": 2010, ""year_to"": 2018}","{""genre_ru"": ""симулятор"", ""kind"": ""video_game"", ""platform_ru"": ""Xbox Series X and Series S"", ""year_from"": 2010, ""year_to"": 2018}",,"Назови 5 видеоигр, жанра «симулятор», на платформе: Xbox Series X and Series S, в период 2010–2018 годов."
videogames_l2_0190,videogames,L2,vg_genre_platform_year,"{""developer_qid"": null, ""developer_ru"": null, ""genre_qid"": ""Q472055"", ""genre_ru"": ""стратегия"", ""platform_qid"": ""Q48493"", ""platform_ru"": ""iOS"", ""publisher_qid"": null, ""publisher_ru"": null, ""series_qid"": null, ""series_ru"": null, ""source_dataset"": ""wikidata"", ""template_id"": ""vg_genre_platform_year"", ""year_from"": 1990, ""year_to"": 2005}","{""genre_ru"": ""стратегия"", ""kind"": ""video_game"", ""platform_ru"": ""iOS"", ""year_from"": 1990, ""year_to"": 2005}",,"Назови 5 видеоигр, жанра «стратегия», на платформе: iOS, в период 1990–2005 годов."
videogames_l2_0192,videogames,L2,vg_genre_platform_year,"{""developer_qid"": null, ""developer_ru"": null, ""genre_qid"": ""Q1610017"", ""genre_ru"": ""симулятор"", ""platform_qid"": ""Q48493"", ""platform_ru"": ""iOS"", ""publisher_qid"": null, ""publisher_ru"": null, ""series_qid"": null, ""series_ru"": null, ""source_dataset"": ""wikidata"", ""template_id"": ""vg_genre_platform_year"", ""year_from"": 2000, ""year_to"": 2010}","{""genre_ru"": ""симулятор"", ""kind"": ""video_game"", ""platform_ru"": ""iOS"", ""year_from"": 2000, ""year_to"": 2010}",,"Назови 5 видеоигр, жанра «симулятор», на платформе: iOS, в период 2000–2010 годов."
videogames_l2_0194,videogames,L2,vg_genre_platform_year,"{""developer_qid"": null, ""developer_ru"": null, ""genre_qid"": ""Q1143132"", ""genre_ru"": ""roguelike"", ""platform_qid"": ""Q13361286"", ""platform_ru"": ""Xbox One"", ""publisher_qid"": null, ""publisher_ru"": null, ""series_qid"": null, ""series_ru"": null, ""source_dataset"": ""wikidata"", ""template_id"": ""vg_genre_platform_year"", ""year_from"": 2010, ""year_to"": 2018}","{""genre_ru"": ""roguelike"", ""kind"": ""video_game"", ""platform_ru"": ""Xbox One"", ""year_from"": 2010, ""year_to"": 2018}",,"Назови 5 видеоигр, жанра «roguelike», на платформе: Xbox One, в период 2010–2018 годов."
videogames_l3_0189,videogames,L3,vg_developer_platform_year,"{""developer_qid"": ""Q3300783"", ""developer_ru"": ""Bethesda Game Studios"", ""genre_qid"": null, ""genre_ru"": null, ""platform_qid"": ""Q13361286"", ""platform_ru"": ""Xbox One"", ""publisher_qid"": null, ""publisher_ru"": null, ""series_qid"": null, ""series_ru"": null, ""source_dataset"": ""wikidata"", ""template_id"": ""vg_developer_platform_year"", ""year_from"": 2012, ""year_to"": 2020}","{""developer_ru"": ""Bethesda Game Studios"", ""kind"": ""video_game"", ""platform_ru"": ""Xbox One"", ""year_from"": 2012, ""year_to"": 2020}",,"Назови 4 игр, где разработчик: Bethesda Game Studios, на платформе: Xbox One, в период 2012–2020 годов."
videogames_l3_0191,videogames,L3,vg_genre_publisher_platform_year,"{""developer_qid"": null, ""developer_ru"": null, ""genre_qid"": ""Q744038"", ""genre_ru"": ""ролевая игра"", ""platform_qid"": ""Q19610114"", ""platform_ru"": ""Nintendo Switch"", ""publisher_qid"": ""Q8093"", ""publisher_ru"": ""Nintendo"", ""series_qid"": null, ""series_ru"": null, ""source_dataset"": ""wikidata"", ""template_id"": ""vg_genre_publisher_platform_year"", ""year_from"": 1995, ""year_to"": 2008}","{""genre_ru"": ""ролевая игра"", ""kind"": ""video_game"", ""platform_ru"": ""Nintendo Switch"", ""publisher_ru"": ""Nintendo"", ""year_from"": 1995, ""year_to"": 2008}",,"Назови 4 видеоигр, жанра «ролевая игра», издатель: Nintendo, на платформе: Nintendo Switch, в период 1995–2008 годов."
videogames_l3_0193,videogames,L3,vg_developer_platform_year,"{""developer_qid"": ""Q94912"", ""developer_ru"": ""Rockstar Games"", ""genre_qid"": null, ""genre_ru"": null, ""platform_qid"": ""Q13361286"", ""platform_ru"": ""Xbox One"", ""publisher_qid"": null, ""publisher_ru"": null, ""series_qid"": null, ""series_ru"": null, ""source_dataset"": ""wikidata"", ""template_id"": ""vg_developer_platform_year"", ""year_from"": 2018, ""year_to"": 2025}","{""developer_ru"": ""Rockstar Games"", ""kind"": ""video_game"", ""platform_ru"": ""Xbox One"", ""year_from"": 2018, ""year_to"": 2025}",,"Назови 4 игр, где разработчик: Rockstar Games, на платформе: Xbox One, в период 2018–2025 годов."
videogames_l3_0195,videogames,L3,vg_developer_platform_year,"{""developer_qid"": ""Q45700"", ""developer_ru"": ""Konami"", ""genre_qid"": null, ""genre_ru"": null, ""platform_qid"": ""Q5014725"", ""platform_ru"": ""PlayStation 4"", ""publisher_qid"": null, ""publisher_ru"": null, ""series_qid"": null, ""series_ru"": null, ""source_dataset"": ""wikidata"", ""template_id"": ""vg_developer_platform_year"", ""year_from"": 2006, ""year_to"": 2014}","{""developer_ru"": ""Konami"", ""kind"": ""video_game"", ""platform_ru"": ""PlayStation 4"", ""year_from"": 2006, ""year_to"": 2014}",,"Назови 4 игр, где разработчик: Konami, на платформе: PlayStation 4, в период 2006–2014 годов."
videogames_l3_0197,videogames,L3,vg_developer_platform_year,"{""developer_qid"": ""Q14428"", ""developer_ru"": ""Capcom"", ""genre_qid"": null, ""genre_ru"": null, ""platform_qid"": ""Q63184502"", ""platform_ru"": ""PlayStation 5"", ""publisher_qid"": null, ""publisher_ru"": null, ""series_qid"": null, ""series_ru"": null, ""source_dataset"": ""wikidata"", ""template_id"": ""vg_developer_platform_year"", ""year_from"": 2018, ""year_to"": 2025}","{""developer_ru"": ""Capcom"", ""kind"": ""video_game"", ""platform_ru"": ""PlayStation 5"", ""year_from"": 2018, ""year_to"": 2025}",,"Назови 4 игр, где разработчик: Capcom, на платформе: PlayStation 5, в период 2018–2025 годов."
videogames_l3_0199,videogames,L3,vg_series_platform_year,"{""developer_qid"": null, ""developer_ru"": null, ""genre_qid"": null, ""genre_ru"": null, ""platform_qid"": ""Q19610114"", ""platform_ru"": ""Nintendo Switch"", ""publisher_qid"": null, ""publisher_ru"": null, ""series_qid"": ""Q4803535"", ""series_ru"": ""Mario"", ""source_dataset"": ""wikidata"", ""template_id"": ""vg_series_platform_year"", ""year_from"": 2012, ""year_to"": 2020}","{""kind"": ""video_game"", ""platform_ru"": ""Nintendo Switch"", ""series_ru"": ""Mario"", ""year_from"": 2012, ""year_to"": 2020}",,"Назови 4 игр, из серии «Mario», на платформе: Nintendo Switch, в период 2012–2020 годов."
videogames_l3_0201,videogames,L3,vg_developer_platform_year,"{""developer_qid"": ""Q14428"", ""developer_ru"": ""Capcom"", ""genre_qid"": null, ""genre_ru"": null, ""platform_qid"": ""Q1406"", ""platform_ru"": ""Windows"", ""publisher_qid"": null, ""publisher_ru"": null, ""series_qid"": null, ""series_ru"": null, ""source_dataset"": ""wikidata"", ""template_id"": ""vg_developer_platform_year"", ""year_from"": 2018, ""year_to"": 2025}","{""developer_ru"": ""Capcom"", ""kind"": ""video_game"", ""platform_ru"": ""Windows"", ""year_from"": 2018, ""year_to"": 2025}",,"Назови 4 игр, где разработчик: Capcom, на платформе: Windows, в период 2018–2025 годов."
videogames_l3_0203,videogames,L3,vg_series_platform_year,"{""developer_qid"": null, ""developer_ru"": null, ""genre_qid"": null, ""genre_ru"": null, ""platform_qid"": ""Q1406"", ""platform_ru"": ""Windows"", ""publisher_qid"": null, ""publisher_ru"": null, ""series_qid"": ""Q420292"", ""series_ru"": ""Assassin's Creed"", ""source_dataset"": ""wikidata"", ""template_id"": ""vg_series_platform_year"", ""year_from"": 2006, ""year_to"": 2014}","{""kind"": ""video_game"", ""platform_ru"": ""Windows"", ""series_ru"": ""Assassin's Creed"", ""year_from"": 2006, ""year_to"": 2014}",,"Назови 4 игр, из серии «Assassin's Creed», на платформе: Windows, в период 2006–2014 годов."
videogames_l3_0205,videogames,L3,vg_genre_publisher_platform_year,"{""developer_qid"": null, ""developer_ru"": null, ""genre_qid"": ""Q472055"", ""genre_ru"": ""стратегия"", ""platform_qid"": ""Q1406"", ""platform_ru"": ""Windows"", ""publisher_qid"": ""Q73801"", ""publisher_ru"": ""Xbox Game Studios"", ""series_qid"": null, ""series_ru"": null, ""source_dataset"": ""wikidata"", ""template_id"": ""vg_genre_publisher_platform_year"", ""year_from"": 2012, ""year_to"": 2020}","{""genre_ru"": ""стратегия"", ""kind"": ""video_game"", ""platform_ru"": ""Windows"", ""publisher_ru"": ""Xbox Game Studios"", ""year_from"": 2012, ""year_to"": 2020}",,"Назови 4 видеоигр, жанра «стратегия», издатель: Xbox Game Studios, на платформе: Windows, в период 2012–2020 годов."
videogames_l3_0207,videogames,L3,vg_developer_platform_year,"{""developer_qid"": ""Q14428"", ""developer_ru"": ""Capcom"", ""genre_qid"": null, ""genre_ru"": null, ""platform_qid"": ""Q13361286"", ""platform_ru"": ""Xbox One"", ""publisher_qid"": null, ""publisher_ru"": null, ""series_qid"": null, ""series_ru"": null, ""source_dataset"": ""wikidata"", ""template_id"": ""vg_developer_platform_year"", ""year_from"": 1995, ""year_to"": 2008}","{""developer_ru"": ""Capcom"", ""kind"": ""video_game"", ""platform_ru"": ""Xbox One"", ""year_from"": 1995, ""year_to"": 2008}",,"Назови 4 игр, где разработчик: Capcom, на платформе: Xbox One, в период 1995–2008 годов."
videogames_l3_0209,videogames,L3,vg_developer_platform_year,"{""developer_qid"": ""Q204474"", ""developer_ru"": ""id Software"", ""genre_qid"": null, ""genre_ru"": null, ""platform_qid"": ""Q1406"", ""platform_ru"": ""Windows"", ""publisher_qid"": null, ""publisher_ru"": null, ""series_qid"": null, ""series_ru"": null, ""source_dataset"": ""wikidata"", ""template_id"": ""vg_developer_platform_year"", ""year_from"": 2018, ""year_to"": 2025}","{""developer_ru"": ""id Software"", ""kind"": ""video_game"", ""platform_ru"": ""Windows"", ""year_from"": 2018, ""year_to"": 2025}",,"Назови 4 игр, где разработчик: id Software, на платформе: Windows, в период 2018–2025 годов."
videogames_l3_0213,videogames,L3,vg_developer_platform_year,"{""developer_qid"": ""Q45700"", ""developer_ru"": ""Konami"", ""genre_qid"": null, ""genre_ru"": null, ""platform_qid"": ""Q1406"", ""platform_ru"": ""Windows"", ""publisher_qid"": null, ""publisher_ru"": null, ""series_qid"": null, ""series_ru"": null, ""source_dataset"": ""wikidata"", ""template_id"": ""vg_developer_platform_year"", ""year_from"": 1995, ""year_to"": 2008}","{""developer_ru"": ""Konami"", ""kind"": ""video_game"", ""platform_ru"": ""Windows"", ""year_from"": 1995, ""year_to"": 2008}",,"Назови 4 игр, где разработчик: Konami, на платформе: Windows, в период 1995–2008 годов."
videogames_l3_0215,videogames,L3,vg_developer_platform_year,"{""developer_qid"": ""Q94912"", ""developer_ru"": ""Rockstar Games"", ""genre_qid"": null, ""genre_ru"": null, ""platform_qid"": ""Q94"", ""platform_ru"": ""Android"", ""publisher_qid"": null, ""publisher_ru"": null, ""series_qid"": null, ""series_ru"": null, ""source_dataset"": ""wikidata"", ""template_id"": ""vg_developer_platform_year"", ""year_from"": 2018, ""year_to"": 2025}","{""developer_ru"": ""Rockstar Games"", ""kind"": ""video_game"", ""platform_ru"": ""Android"", ""year_from"": 2018, ""year_to"": 2025}",,"Назови 4 игр, где разработчик: Rockstar Games, на платформе: Android, в период 2018–2025 годов."
videogames_l3_0217,videogames,L3,vg_developer_platform_year,"{""developer_qid"": ""Q45700"", ""developer_ru"": ""Konami"", ""genre_qid"": null, ""genre_ru"": null, ""platform_qid"": ""Q48493"", ""platform_ru"": ""iOS"", ""publisher_qid"": null, ""publisher_ru"": null, ""series_qid"": null, ""series_ru"": null, ""source_dataset"": ""wikidata"", ""template_id"": ""vg_developer_platform_year"", ""year_from"": 2012, ""year_to"": 2020}","{""developer_ru"": ""Konami"", ""kind"": ""video_game"", ""platform_ru"": ""iOS"", ""year_from"": 2012, ""year_to"": 2020}",,"Назови 4 игр, где разработчик: Konami, на платформе: iOS, в период 2012–2020 годов."
videogames_l3_0219,videogames,L3,vg_developer_platform_year,"{""developer_qid"": ""Q94912"", ""developer_ru"": ""Rockstar Games"", ""genre_qid"": null, ""genre_ru"": null, ""platform_qid"": ""Q48493"", ""platform_ru"": ""iOS"", ""publisher_qid"": null, ""publisher_ru"": null, ""series_qid"": null, ""series_ru"": null, ""source_dataset"": ""wikidata"", ""template_id"": ""vg_developer_platform_year"", ""year_from"": 2018, ""year_to"": 2025}","{""developer_ru"": ""Rockstar Games"", ""kind"": ""video_game"", ""platform_ru"": ""iOS"", ""year_from"": 2018, ""year_to"": 2025}",,"Назови 4 игр, где разработчик: Rockstar Games, на платформе: iOS, в период 2018–2025 годов."
videogames_l3_0221,videogames,L3,vg_developer_platform_year,"{""developer_qid"": ""Q14428"", ""developer_ru"": ""Capcom"", ""genre_qid"": null, ""genre_ru"": null, ""platform_qid"": ""Q63184502"", ""platform_ru"": ""PlayStation 5"", ""publisher_qid"": null, ""publisher_ru"": null, ""series_qid"": null, ""series_ru"": null, ""source_dataset"": ""wikidata"", ""template_id"": ""vg_developer_platform_year"", ""year_from"": 2012, ""year_to"": 2020}","{""developer_ru"": ""Capcom"", ""kind"": ""video_game"", ""platform_ru"": ""PlayStation 5"", ""year_from"": 2012, ""year_to"": 2020}",,"Назови 4 игр, где разработчик: Capcom, на платформе: PlayStation 5, в период 2012–2020 годов."
videogames_l4_0208,videogames,L4,vg_genre_publisher_platform_year,"{""developer_qid"": null, ""developer_ru"": null, ""genre_qid"": ""Q333967"", ""genre_ru"": ""survival horror"", ""platform_qid"": ""Q1406"", ""platform_ru"": ""Windows"", ""publisher_qid"": ""Q73801"", ""publisher_ru"": ""Xbox Game Studios"", ""series_qid"": null, ""series_ru"": null, ""source_dataset"": ""wikidata"", ""template_id"": ""vg_genre_publisher_platform_year"", ""year_from"": 2014, ""year_to"": 2020}","{""genre_ru"": ""survival horror"", ""kind"": ""video_game"", ""platform_ru"": ""Windows"", ""publisher_ru"": ""Xbox Game Studios"", ""year_from"": 2014, ""year_to"": 2020}",,"Назови 3 видеоигр, жанра «survival horror», издатель: Xbox Game Studios, на платформе: Windows, в период 2014–2020 годов."
videogames_l4_0210,videogames,L4,vg_series_platform_year,"{""developer_qid"": null, ""developer_ru"": null, ""genre_qid"": null, ""genre_ru"": null, ""platform_qid"": ""Q1406"", ""platform_ru"": ""Windows"", ""publisher_qid"": null, ""publisher_ru"": null, ""series_qid"": ""Q420292"", ""series_ru"": ""Assassin's Creed"", ""source_dataset"": ""wikidata"", ""template_id"": ""vg_series_platform_year"", ""year_from"": 2014, ""year_to"": 2020}","{""kind"": ""video_game"", ""platform_ru"": ""Windows"", ""series_ru"": ""Assassin's Creed"", ""year_from"": 2014, ""year_to"": 2020}",,"Назови 3 игр, из серии «Assassin's Creed», на платформе: Windows, в период 2014–2020 годов."
videogames_l4_0212,videogames,L4,vg_genre_publisher_platform_year,"{""developer_qid"": null, ""developer_ru"": null, ""genre_qid"": ""Q846224"", ""genre_ru"": ""файтинг"", ""platform_qid"": ""Q5014725"", ""platform_ru"": ""PlayStation 4"", ""publisher_qid"": ""Q173941"", ""publisher_ru"": ""Electronic Arts"", ""series_qid"": null, ""series_ru"": null, ""source_dataset"": ""wikidata"", ""template_id"": ""vg_genre_publisher_platform_year"", ""year_from"": 2014, ""year_to"": 2020}","{""genre_ru"": ""файтинг"", ""kind"": ""video_game"", ""platform_ru"": ""PlayStation 4"", ""publisher_ru"": ""Electronic Arts"", ""year_from"": 2014, ""year_to"": 2020}",,"Назови 3 видеоигр, жанра «файтинг», издатель: Electronic Arts, на платформе: PlayStation 4, в период 2014–2020 годов."
videogames_l4_0214,videogames,L4,vg_genre_publisher_platform_year,"{""developer_qid"": null, ""developer_ru"": null, ""genre_qid"": ""Q828322"", ""genre_ru"": ""платформер"", ""platform_qid"": ""Q5014725"", ""platform_ru"": ""PlayStation 4"", ""publisher_qid"": ""Q122741"", ""publisher_ru"": ""Sega"", ""series_qid"": null, ""series_ru"": null, ""source_dataset"": ""wikidata"", ""template_id"": ""vg_genre_publisher_platform_year"", ""year_from"": 2020, ""year_to"": 2025}","{""genre_ru"": ""платформер"", ""kind"": ""video_game"", ""platform_ru"": ""PlayStation 4"", ""publisher_ru"": ""Sega"", ""year_from"": 2020, ""year_to"": 2025}",,"Назови 3 видеоигр, жанра «платформер», издатель: Sega, на платформе: PlayStation 4, в период 2020–2025 годов."
videogames_l4_0218,videogames,L4,vg_series_platform_year,"{""developer_qid"": null, ""developer_ru"": null, ""genre_qid"": null, ""genre_ru"": null, ""platform_qid"": ""Q48493"", ""platform_ru"": ""iOS"", ""publisher_qid"": null, ""publisher_ru"": null, ""series_qid"": ""Q1079748"", ""series_ru"": ""Pokémon"", ""source_dataset"": ""wikidata"", ""template_id"": ""vg_series_platform_year"", ""year_from"": 2014, ""year_to"": 2020}","{""kind"": ""video_game"", ""platform_ru"": ""iOS"", ""series_ru"": ""Pokémon"", ""year_from"": 2014, ""year_to"": 2020}",,"Назови 3 игр, из серии «Pokémon», на платформе: iOS, в период 2014–2020 годов."
videogames_l4_0220,videogames,L4,vg_series_platform_year,"{""developer_qid"": null, ""developer_ru"": null, ""genre_qid"": null, ""genre_ru"": null, ""platform_qid"": ""Q5014725"", ""platform_ru"": ""PlayStation 4"", ""publisher_qid"": null, ""publisher_ru"": null, ""series_qid"": ""Q109303478"", ""series_ru"": ""Resident Evil"", ""source_dataset"": ""wikidata"", ""template_id"": ""vg_series_platform_year"", ""year_from"": 2000, ""year_to"": 2008}","{""kind"": ""video_game"", ""platform_ru"": ""PlayStation 4"", ""series_ru"": ""Resident Evil"", ""year_from"": 2000, ""year_to"": 2008}",,"Назови 3 игр, из серии «Resident Evil», на платформе: PlayStation 4, в период 2000–2008 годов."
videogames_l4_0224,videogames,L4,vg_series_platform_year,"{""developer_qid"": null, ""developer_ru"": null, ""genre_qid"": null, ""genre_ru"": null, ""platform_qid"": ""Q94"", ""platform_ru"": ""Android"", ""publisher_qid"": null, ""publisher_ru"": null, ""series_qid"": ""Q241163"", ""series_ru"": ""Mortal Kombat"", ""source_dataset"": ""wikidata"", ""template_id"": ""vg_series_platform_year"", ""year_from"": 2020, ""year_to"": 2025}","{""kind"": ""video_game"", ""platform_ru"": ""Android"", ""series_ru"": ""Mortal Kombat"", ""year_from"": 2020, ""year_to"": 2025}",,"Назови 3 игр, из серии «Mortal Kombat», на платформе: Android, в период 2020–2025 годов."
videogames_l4_0226,videogames,L4,vg_series_platform_year,"{""developer_qid"": null, ""developer_ru"": null, ""genre_qid"": null, ""genre_ru"": null, ""platform_qid"": ""Q19610114"", ""platform_ru"": ""Nintendo Switch"", ""publisher_qid"": null, ""publisher_ru"": null, ""series_qid"": ""Q420292"", ""series_ru"": ""Assassin's Creed"", ""source_dataset"": ""wikidata"", ""template_id"": ""vg_series_platform_year"", ""year_from"": 2008, ""year_to"": 2014}","{""kind"": ""video_game"", ""platform_ru"": ""Nintendo Switch"", ""series_ru"": ""Assassin's Creed"", ""year_from"": 2008, ""year_to"": 2014}",,"Назови 3 игр, из серии «Assassin's Creed», на платформе: Nintendo Switch, в период 2008–2014 годов."
videogames_l4_0228,videogames,L4,vg_series_platform_year,"{""developer_qid"": null, ""developer_ru"": null, ""genre_qid"": null, ""genre_ru"": null, ""platform_qid"": ""Q1406"", ""platform_ru"": ""Windows"", ""publisher_qid"": null, ""publisher_ru"": null, ""series_qid"": ""Q216655"", ""series_ru"": ""Metal Gear"", ""source_dataset"": ""wikidata"", ""template_id"": ""vg_series_platform_year"", ""year_from"": 2000, ""year_to"": 2008}","{""kind"": ""video_game"", ""platform_ru"": ""Windows"", ""series_ru"": ""Metal Gear"", ""year_from"": 2000, ""year_to"": 2008}",,"Назови 3 игр, из серии «Metal Gear», на платформе: Windows, в период 2000–2008 годов."
geo_l1_0182,geo,L1,geo_waterfall_region_values,"{""candidate_labels"": [""Анхель"", ""Игуасу"", ""Кайетур""], ""region_ru"": ""Южная Америка"", ""source_dataset"": ""wikidata"", ""template_family"": ""waterfalls"", ""template_id"": ""geo_waterfall_region_values""}","{""kind"": ""waterfall""}",,"Назови 3 известных водопада, расположенных в Южной Америке."
geo_l1_0186,geo,L1,geo_sea_region_values,"{""candidate_labels"": [""Японское море"", ""Охотское море"", ""Жёлтое море"", ""Восточно-Китайское море"", ""Южно-Китайское море"", ""Филиппинское море""], ""region_ru"": ""Восточная и Юго-Восточная Азия"", ""source_dataset"": ""wikidata"", ""template_family"": ""seas"", ""template_id"": ""geo_sea_region_values""}","{""kind"": ""geo_object""}",,"Назови 5 моря, расположенных у берегов Восточной и Юго-Восточной Азии."
geo_l1_0188,geo,L1,geo_lake_region_values,"{""candidate_labels"": [""Венерн"", ""Веттерн"", ""Сайма"", ""Меларен"", ""Инари""], ""group_name_ru"": ""крупные озёра Скандинавии"", ""region_ru"": ""Скандинавия"", ""source_dataset"": ""wikidata"", ""template_family"": ""lakes"", ""template_id"": ""geo_lake_region_values""}","{""kind"": ""geo_object""}",,"Назови 5 озёр, расположенных в Скандинавии."
geo_l1_0190,geo,L1,geo_sea_region_values,"{""candidate_labels"": [""Красное море"", ""Аравийское море"", ""Андаманское море"", ""Лаккадивское море""], ""region_ru"": ""северо-запад Индийского океана"", ""source_dataset"": ""wikidata"", ""template_family"": ""seas"", ""template_id"": ""geo_sea_region_values""}","{""kind"": ""geo_object""}",,"Назови 4 моря, расположенных в северо-западной части Индийского океана."
geo_l1_0194,geo,L1,geo_ocean_continent_values,"{""candidate_labels"": [""Атлантический океан"", ""Северный Ледовитый океан""], ""continent_ru"": ""Европа"", ""source_dataset"": ""wikidata"", ""template_family"": ""oceans"", ""template_id"": ""geo_ocean_continent_values""}","{""kind"": ""geo_object""}",,"Назови 2 океана, которые омывают Европу."
geo_l1_0196,geo,L1,geo_lake_region_values,"{""candidate_labels"": [""Верхнее"", ""Мичиган"", ""Гурон"", ""Эри"", ""Онтарио""], ""group_name_ru"": ""Великие озёра Северной Америки"", ""region_ru"": ""Северная Америка"", ""source_dataset"": ""wikidata"", ""template_family"": ""lakes"", ""template_id"": ""geo_lake_region_values""}","{""kind"": ""geo_object""}",,"Назови 5 озёр, расположенных в Северной Америке."
geo_l1_0206,geo,L1,geo_ocean_continent_values,"{""candidate_labels"": [""Тихий океан"", ""Индийский океан""], ""continent_ru"": ""Австралия"", ""source_dataset"": ""wikidata"", ""template_family"": ""oceans"", ""template_id"": ""geo_ocean_continent_values""}","{""kind"": ""geo_object""}",,"Назови 2 океана, которые омывают Австралию."
geo_l1_0210,geo,L1,geo_lake_region_values,"{""candidate_labels"": [""Виктория"", ""Танганьика"", ""Малави"", ""Киву"", ""Альберт"", ""Эдуард"", ""Туркана""], ""group_name_ru"": ""Великие Африканские озёра"", ""region_ru"": ""Восточная Африка"", ""source_dataset"": ""wikidata"", ""template_family"": ""lakes"", ""template_id"": ""geo_lake_region_values""}","{""kind"": ""geo_object""}",,"Назови 4 озёр, расположенных в Восточной Африке."
geo_l1_0214,geo,L1,geo_ocean_continent_values,"{""candidate_labels"": [""Тихий океан"", ""Атлантический океан""], ""continent_ru"": ""Южная Америка"", ""source_dataset"": ""wikidata"", ""template_family"": ""oceans"", ""template_id"": ""geo_ocean_continent_values""}","{""kind"": ""geo_object""}",,"Назови 2 океана, которые омывают Южную Америку."
geo_l1_0198,geo,L1,geo_volcano_region_basic_curated,"{""candidate_labels"": [""Гекла"", ""Катла"", ""Аскья"", ""Эйяфьятлайокудль"", ""Снайфедльсйёкюдль""], ""region_ru"": ""Исландия"", ""source_dataset"": ""wikidata"", ""template_family"": ""volcanoes"", ""template_id"": ""geo_volcano_region_basic_curated""}","{""kind"": ""volcano""}",,"Назови 3 вулкана, расположенных в Исландии."
geo_l1_0204,geo,L1,geo_forest_region_curated,"{""candidate_labels"": [""Сундарбан"", ""Атлантический лес""], ""region_ru"": ""тропические регионы мира"", ""source_dataset"": ""wikidata"", ""template_family"": ""forests"", ""template_id"": ""geo_forest_region_curated""}","{""kind"": ""forest""}",,"Назови 2 известных лесных массива, расположенных в тропических регионах мира."
geo_l1_0212,geo,L1,geo_desert_region_curated,"{""candidate_labels"": [""Гоби"", ""Такла-Макан"", ""Каракумы"", ""Кызылкум""], ""region_ru"": ""Центральная и Восточная Азия"", ""source_dataset"": ""wikidata"", ""template_family"": ""deserts"", ""template_id"": ""geo_desert_region_curated""}","{""kind"": ""desert""}",,"Назови 2 пустыни, расположенных в Центральной и Восточной Азии."
geo_l1_0216,geo,L1,geo_volcano_region_basic_curated,"{""candidate_labels"": [""Этна"", ""Везувий"", ""Стромболи"", ""Вулькано""], ""region_ru"": ""Италия"", ""source_dataset"": ""wikidata"", ""template_family"": ""volcanoes"", ""template_id"": ""geo_volcano_region_basic_curated""}","{""kind"": ""volcano""}",,"Назови 3 вулкана, расположенных в Италии."
geo_l1_0218,geo,L1,geo_sea_region_curated,"{""candidate_labels"": [""Карибское море"", ""Саргассово море""], ""region_ru"": ""Карибский бассейн"", ""source_dataset"": ""wikidata"", ""template_family"": ""seas"", ""template_id"": ""geo_sea_region_curated""}","{""kind"": ""geo_object""}",,"Назови 2 моря, расположенных в Карибском бассейне."
geo_l2_0182,geo,L2,geo_volcano_region_height_curated,"{""candidate_labels"": [""Гекла"", ""Катла"", ""Аскья"", ""Эйяфьятлайокудль"", ""Снайфедльсйёкюдль""], ""elev_min_m"": 1500, ""region_ru"": ""Исландия"", ""source_dataset"": ""wikidata"", ""tectonic_context_ru"": ""относящихся к Северо-Атлантической рифтовой зоне"", ""template_family"": ""volcanoes"", ""template_id"": ""geo_volcano_region_height_curated""}","{""kind"": ""volcano""}",,"Назови 3 вулкана, расположенных в Исландии и имеющих высоту не ниже 1500 м."
geo_l2_0184,geo,L2,geo_lake_region_group_curated,"{""candidate_labels"": [""Верхнее"", ""Гурон"", ""Эри"", ""Онтарио""], ""group_name_ru"": ""Великие озёра Северной Америки"", ""region_ru"": ""Северная Америка"", ""source_dataset"": ""wikidata"", ""template_family"": ""lakes"", ""template_id"": ""geo_lake_region_group_curated""}","{""kind"": ""geo_object""}",,"Назови 3 озёр, расположенных в Северной Америке и относящихся к группе «Великие озёра Северной Америки»."
geo_l2_0186,geo,L2,geo_desert_region_descriptor_curated,"{""candidate_labels"": [""Сахара"", ""Калахари"", ""Намиб""], ""region_ru"": ""Африка"", ""source_dataset"": ""wikidata"", ""template_family"": ""deserts"", ""template_id"": ""geo_desert_region_descriptor_curated""}","{""kind"": ""desert""}",,"Назови 2 пустыни, расположенных в Африке и относящихся к крупнейшим пустыням континента."
geo_l2_0192,geo,L2,geo_desert_region_descriptor_curated,"{""candidate_labels"": [""Атакама"", ""Патагонская пустыня""], ""region_ru"": ""Южная Америка"", ""source_dataset"": ""wikidata"", ""template_family"": ""deserts"", ""template_id"": ""geo_desert_region_descriptor_curated""}","{""kind"": ""desert""}",,"Назови 2 пустыни, расположенных в Южной Америке и относящихся к крупным пустыням западной и южной части континента."
geo_l2_0194,geo,L2,geo_forest_region_biome_curated,"{""candidate_labels"": [""Сундарбан"", ""Атлантический лес""], ""region_ru"": ""тропические регионы мира"", ""source_dataset"": ""wikidata"", ""template_family"": ""forests"", ""template_id"": ""geo_forest_region_biome_curated""}","{""kind"": ""forest""}",,"Назови 2 лесных массива, расположенных в тропических регионах мира и относящихся к влажным тропическим лесам."
geo_l2_0196,geo,L2,geo_volcano_region_height_curated,"{""candidate_labels"": [""Фудзи"", ""Асо"", ""Асама"", ""Онтакэ"", ""Сакурадзима"", ""Ундзэн""], ""elev_min_m"": 2000, ""region_ru"": ""Япония"", ""source_dataset"": ""wikidata"", ""tectonic_context_ru"": ""относящихся к Тихоокеанскому вулканическому поясу"", ""template_family"": ""volcanoes"", ""template_id"": ""geo_volcano_region_height_curated""}","{""kind"": ""volcano""}",,"Назови 2 вулкана, расположенных в Японии и имеющих высоту не ниже 2000 м."
geo_l2_0198,geo,L2,geo_lake_region_group_curated,"{""candidate_labels"": [""Венерн"", ""Сайма""], ""group_name_ru"": ""крупные озёра Скандинавии"", ""region_ru"": ""Скандинавия"", ""source_dataset"": ""wikidata"", ""template_family"": ""lakes"", ""template_id"": ""geo_lake_region_group_curated""}","{""kind"": ""geo_object""}",,"Назови 2 озёр, расположенных в Скандинавии и относящихся к группе «крупные озёра Скандинавии»."
geo_l2_0206,geo,L2,geo_sea_region_basin_curated,"{""basin_ru"": ""Атлантического океана"", ""candidate_labels"": [""Адриатическое море"", ""Эгейское море"", ""Ионическое море"", ""Лигурийское море"", ""Тирренское море"", ""Балеарское море"", ""Средиземное море""], ""region_ru"": ""Средиземноморье"", ""source_dataset"": ""wikidata"", ""template_family"": ""seas"", ""template_id"": ""geo_sea_region_basin_curated""}","{""kind"": ""geo_object""}",,"Назови 7 моря, расположенных в Средиземноморье и относящихся к бассейну Атлантического океана."
geo_l2_0208,geo,L2,geo_forest_region_biome_curated,"{""candidate_labels"": [""Шварцвальд"", ""Беловежская пуща"", ""Шервудский лес"", ""Баварский лес""], ""region_ru"": ""Европа"", ""source_dataset"": ""wikidata"", ""template_family"": ""forests"", ""template_id"": ""geo_forest_region_biome_curated""}","{""kind"": ""forest""}",,"Назови 2 лесных массива, расположенных в Европе и относящихся к известным лесным регионам умеренной зоны Европы."
geo_l3_0199,geo,L3,geo_mountain_system_toppeaks_curated,"{""candidate_labels"": [""Аконкагуа"", ""Охос-дель-Саладо"", ""Монте-Писсис"", ""Уаскаран"", ""Сахама"", ""Ильямпу"", ""Чимборасо""], ""elev_min_m"": 6500, ""macroregion_ru"": ""Южная Америка"", ""mountain_system_ru"": ""Анды"", ""source_dataset"": ""wikidata"", ""template_family"": ""mountains"", ""template_id"": ""geo_mountain_system_toppeaks_curated""}","{""kind"": ""geo_object""}",,"Перечисли 2 горы, расположенных в Андах, в Южной Америке, входящих в число высочайших вершин Анд и имеющих высоту не ниже 6500 м."
geo_l3_0201,geo,L3,geo_ocean_two_continents_curated,"{""candidate_labels"": [""Атлантический океан"", ""Северный Ледовитый океан""], ""continent1_ru"": ""Европа"", ""continent2_ru"": ""Северная Америка"", ""source_dataset"": ""wikidata"", ""template_family"": ""oceans"", ""template_id"": ""geo_ocean_two_continents_curated""}","{""kind"": ""geo_object""}",,"Назови 2 океана, которые одновременно омывают Европу и Северную Америку."
geo_l3_0207,geo,L3,geo_mountain_system_toppeaks_curated,"{""candidate_labels"": [""Эверест"", ""Канченджанга"", ""Лхоцзе"", ""Макалу"", ""Чо-Ойю"", ""Дхаулагири"", ""Манаслу"", ""Нангапарбат"", ""Аннапурна"", ""Шишабангма""], ""elev_min_m"": 8200, ""macroregion_ru"": ""Азия"", ""mountain_system_ru"": ""Гималаи"", ""source_dataset"": ""wikidata"", ""template_family"": ""mountains"", ""template_id"": ""geo_mountain_system_toppeaks_curated""}","{""kind"": ""geo_object""}",,"Перечисли 3 горы, расположенных в Гималаях, в Азии, входящих в число высочайших вершин Гималаев и имеющих высоту не ниже 8200 м."
geo_l3_0209,geo,L3,geo_ocean_two_continents_curated,"{""candidate_labels"": [""Тихий океан"", ""Атлантический океан""], ""continent1_ru"": ""Северная Америка"", ""continent2_ru"": ""Южная Америка"", ""source_dataset"": ""wikidata"", ""template_family"": ""oceans"", ""template_id"": ""geo_ocean_two_continents_curated""}","{""kind"": ""geo_object""}",,"Назови 2 океана, которые одновременно омывают Северную Америку и Южную Америку."
geo_l3_0217,geo,L3,geo_ocean_two_continents_curated,"{""candidate_labels"": [""Тихий океан"", ""Северный Ледовитый океан""], ""continent1_ru"": ""Северная Америка"", ""continent2_ru"": ""Азия"", ""source_dataset"": ""wikidata"", ""template_family"": ""oceans"", ""template_id"": ""geo_ocean_two_continents_curated""}","{""kind"": ""geo_object""}",,"Назови 2 океана, которые одновременно омывают Северную Америку и Азию."
geo_l3_0219,geo,L3,geo_lake_region_group_advanced_curated,"{""candidate_labels"": [""Венерн"", ""Сайма""], ""group_name_ru"": ""крупные озёра Скандинавии"", ""region_ru"": ""Скандинавия"", ""source_dataset"": ""wikidata"", ""template_family"": ""lakes"", ""template_id"": ""geo_lake_region_group_advanced_curated""}","{""kind"": ""geo_object""}",,"Перечисли 2 озёр, расположенных в Скандинавии, относящихся к группе «крупные озёра Скандинавии» и которые обычно относят к крупнейшим озёрам Скандинавии."
geo_l3_0221,geo,L3,geo_desert_region_advanced_curated,"{""candidate_labels"": [""Мохаве"", ""Сонора"", ""Пустыня Большого Бассейна""], ""region_ru"": ""Северная Америка"", ""source_dataset"": ""wikidata"", ""template_family"": ""deserts"", ""template_id"": ""geo_desert_region_advanced_curated""}","{""kind"": ""desert""}",,"Перечисли 3 пустыни, расположенных в Северной Америке, относящихся к основным пустыням засушливого юго-запада континента и считающихся одними из самых известных пустынь региона."
geo_l4_0184,geo,L4,geo_volcano_region_context_hard_curated,"{""candidate_labels"": [""Мерапи"", ""Семеру"", ""Тамбора"", ""Ринджани"", ""Агунг"", ""Бромо""], ""elev_min_m"": 2500, ""region_ru"": ""Индонезия"", ""source_dataset"": ""wikidata"", ""tectonic_context_ru"": ""относящихся к Тихоокеанскому вулканическому поясу"", ""template_family"": ""volcanoes"", ""template_id"": ""geo_volcano_region_context_hard_curated""}","{""kind"": ""volcano""}",,"Перечисли 3 вулкана, расположенных в Индонезии, относящихся к Тихоокеанскому вулканическому поясу и имеющих высоту не ниже 2500 м."
geo_l4_0186,geo,L4,geo_sea_region_basin_advanced_curated,"{""basin_ru"": ""Индийского океана"", ""candidate_labels"": [""Красное море"", ""Аравийское море"", ""Андаманское море"", ""Лаккадивское море""], ""region_ru"": ""северо-запад Индийского океана"", ""source_dataset"": ""wikidata"", ""template_family"": ""seas"", ""template_id"": ""geo_sea_region_basin_advanced_curated""}","{""kind"": ""geo_object""}",,"Перечисли 3 моря, расположенных в северо-западной части Индийского океана, относящихся к бассейну Индийского океана и которые обычно относят к морям северной части Индийского океана."
geo_l4_0188,geo,L4,geo_volcano_region_context_hard_curated,"{""candidate_labels"": [""Этна"", ""Везувий"", ""Стромболи"", ""Вулькано""], ""elev_min_m"": 2200, ""region_ru"": ""Италия"", ""source_dataset"": ""wikidata"", ""tectonic_context_ru"": ""относящихся к Средиземноморскому вулканическому региону"", ""template_family"": ""volcanoes"", ""template_id"": ""geo_volcano_region_context_hard_curated""}","{""kind"": ""volcano""}",,"Перечисли 1 вулкан, расположенных в Италии, относящихся к Средиземноморскому вулканическому региону и имеющих высоту не ниже 2200 м."
geo_l4_0192,geo,L4,geo_volcano_region_context_hard_curated,"{""candidate_labels"": [""Фудзи"", ""Асо"", ""Асама"", ""Онтакэ"", ""Сакурадзима"", ""Ундзэн""], ""elev_min_m"": 2200, ""region_ru"": ""Япония"", ""source_dataset"": ""wikidata"", ""tectonic_context_ru"": ""относящихся к Тихоокеанскому вулканическому поясу"", ""template_family"": ""volcanoes"", ""template_id"": ""geo_volcano_region_context_hard_curated""}","{""kind"": ""volcano""}",,"Перечисли 2 вулкана, расположенных в Японии, относящихся к Тихоокеанскому вулканическому поясу и имеющих высоту не ниже 2200 м."
geo_l4_0206,geo,L4,geo_mountain_system_toprange_curated,"{""candidate_labels"": [""Монблан"", ""Маттерхорн"", ""Дом"", ""Вайсхорн"", ""Финстераархорн"", ""Юнгфрау"", ""Гран-Парадизо""], ""elev_max_m"": 4700, ""elev_min_m"": 4300, ""macroregion_ru"": ""Европа"", ""mountain_system_ru"": ""Альпы"", ""source_dataset"": ""wikidata"", ""template_family"": ""mountains"", ""template_id"": ""geo_mountain_system_toprange_curated""}","{""kind"": ""geo_object""}",,"Перечисли 2 горы, расположенных в Альпах, в Европе, входящих в число высочайших вершин Альп и имеющих высоту от 4300 до 4700 м."
spacecraft_l1_1057,spacecraft,L1,spacecraft_L1_type+launch_period,"{""source_dataset"": ""wikidata"", ""type_qid"": ""Q111914880"", ""type_ru"": ""лунный орбитальный аппарат"", ""year_from"": 1957, ""year_to"": 1975}","{""kind"": ""spacecraft"", ""type_ru"": ""лунный орбитальный аппарат"", ""year_from"": 1957, ""year_to"": 1975}",,"Назови 5 космических аппаратов типа «лунный орбитальный аппарат», запущенных в период 1957–1975 годов."
spacecraft_l1_1059,spacecraft,L1,spacecraft_L1_type+launch_period,"{""source_dataset"": ""wikidata"", ""type_qid"": ""Q973887"", ""type_ru"": ""военный спутник"", ""year_from"": 1996, ""year_to"": 2010}","{""kind"": ""spacecraft"", ""type_ru"": ""военный спутник"", ""year_from"": 1996, ""year_to"": 2010}",,"Назови 5 космических аппаратов типа «военный спутник», запущенных в период 1996–2010 годов."
spacecraft_l1_1061,spacecraft,L1,spacecraft_L1_manufacturer,"{""manufacturer_qid"": ""Q7240"", ""manufacturer_ru"": ""Lockheed Martin"", ""source_dataset"": ""wikidata""}","{""kind"": ""spacecraft"", ""manufacturer_ru"": ""Lockheed Martin""}",,"Назови 5 космических аппаратов, произведённых организацией «Lockheed Martin»."
spacecraft_l1_1063,spacecraft,L1,spacecraft_L1_manufacturer,"{""manufacturer_qid"": ""Q136426"", ""manufacturer_ru"": ""Ракетно-космический центр «Прогресс»"", ""source_dataset"": ""wikidata""}","{""kind"": ""spacecraft"", ""manufacturer_ru"": ""Ракетно-космический центр «Прогресс""}",,"Назови 5 космических аппаратов, произведённых организацией «Ракетно-космический центр «Прогресс»»."
spacecraft_l2_1061,spacecraft,L2,spacecraft_L2_launch_vehicle+launch_period,"{""launch_vehicle_qid"": ""Q13220030"", ""launch_vehicle_ru"": ""Союз-2.1а"", ""source_dataset"": ""wikidata"", ""year_from"": 2001, ""year_to"": 2012}","{""kind"": ""spacecraft"", ""year_from"": 2001, ""year_to"": 2012}",,"Назови 5 космических аппаратов, запущенных ракетой-носителем «Союз-2.1а» в период 2001–2012 годов."
spacecraft_l2_1063,spacecraft,L2,spacecraft_L2_launch_vehicle+launch_period,"{""launch_vehicle_qid"": ""Q9358555"", ""launch_vehicle_ru"": ""Тор-Аджена-A"", ""source_dataset"": ""wikidata"", ""year_from"": 1957, ""year_to"": 1969}","{""kind"": ""spacecraft"", ""year_from"": 1957, ""year_to"": 1969}",,"Назови 5 космических аппаратов, запущенных ракетой-носителем «Тор-Аджена-A» в период 1957–1969 годов."
spacecraft_l2_1065,spacecraft,L2,spacecraft_L2_manufacturer+launch_period,"{""manufacturer_qid"": ""Q4479911"", ""manufacturer_ru"": ""Корпорация «ВНИИЭМ»"", ""source_dataset"": ""wikidata"", ""year_from"": 2013, ""year_to"": 2025}","{""kind"": ""spacecraft"", ""manufacturer_ru"": ""Корпорация «ВНИИЭМ"", ""year_from"": 2013, ""year_to"": 2025}",,"Назови 5 космических аппаратов, произведённых организацией «Корпорация «ВНИИЭМ»» и запущенных в период 2013–2025 годов."
spacecraft_l2_1067,spacecraft,L2,spacecraft_L2_launch_vehicle+launch_period,"{""launch_vehicle_qid"": ""Q49553"", ""launch_vehicle_ru"": ""Дельта-M"", ""source_dataset"": ""wikidata"", ""year_from"": 1957, ""year_to"": 1969}","{""kind"": ""spacecraft"", ""year_from"": 1957, ""year_to"": 1969}",,"Назови 5 космических аппаратов, запущенных ракетой-носителем «Дельта-M» в период 1957–1969 годов."
spacecraft_l2_1069,spacecraft,L2,spacecraft_L2_launch_vehicle+launch_period,"{""launch_vehicle_qid"": ""Q1756428"", ""launch_vehicle_ru"": ""Протон-К"", ""source_dataset"": ""wikidata"", ""year_from"": 1986, ""year_to"": 2000}","{""kind"": ""spacecraft"", ""year_from"": 1986, ""year_to"": 2000}",,"Назови 5 космических аппаратов, запущенных ракетой-носителем «Протон-К» в период 1986–2000 годов."
spacecraft_l2_1071,spacecraft,L2,spacecraft_L2_manufacturer+launch_period,"{""manufacturer_qid"": ""Q967620"", ""manufacturer_ru"": ""TRW Inc."", ""source_dataset"": ""wikidata"", ""year_from"": 1957, ""year_to"": 1969}","{""kind"": ""spacecraft"", ""manufacturer_ru"": ""TRW Inc"", ""year_from"": 1957, ""year_to"": 1969}",,"Назови 5 космических аппаратов, произведённых организацией «TRW Inc.» и запущенных в период 1957–1969 годов."
spacecraft_l4_1068,spacecraft,L4,spacecraft_L4_same_manufacturer_as_seed+launch_period,"{""bridge"": ""same_manufacturer"", ""seed_qid"": ""Q41459"", ""seed_ru"": ""Ямал-300К"", ""source_dataset"": ""wikidata"", ""year_from"": 2017, ""year_to"": 2025}","{""kind"": ""spacecraft"", ""year_from"": 2017, ""year_to"": 2025}",,"Назови 3 космических аппарата, произведённых той же организацией, что и «Ямал-300К», и запущенных в период 2017–2025 годов."
spacecraft_l3_1071,spacecraft,L3,spacecraft_L3_operator+manufacturer+launch_period,"{""expected_gold_count"": 9, ""manufacturer_qid"": ""Q2371486"", ""manufacturer_ru"": ""Информационные спутниковые системы имени академика М. Ф. Решетнёва"", ""operator_qid"": ""Q4355209"", ""operator_ru"": ""ФГУП «Космическая связь»"", ""source_dataset"": ""wikidata"", ""year_from"": 2013, ""year_to"": 2025}","{""kind"": ""spacecraft"", ""manufacturer_ru"": ""Информационные спутниковые системы имени академика М. Ф. Решетнёва"", ""operator_ru"": ""ФГУП «Космическая связь"", ""year_from"": 2013, ""year_to"": 2025}",,"Назови 4 космических аппарата, оператором которых является «ФГУП «Космическая связь»», произведённых организацией «Информационные спутниковые системы имени академика М. Ф. Решетнёва» и запущенных в период 2013–2025 годов."
spacecraft_l3_1073,spacecraft,L3,spacecraft_L3_operator+manufacturer+launch_period,"{""expected_gold_count"": 7, ""manufacturer_qid"": ""Q7233"", ""manufacturer_ru"": ""Локхид"", ""operator_qid"": ""Q11223"", ""operator_ru"": ""Военно-воздушные силы США"", ""source_dataset"": ""wikidata"", ""year_from"": 1957, ""year_to"": 1969}","{""kind"": ""spacecraft"", ""manufacturer_ru"": ""Локхид"", ""operator_ru"": ""Военно-воздушные силы США"", ""year_from"": 1957, ""year_to"": 1969}",,"Назови 4 космических аппарата, оператором которых является «Военно-воздушные силы США», произведённых организацией «Локхид» и запущенных в период 1957–1969 годов."
spacecraft_l3_1077,spacecraft,L3,spacecraft_L3_operator+manufacturer+launch_period,"{""expected_gold_count"": 11, ""manufacturer_qid"": ""Q618898"", ""manufacturer_ru"": ""конструкторское бюро «Южное»"", ""operator_qid"": ""Q828585"", ""operator_ru"": ""Интеркосмос"", ""source_dataset"": ""wikidata"", ""year_from"": 1970, ""year_to"": 1985}","{""kind"": ""spacecraft"", ""manufacturer_ru"": ""конструкторское бюро «Южное"", ""operator_ru"": ""Интеркосмос"", ""year_from"": 1970, ""year_to"": 1985}",,"Назови 4 космических аппарата, оператором которых является «Интеркосмос», произведённых организацией «конструкторское бюро «Южное»» и запущенных в период 1970–1985 годов."
spacecraft_l3_1079,spacecraft,L3,spacecraft_L3_operator+manufacturer+launch_period,"{""expected_gold_count"": 16, ""manufacturer_qid"": ""Q763402"", ""manufacturer_ru"": ""РКК «Энергия»"", ""operator_qid"": ""Q190795"", ""operator_ru"": ""Роскосмос"", ""source_dataset"": ""wikidata"", ""year_from"": 2013, ""year_to"": 2025}","{""kind"": ""spacecraft"", ""manufacturer_ru"": ""РКК «Энергия"", ""operator_ru"": ""Роскосмос"", ""year_from"": 2013, ""year_to"": 2025}",,"Назови 4 космических аппарата, оператором которых является «Роскосмос», произведённых организацией «РКК «Энергия»» и запущенных в период 2013–2025 годов."
spacecraft_l3_1081,spacecraft,L3,spacecraft_L3_operator+manufacturer+launch_period,"{""expected_gold_count"": 6, ""manufacturer_qid"": ""Q4479911"", ""manufacturer_ru"": ""Корпорация «ВНИИЭМ»"", ""operator_qid"": ""Q190795"", ""operator_ru"": ""Роскосмос"", ""source_dataset"": ""wikidata"", ""year_from"": 2013, ""year_to"": 2025}","{""kind"": ""spacecraft"", ""manufacturer_ru"": ""Корпорация «ВНИИЭМ"", ""operator_ru"": ""Роскосмос"", ""year_from"": 2013, ""year_to"": 2025}",,"Назови 4 космических аппарата, оператором которых является «Роскосмос», произведённых организацией «Корпорация «ВНИИЭМ»» и запущенных в период 2013–2025 годов."
spacecraft_l3_1083,spacecraft,L3,spacecraft_L3_operator+manufacturer+launch_period,"{""expected_gold_count"": 5, ""manufacturer_qid"": ""Q128356"", ""manufacturer_ru"": ""Thales Alenia Space"", ""operator_qid"": ""Q42262"", ""operator_ru"": ""Европейское космическое агентство"", ""source_dataset"": ""wikidata"", ""year_from"": 2013, ""year_to"": 2025}","{""kind"": ""spacecraft"", ""manufacturer_ru"": ""Thales Alenia Space"", ""operator_ru"": ""Европейское космическое агентство"", ""year_from"": 2013, ""year_to"": 2025}",,"Назови 4 космических аппарата, оператором которых является «Европейское космическое агентство», произведённых организацией «Thales Alenia Space» и запущенных в период 2013–2025 годов."
spacecraft_l4_1082,spacecraft,L4,spacecraft_L4_type+manufacturer+operator+launch_period,"{""expected_gold_count"": 5, ""manufacturer_qid"": ""Q2371486"", ""manufacturer_ru"": ""Информационные спутниковые системы имени академика М. Ф. Решетнёва"", ""operator_qid"": ""Q4355209"", ""operator_ru"": ""ФГУП «Космическая связь»"", ""source_dataset"": ""wikidata"", ""type_qid"": ""Q19362195"", ""type_ru"": ""геостационарный спутник"", ""year_from"": 2009, ""year_to"": 2016}","{""kind"": ""spacecraft"", ""manufacturer_ru"": ""Информационные спутниковые системы имени академика М. Ф. Решетнёва"", ""operator_ru"": ""ФГУП «Космическая связь"", ""type_ru"": ""геостационарный спутник"", ""year_from"": 2009, ""year_to"": 2016}",,"Назови 3 космических аппарата типа «геостационарный спутник», произведённых организацией «Информационные спутниковые системы имени академика М. Ф. Решетнёва», оператором которых является «ФГУП «Космическая связь»», и запущенных в период 2009–2016 годов."
spacecraft_l4_1084,spacecraft,L4,spacecraft_L4_type+manufacturer+operator+launch_period,"{""expected_gold_count"": 3, ""manufacturer_qid"": ""Q949211"", ""manufacturer_ru"": ""НПО имени С. А. Лавочкина"", ""operator_qid"": ""Q1703142"", ""operator_ru"": ""Космические войска"", ""source_dataset"": ""wikidata"", ""type_qid"": ""Q1812673"", ""type_ru"": ""Око-1"", ""year_from"": 2000, ""year_to"": 2008}","{""kind"": ""spacecraft"", ""manufacturer_ru"": ""НПО имени С. А. Лавочкина"", ""operator_ru"": ""Космические войска"", ""type_ru"": ""Око-1"", ""year_from"": 2000, ""year_to"": 2008}",,"Назови 3 космических аппарата типа «Око-1», произведённых организацией «НПО имени С. А. Лавочкина», оператором которых является «Космические войска», и запущенных в период 2000–2008 годов."
spacecraft_l4_1086,spacecraft,L4,spacecraft_L4_type+manufacturer+operator+launch_period,"{""expected_gold_count"": 3, ""manufacturer_qid"": ""Q949211"", ""manufacturer_ru"": ""НПО имени С. А. Лавочкина"", ""operator_qid"": ""Q1703142"", ""operator_ru"": ""Космические войска"", ""source_dataset"": ""wikidata"", ""type_qid"": ""Q7865637"", ""type_ru"": ""УС-КС"", ""year_from"": 1979, ""year_to"": 1988}","{""kind"": ""spacecraft"", ""manufacturer_ru"": ""НПО имени С. А. Лавочкина"", ""operator_ru"": ""Космические войска"", ""type_ru"": ""УС-КС"", ""year_from"": 1979, ""year_to"": 1988}",,"Назови 3 космических аппарата типа «УС-КС», произведённых организацией «НПО имени С. А. Лавочкина», оператором которых является «Космические войска», и запущенных в период 1979–1988 годов."
spacecraft_l4_1088,spacecraft,L4,spacecraft_L4_program+operator+manufacturer+launch_period,"{""expected_gold_count"": 3, ""manufacturer_qid"": ""Q876017"", ""manufacturer_ru"": ""Israel Aerospace Industries"", ""operator_qid"": ""Q58967"", ""operator_ru"": ""Армия обороны Израиля"", ""program_qid"": ""Q1130496"", ""program_ru"": ""Офек"", ""source_dataset"": ""wikidata"", ""year_from"": 2009, ""year_to"": 2016}","{""kind"": ""spacecraft"", ""manufacturer_ru"": ""Israel Aerospace Industries"", ""operator_ru"": ""Армия обороны Израиля"", ""program_ru"": ""Офек"", ""year_from"": 2009, ""year_to"": 2016}",,"Назови 3 космических аппарата, относящихся к программе/серии «Офек», оператором которых является «Армия обороны Израиля», произведённых организацией «Israel Aerospace Industries» и запущенных в период 2009–2016 годов."
spacecraft_l4_1090,spacecraft,L4,spacecraft_L4_program+operator+manufacturer+launch_period,"{""expected_gold_count"": 7, ""manufacturer_qid"": ""Q196253"", ""manufacturer_ru"": ""Hughes Aircraft"", ""operator_qid"": ""Q23548"", ""operator_ru"": ""НАСА"", ""program_qid"": ""Q339963"", ""program_ru"": ""Сервейер"", ""source_dataset"": ""wikidata"", ""year_from"": 1961, ""year_to"": 1969}","{""kind"": ""spacecraft"", ""manufacturer_ru"": ""Hughes Aircraft"", ""operator_ru"": ""НАСА"", ""program_ru"": ""Сервейер"", ""year_from"": 1961, ""year_to"": 1969}",,"Назови 3 космических аппарата, относящихся к программе/серии «Сервейер», оператором которых является «НАСА», произведённых организацией «Hughes Aircraft» и запущенных в период 1961–1969 годов."
spacecraft_l4_1092,spacecraft,L4,spacecraft_L4_type+manufacturer+operator+launch_period,"{""expected_gold_count"": 4, ""manufacturer_qid"": ""Q136426"", ""manufacturer_ru"": ""Ракетно-космический центр «Прогресс»"", ""operator_qid"": ""Q83172"", ""operator_ru"": ""Российская академия наук"", ""source_dataset"": ""wikidata"", ""type_qid"": ""Q25283"", ""type_ru"": ""Бион"", ""year_from"": 1979, ""year_to"": 1988}","{""kind"": ""spacecraft"", ""manufacturer_ru"": ""Ракетно-космический центр «Прогресс"", ""operator_ru"": ""Российская академия наук"", ""type_ru"": ""Бион"", ""year_from"": 1979, ""year_to"": 1988}",,"Назови 3 космических аппарата типа «Бион», произведённых организацией «Ракетно-космический центр «Прогресс»», оператором которых является «Российская академия наук», и запущенных в период 1979–1988 годов."
spacecraft_l4_1087,spacecraft,L4,spacecraft_L4_type+manufacturer+operator+launch_period,"{""expected_gold_count"": 7, ""manufacturer_qid"": ""Q763402"", ""manufacturer_ru"": ""РКК «Энергия»"", ""operator_qid"": ""Q190795"", ""operator_ru"": ""Роскосмос"", ""source_dataset"": ""wikidata"", ""type_qid"": ""Q21483913"", ""type_ru"": ""Союз МС"", ""year_from"": 2017, ""year_to"": 2025}","{""kind"": ""spacecraft"", ""manufacturer_ru"": ""РКК «Энергия"", ""operator_ru"": ""Роскосмос"", ""type_ru"": ""Союз МС"", ""year_from"": 2017, ""year_to"": 2025}",,"Назови 3 космических аппарата типа «Союз МС», произведённых организацией «РКК «Энергия»», оператором которых является «Роскосмос», и запущенных в период 2017–2025 годов."
spacecraft_l4_1089,spacecraft,L4,spacecraft_L4_type+manufacturer+operator+launch_period,"{""expected_gold_count"": 3, ""manufacturer_qid"": ""Q189325"", ""manufacturer_ru"": ""Лаборатория реактивного движения"", ""operator_qid"": ""Q189325"", ""operator_ru"": ""Лаборатория реактивного движения"", ""source_dataset"": ""wikidata"", ""type_qid"": ""Q26529"", ""type_ru"": ""космический зонд"", ""year_from"": 1961, ""year_to"": 1969}","{""kind"": ""spacecraft"", ""manufacturer_ru"": ""Лаборатория реактивного движения"", ""operator_ru"": ""Лаборатория реактивного движения"", ""type_ru"": ""космический зонд"", ""year_from"": 1961, ""year_to"": 1969}",,"Назови 3 космических аппарата типа «космический зонд», произведённых организацией «Лаборатория реактивного движения», оператором которых является «Лаборатория реактивного движения», и запущенных в период 1961–1969 годов."
spacecraft_l5_1089,spacecraft,L5,spacecraft_L5_same_manufacturer_as_seed+launch_period,"{""bridge"": ""same_manufacturer_as_seed"", ""seed_qid"": ""Q496843"", ""seed_ru"": ""Koreasat-5"", ""source_dataset"": ""wikidata"", ""year_from"": 1988, ""year_to"": 2024}","{""kind"": ""spacecraft"", ""year_from"": 1988, ""year_to"": 2024}",,"Назови 1 космический аппарат, произведённых той же организацией, что и аппарат «Koreasat-5», и запущенных в период 1988–2024 годов. Не включай сам аппарат «Koreasat-5» в ответ."
spacecraft_l5_1091,spacecraft,L5,spacecraft_L5_same_launch_vehicle_as_seed+launch_period,"{""bridge"": ""same_launch_vehicle_as_seed"", ""seed_qid"": ""Q13112185"", ""seed_ru"": ""GSAT-7"", ""source_dataset"": ""wikidata"", ""year_from"": 1993, ""year_to"": 2026}","{""kind"": ""spacecraft"", ""year_from"": 1993, ""year_to"": 2026}",,"Назови 1 космический аппарат, запущенных той же ракетой-носителем, что и аппарат «GSAT-7», в период 1993–2026 годов. Не включай сам аппарат «GSAT-7» в ответ."
spacecraft_l5_1093,spacecraft,L5,spacecraft_L5_same_operator_as_seed+type,"{""bridge"": ""same_operator_as_seed"", ""seed_qid"": ""Q577449"", ""seed_ru"": ""Альберт Эйнштейн"", ""source_dataset"": ""wikidata"", ""type_qid"": ""Q153257"", ""type_ru"": ""ATV""}","{""kind"": ""spacecraft"", ""operator_ru"": ""Альберт Эйнштейн"", ""type_ru"": ""ATV""}",,"Назови 1 космический аппарат типа «ATV», оператор которых совпадает с оператором аппарата «Альберт Эйнштейн». Не включай сам аппарат «Альберт Эйнштейн» в ответ."
spacecraft_l5_1095,spacecraft,L5,spacecraft_L5_same_launch_vehicle_as_seed+launch_period,"{""bridge"": ""same_launch_vehicle_as_seed"", ""seed_qid"": ""Q12270327"", ""seed_ru"": ""Космос-102"", ""source_dataset"": ""wikidata"", ""year_from"": 1957, ""year_to"": 1985}","{""kind"": ""spacecraft"", ""year_from"": 1957, ""year_to"": 1985}",,"Назови 1 космический аппарат, запущенных той же ракетой-носителем, что и аппарат «Космос-102», в период 1957–1985 годов. Не включай сам аппарат «Космос-102» в ответ."
spacecraft_l5_1097,spacecraft,L5,spacecraft_L5_same_manufacturer_as_seed+launch_period,"{""bridge"": ""same_manufacturer_as_seed"", ""seed_qid"": ""Q16061342"", ""seed_ru"": ""JCSAT-2"", ""source_dataset"": ""wikidata"", ""year_from"": 1972, ""year_to"": 2008}","{""kind"": ""spacecraft"", ""year_from"": 1972, ""year_to"": 2008}",,"Назови 1 космический аппарат, произведённых той же организацией, что и аппарат «JCSAT-2», и запущенных в период 1972–2008 годов. Не включай сам аппарат «JCSAT-2» в ответ."
spacecraft_l5_1099,spacecraft,L5,spacecraft_L5_same_launch_vehicle_A+same_operator_B+period,"{""bridge"": ""same_launch_vehicle_A_and_same_operator_B"", ""seed_launch_vehicle_qid"": ""Q757035"", ""seed_launch_vehicle_ru"": ""Союз ТМА-13"", ""seed_operator_qid"": ""Q2090722"", ""seed_operator_ru"": ""Марсианский научный орбитальный аппарат"", ""source_dataset"": ""wikidata"", ""target_probe_qid"": ""Q205672"", ""target_probe_ru"": ""Марс-экспресс"", ""year_from"": 1985, ""year_to"": 2021}","{""kind"": ""spacecraft"", ""operator_ru"": ""Марсианский научный орбитальный аппарат"", ""year_from"": 1985, ""year_to"": 2021}",,"Назови 2 космических аппарата, запущенных той же ракетой-носителем, что и «Союз ТМА-13», оператор которых совпадает с оператором аппарата «Марсианский научный орбитальный аппарат», и которые были запущены в период 1985–2021 годов. Не включай аппараты «Союз ТМА-13» и «Марсианский научный орбитальный аппарат» в ответ."
spacecraft_l5_1101,spacecraft,L5,spacecraft_L5_same_type_A+same_manufacturer_B+period,"{""bridge"": ""same_type_A_and_same_manufacturer_B"", ""seed_manufacturer_qid"": ""Q6433286"", ""seed_manufacturer_ru"": ""Космос-2475"", ""seed_type_qid"": ""Q18540"", ""seed_type_ru"": ""Artemis"", ""source_dataset"": ""wikidata"", ""target_probe_qid"": ""Q14131609"", ""target_probe_ru"": ""Экспресс-АМ8"", ""year_from"": 1997, ""year_to"": 2026}","{""kind"": ""spacecraft"", ""year_from"": 1997, ""year_to"": 2026}",,"Назови 2 космических аппарата того же типа, что и «Artemis», произведённых той же организацией, что и «Космос-2475», и запущенных в период 1997–2026 годов. Не включай аппараты «Artemis» и «Космос-2475» в ответ."
spacecraft_l5_1103,spacecraft,L5,spacecraft_L5_same_manufacturer_A+same_operator_B+period,"{""bridge"": ""same_manufacturer_A_and_same_operator_B"", ""seed_manufacturer_qid"": ""Q106770673"", ""seed_manufacturer_ru"": ""Экспресс-АМУ7"", ""seed_operator_qid"": ""Q20557312"", ""seed_operator_ru"": ""Ямал-101"", ""source_dataset"": ""wikidata"", ""target_probe_qid"": ""Q28155208"", ""target_probe_ru"": ""Ямал-601"", ""year_from"": 2003, ""year_to"": 2026}","{""kind"": ""spacecraft"", ""operator_ru"": ""Ямал-101"", ""year_from"": 2003, ""year_to"": 2026}",,"Назови 2 космических аппарата, которые произведены той же организацией, что и «Экспресс-АМУ7», оператор которых совпадает с оператором аппарата «Ямал-101», и которые были запущены в период 2003–2026 годов. Не включай аппараты «Экспресс-АМУ7» и «Ямал-101» в ответ."
spacecraft_l5_1105,spacecraft,L5,spacecraft_L5_same_type_A+same_manufacturer_B+period,"{""bridge"": ""same_type_A_and_same_manufacturer_B"", ""seed_manufacturer_qid"": ""Q9353720"", ""seed_manufacturer_ru"": ""Тайрос-5"", ""seed_type_qid"": ""Q21755560"", ""seed_type_ru"": ""Thaicom 8"", ""source_dataset"": ""wikidata"", ""target_probe_qid"": ""Q16320449"", ""target_probe_ru"": ""NIMBUS–7"", ""year_from"": 1960, ""year_to"": 1996}","{""kind"": ""spacecraft"", ""year_from"": 1960, ""year_to"": 1996}",,"Назови 2 космических аппарата того же типа, что и «Thaicom 8», произведённых той же организацией, что и «Тайрос-5», и запущенных в период 1960–1996 годов. Не включай аппараты «Thaicom 8» и «Тайрос-5» в ответ."
spacecraft_l5_1107,spacecraft,L5,spacecraft_L5_same_manufacturer_A+same_operator_B+period,"{""bridge"": ""same_manufacturer_A_and_same_operator_B"", ""seed_manufacturer_qid"": ""Q55610853"", ""seed_manufacturer_ru"": ""EnVision"", ""seed_operator_qid"": ""Q280068"", ""seed_operator_ru"": ""SMOS"", ""source_dataset"": ""wikidata"", ""target_probe_qid"": ""Q909703"", ""target_probe_ru"": ""Иоганн Кеплер"", ""year_from"": 1995, ""year_to"": 2026}","{""kind"": ""spacecraft"", ""operator_ru"": ""SMOS"", ""year_from"": 1995, ""year_to"": 2026}",,"Назови 2 космических аппарата, которые произведены той же организацией, что и «EnVision», оператор которых совпадает с оператором аппарата «SMOS», и которые были запущены в период 1995–2026 годов. Не включай аппараты «EnVision» и «SMOS» в ответ."
spacecraft_l5_1109,spacecraft,L5,spacecraft_L5_same_program_A+same_manufacturer_B+period,"{""bridge"": ""same_program_A_and_same_manufacturer_B"", ""seed_manufacturer_qid"": ""Q16269421"", ""seed_manufacturer_ru"": ""Офек-10"", ""seed_program_qid"": ""Q14975"", ""seed_program_ru"": ""Амос-2"", ""source_dataset"": ""wikidata"", ""target_probe_qid"": ""Q14979"", ""target_probe_ru"": ""Амос-3"", ""year_from"": 1988, ""year_to"": 2026}","{""kind"": ""spacecraft"", ""program_ru"": ""Амос-2"", ""year_from"": 1988, ""year_to"": 2026}",,"Назови 2 космических аппарата, относящихся к той же программе/серии, что и «Амос-2», и произведённых той же организацией, что и «Офек-10», если они были запущены в период 1988–2026 годов. Не включай аппараты «Амос-2» и «Офек-10» в ответ."
museums_l2_1099,museums,L2,museums_L2_country+type,"{""country_qid"": ""Q159"", ""country_ru"": ""Россия"", ""seed_qid"": ""Q1785008"", ""seed_ru"": ""Космонавт Виктор Пацаев (судно)"", ""source_dataset"": ""wikidata"", ""type_qid"": ""Q575727"", ""type_ru"": ""корабль-музей""}","{""country_ru"": ""Россия"", ""kind"": ""museum"", ""type_ru"": ""корабль-музей""}",,"Назови 5 музеев, которые находятся в стране «Россия» и относятся к типу «корабль-музей»."
museums_l2_1101,museums,L2,museums_L2_country+type,"{""country_qid"": ""Q30"", ""country_ru"": ""США"", ""seed_qid"": ""Q188740"", ""seed_ru"": ""Музей современного искусства"", ""source_dataset"": ""wikidata"", ""type_qid"": ""Q207694"", ""type_ru"": ""художественный музей""}","{""country_ru"": ""США"", ""kind"": ""museum"", ""type_ru"": ""художественный музей""}",,"Назови 5 музеев, которые находятся в стране «США» и относятся к типу «художественный музей»."
museums_l2_1103,museums,L2,museums_L2_country+type,"{""country_qid"": ""Q38"", ""country_ru"": ""Италия"", ""seed_qid"": ""Q3891147"", ""seed_ru"": ""Палаццо Д’Арко"", ""source_dataset"": ""wikidata"", ""type_qid"": ""Q207694"", ""type_ru"": ""художественный музей""}","{""country_ru"": ""Италия"", ""kind"": ""museum"", ""type_ru"": ""художественный музей""}",,"Назови 5 музеев, которые находятся в стране «Италия» и относятся к типу «художественный музей»."
museums_l2_1107,museums,L2,museums_L2_country+type,"{""country_qid"": ""Q212"", ""country_ru"": ""Украина"", ""seed_qid"": ""Q12149656"", ""seed_ru"": ""Ровненский областной краеведческий музей"", ""source_dataset"": ""wikidata"", ""type_qid"": ""Q1595639"", ""type_ru"": ""краеведческий музей""}","{""country_ru"": ""Украина"", ""kind"": ""museum"", ""type_ru"": ""краеведческий музей""}",,"Назови 5 музеев, которые находятся в стране «Украина» и относятся к типу «краеведческий музей»."
museums_l2_1109,museums,L2,museums_L2_city+type,"{""city_qid"": ""Q100"", ""city_ru"": ""Бостон"", ""seed_qid"": ""Q49133"", ""seed_ru"": ""Музей изящных искусств Бостона"", ""source_dataset"": ""wikidata"", ""type_qid"": ""Q207694"", ""type_ru"": ""художественный музей""}","{""city_ru"": ""Бостон"", ""kind"": ""museum"", ""type_ru"": ""художественный музей""}",,"Назови 5 музеев, которые расположены в «Бостон» и относятся к типу «художественный музей»."
museums_l2_1111,museums,L2,museums_L2_country+inception_period,"{""country_qid"": ""Q20"", ""country_ru"": ""Норвегия"", ""seed_qid"": ""Q1415972"", ""seed_ru"": ""Музей Кон-Тики"", ""source_dataset"": ""wikidata"", ""year_from"": 1869, ""year_to"": 2026}","{""country_ru"": ""Норвегия"", ""kind"": ""museum"", ""year_from"": 1869, ""year_to"": 2026}",,"Назови 5 музеев, которые находятся в стране «Норвегия» и были основаны в период 1869–2026 годов."
museums_l3_1106,museums,L3,museums_L3_country+type+inception_period,"{""country_qid"": ""Q183"", ""country_ru"": ""Германия"", ""seed_qid"": ""Q22616"", ""seed_ru"": ""Дом Фейербаха"", ""source_dataset"": ""wikidata"", ""type_qid"": ""Q3196771"", ""type_ru"": ""художественный музей"", ""year_from"": 1730, ""year_to"": 1870}","{""country_ru"": ""Германия"", ""kind"": ""museum"", ""type_ru"": ""художественный музей"", ""year_from"": 1730, ""year_to"": 1870}",,"Назови 4 музея, которые находятся в стране «Германия», относятся к типу «художественный музей» и были основаны в период 1730–1870 годов."
museums_l3_1108,museums,L3,museums_L3_country+type+inception_period,"{""country_qid"": ""Q38"", ""country_ru"": ""Италия"", ""seed_qid"": ""Q925271"", ""seed_ru"": ""Палаццо Барбаран да Порто"", ""source_dataset"": ""wikidata"", ""type_qid"": ""Q16735822"", ""type_ru"": ""исторический музей"", ""year_from"": 1500, ""year_to"": 1640}","{""country_ru"": ""Италия"", ""kind"": ""museum"", ""type_ru"": ""исторический музей"", ""year_from"": 1500, ""year_to"": 1640}",,"Назови 4 музея, которые находятся в стране «Италия», относятся к типу «исторический музей» и были основаны в период 1500–1640 годов."
museums_l3_1110,museums,L3,museums_L3_country+type+inception_period,"{""country_qid"": ""Q30"", ""country_ru"": ""США"", ""seed_qid"": ""Q49133"", ""seed_ru"": ""Музей изящных искусств Бостона"", ""source_dataset"": ""wikidata"", ""type_qid"": ""Q207694"", ""type_ru"": ""художественный музей"", ""year_from"": 1800, ""year_to"": 1940}","{""country_ru"": ""США"", ""kind"": ""museum"", ""type_ru"": ""художественный музей"", ""year_from"": 1800, ""year_to"": 1940}",,"Назови 4 музея, которые находятся в стране «США», относятся к типу «художественный музей» и были основаны в период 1800–1940 годов."
museums_l3_1112,museums,L3,museums_L3_country+type+inception_period,"{""country_qid"": ""Q38"", ""country_ru"": ""Италия"", ""seed_qid"": ""Q574740"", ""seed_ru"": ""Священный лес"", ""source_dataset"": ""wikidata"", ""type_qid"": ""Q92755865"", ""type_ru"": ""религиозный музей"", ""year_from"": 1478, ""year_to"": 1618}","{""country_ru"": ""Италия"", ""kind"": ""museum"", ""type_ru"": ""религиозный музей"", ""year_from"": 1618, ""year_to"": 1618}",,"Назови 4 музея, которые находятся в стране «Италия», относятся к типу «религиозный музей» и были основаны в период 1478–1618 годов."
museums_l3_1116,museums,L3,museums_L3_country+type+inception_period,"{""country_qid"": ""Q30"", ""country_ru"": ""США"", ""seed_qid"": ""Q965731"", ""seed_ru"": ""Калифорнийская академия наук"", ""source_dataset"": ""wikidata"", ""type_qid"": ""Q1970365"", ""type_ru"": ""музей естественной истории"", ""year_from"": 1783, ""year_to"": 1923}","{""country_ru"": ""США"", ""kind"": ""museum"", ""type_ru"": ""музей естественной истории"", ""year_from"": 1783, ""year_to"": 1923}",,"Назови 4 музея, которые находятся в стране «США», относятся к типу «музей естественной истории» и были основаны в период 1783–1923 годов."
museums_l3_1118,museums,L3,museums_L3_country+type+inception_period,"{""country_qid"": ""Q159"", ""country_ru"": ""Россия"", ""seed_qid"": ""Q4410161"", ""seed_ru"": ""Свердловский областной краеведческий музей"", ""source_dataset"": ""wikidata"", ""type_qid"": ""Q1970365"", ""type_ru"": ""музей естественной истории"", ""year_from"": 1801, ""year_to"": 1941}","{""country_ru"": ""Россия"", ""kind"": ""museum"", ""type_ru"": ""музей естественной истории"", ""year_from"": 1801, ""year_to"": 1941}",,"Назови 4 музея, которые находятся в стране «Россия», относятся к типу «музей естественной истории» и были основаны в период 1801–1941 годов."
museums_l3_1120,museums,L3,museums_L3_country+type+owner,"{""country_qid"": ""Q145"", ""country_ru"": ""Великобритания"", ""owner_qid"": ""Q936287"", ""owner_ru"": ""English Heritage"", ""seed_qid"": ""Q764804"", ""seed_ru"": ""Кенвуд-хаус"", ""source_dataset"": ""wikidata"", ""type_qid"": ""Q16735822"", ""type_ru"": ""исторический музей""}","{""country_ru"": ""Великобритания"", ""kind"": ""museum"", ""type_ru"": ""исторический музей""}",,"Назови 4 музея, которые находятся в стране «Великобритания», относятся к типу «исторический музей» и владельцем которых является «English Heritage»."
museums_l3_1122,museums,L3,museums_L3_city+type+inception_period,"{""city_qid"": ""Q61"", ""city_ru"": ""Вашингтон"", ""seed_qid"": ""Q861608"", ""seed_ru"": ""Национальный музей женского искусства"", ""source_dataset"": ""wikidata"", ""type_qid"": ""Q207694"", ""type_ru"": ""художественный музей"", ""year_from"": 1891, ""year_to"": 2026}","{""city_ru"": ""Вашингтон"", ""kind"": ""museum"", ""type_ru"": ""художественный музей"", ""year_from"": 1891, ""year_to"": 2026}",,"Назови 4 музея, расположенных в «Вашингтон», относящихся к типу «художественный музей» и основанных в период 1891–2026 годов."
museums_l4_1116,museums,L4,museums_L4_same_owner_as_seed+country+type,"{""bridge"": ""same_owner_as_seed"", ""country_qid"": ""Q38"", ""country_ru"": ""Италия"", ""seed_shared_property_qid"": ""Q841506"", ""seed_shared_property_ru"": ""Галерея Боргезе"", ""source_dataset"": ""wikidata"", ""target_probe_qid"": ""Q958758"", ""target_probe_ru"": ""Вилла Петрайя"", ""type_qid"": ""Q92755865"", ""type_ru"": ""религиозный музей""}","{""country_ru"": ""Италия"", ""kind"": ""museum"", ""type_ru"": ""религиозный музей""}",,"Назови 3 музея, у которых владелец совпадает с владелецом музея «Галерея Боргезе», которые находятся в стране «Италия» и относятся к типу «религиозный музей». Не включай музей «Галерея Боргезе» в ответ."
museums_l4_1118,museums,L4,museums_L4_same_city_as_seed+type,"{""bridge"": ""same_city_as_seed"", ""seed_city_qid"": ""Q51175"", ""seed_city_ru"": ""Санта-Мария-Новелла"", ""source_dataset"": ""wikidata"", ""target_probe_qid"": ""Q1200696"", ""target_probe_ru"": ""Опера-дель-Дуомо"", ""type_qid"": ""Q207694"", ""type_ru"": ""художественный музей""}","{""city_ru"": ""Санта-Мария-Новелла"", ""kind"": ""museum"", ""type_ru"": ""художественный музей""}",,"Назови 3 музея, расположенных в той же административной единице или городе, что и «Санта-Мария-Новелла», и относящихся к типу «художественный музей». Не включай музей «Санта-Мария-Новелла» в ответ."
museums_l4_1120,museums,L4,museums_stable_L4_same_country_seed+type+period,"{""bridge"": ""same_country_as_seed+type+period"", ""seed_country_qid"": ""Q694490"", ""seed_country_ru"": ""Музей духов"", ""source_dataset"": ""wikidata"", ""type_qid"": ""Q1475403"", ""type_ru"": ""Кунстхалле"", ""year_from"": 1950, ""year_to"": 1999}","{""kind"": ""museum"", ""type_ru"": ""Кунстхалле"", ""year_from"": 1950, ""year_to"": 1999}",,"Назови 2 музея, находящихся в той же стране, что и «Музей духов», относящихся к типу «Кунстхалле» и основанных в период 1950–1999 годов. Не включай музей «Музей духов» в ответ."
museums_l4_1122,museums,L4,museums_stable_L4_same_country_seed+type+period,"{""bridge"": ""same_country_as_seed+type+period"", ""seed_country_qid"": ""Q12168040"", ""seed_country_ru"": ""Хустский краеведческий музей"", ""source_dataset"": ""wikidata"", ""type_qid"": ""Q1595639"", ""type_ru"": ""краеведческий музей"", ""year_from"": 1900, ""year_to"": 1949}","{""kind"": ""museum"", ""type_ru"": ""краеведческий музей"", ""year_from"": 1900, ""year_to"": 1949}",,"Назови 2 музея, находящихся в той же стране, что и «Хустский краеведческий музей», относящихся к типу «краеведческий музей» и основанных в период 1900–1949 годов. Не включай музей «Хустский краеведческий музей» в ответ."
museums_l4_1124,museums,L4,museums_stable_L4_same_country_seed+type+period,"{""bridge"": ""same_country_as_seed+type+period"", ""seed_country_qid"": ""Q12114533"", ""seed_country_ru"": ""Кременчугский краеведческий музей"", ""source_dataset"": ""wikidata"", ""type_qid"": ""Q1595639"", ""type_ru"": ""краеведческий музей"", ""year_from"": 1900, ""year_to"": 1949}","{""kind"": ""museum"", ""type_ru"": ""краеведческий музей"", ""year_from"": 1900, ""year_to"": 1949}",,"Назови 2 музея, находящихся в той же стране, что и «Кременчугский краеведческий музей», относящихся к типу «краеведческий музей» и основанных в период 1900–1949 годов. Не включай музей «Кременчугский краеведческий музей» в ответ."
museums_l4_1126,museums,L4,museums_stable_L4_same_country_seed+type+period,"{""bridge"": ""same_country_as_seed+type+period"", ""seed_country_qid"": ""Q1094986"", ""seed_country_ru"": ""Палаццо Альтемпс"", ""source_dataset"": ""wikidata"", ""type_qid"": ""Q740437"", ""type_ru"": ""Пинакотека"", ""year_from"": 1200, ""year_to"": 1799}","{""kind"": ""museum"", ""type_ru"": ""Пинакотека"", ""year_from"": 1799, ""year_to"": 1799}",,"Назови 2 музея, находящихся в той же стране, что и «Палаццо Альтемпс», относящихся к типу «Пинакотека» и основанных в период 1200–1799 годов. Не включай музей «Палаццо Альтемпс» в ответ."
museums_l4_1128,museums,L4,museums_stable_L4_same_country_seed+type+period,"{""bridge"": ""same_country_as_seed+type+period"", ""seed_country_qid"": ""Q449280"", ""seed_country_ru"": ""Фридерицианум"", ""source_dataset"": ""wikidata"", ""type_qid"": ""Q1475403"", ""type_ru"": ""Кунстхалле"", ""year_from"": 1950, ""year_to"": 1999}","{""kind"": ""museum"", ""type_ru"": ""Кунстхалле"", ""year_from"": 1950, ""year_to"": 1999}",,"Назови 2 музея, находящихся в той же стране, что и «Фридерицианум», относящихся к типу «Кунстхалле» и основанных в период 1950–1999 годов. Не включай музей «Фридерицианум» в ответ."
museums_l4_1130,museums,L4,museums_stable_L4_same_country_seed+type+period,"{""bridge"": ""same_country_as_seed+type+period"", ""seed_country_qid"": ""Q13028852"", ""seed_country_ru"": ""Брестский областной краеведческий музей"", ""source_dataset"": ""wikidata"", ""type_qid"": ""Q1595639"", ""type_ru"": ""краеведческий музей"", ""year_from"": 1950, ""year_to"": 1999}","{""kind"": ""museum"", ""type_ru"": ""краеведческий музей"", ""year_from"": 1950, ""year_to"": 1999}",,"Назови 2 музея, находящихся в той же стране, что и «Брестский областной краеведческий музей», относящихся к типу «краеведческий музей» и основанных в период 1950–1999 годов. Не включай музей «Брестский областной краеведческий музей» в ответ."
museums_l4_1132,museums,L4,museums_stable_L4_same_city_seed+type,"{""bridge"": ""same_city_as_seed+type"", ""seed_city_qid"": ""Q704933"", ""seed_city_ru"": ""Дом культур мира"", ""source_dataset"": ""wikidata"", ""type_qid"": ""Q207694"", ""type_ru"": ""художественный музей""}","{""city_ru"": ""Дом культур мира"", ""kind"": ""museum"", ""type_ru"": ""художественный музей""}",,"Назови 2 музея, расположенных в той же административной единице или городе, что и «Дом культур мира», и относящихся к типу «художественный музей». Не включай музей «Дом культур мира» в ответ."
museums_l5_1126,museums,L5,museums_stable_L5_country_seedA+type_seedB+period,"{""bridge"": ""country_from_seedA_type_from_seedB_period"", ""seed_country_qid"": ""Q5377018"", ""seed_country_ru"": ""Музей энергетики и техники"", ""seed_type_qid"": ""Q12660817"", ""seed_type_ru"": ""Парк скульптур в Клайпеде"", ""source_dataset"": ""wikidata"", ""year_from"": 2000, ""year_to"": 2026}","{""kind"": ""museum"", ""type_ru"": ""Парк скульптур в Клайпеде"", ""year_from"": 2000, ""year_to"": 2026}",,"Назови 1 музей, который находится в той же стране, что и «Музей энергетики и техники», относится к тому же типу, что и «Парк скульптур в Клайпеде», и был основан в период 2000–2026 годов. Не включай музеи «Музей энергетики и техники» и «Парк скульптур в Клайпеде» в ответ."
museums_l5_1128,museums,L5,museums_stable_L5_country_seedA+type_seedB+period,"{""bridge"": ""country_from_seedA_type_from_seedB_period"", ""seed_country_qid"": ""Q1094332"", ""seed_country_ru"": ""Музей иммиграции"", ""seed_type_qid"": ""Q5445032"", ""seed_type_ru"": ""Музей естественной истории Фернбанк"", ""source_dataset"": ""wikidata"", ""year_from"": 1800, ""year_to"": 1899}","{""kind"": ""museum"", ""type_ru"": ""Музей естественной истории Фернбанк"", ""year_from"": 1800, ""year_to"": 1899}",,"Назови 1 музей, который находится в той же стране, что и «Музей иммиграции», относится к тому же типу, что и «Музей естественной истории Фернбанк», и был основан в период 1800–1899 годов. Не включай музеи «Музей иммиграции» и «Музей естественной истории Фернбанк» в ответ."
museums_l5_1130,museums,L5,museums_stable_L5_country_seedA+type_seedB+period,"{""bridge"": ""country_from_seedA_type_from_seedB_period"", ""seed_country_qid"": ""Q4351545"", ""seed_country_ru"": ""Пермский краеведческий музей"", ""seed_type_qid"": ""Q16689921"", ""seed_type_ru"": ""Изюмский краеведческий музей имени Н.В. Сибилёва"", ""source_dataset"": ""wikidata"", ""year_from"": 1800, ""year_to"": 1899}","{""kind"": ""museum"", ""type_ru"": ""Изюмский краеведческий музей имени Н.В. Сибилёва"", ""year_from"": 1800, ""year_to"": 1899}",,"Назови 1 музей, который находится в той же стране, что и «Пермский краеведческий музей», относится к тому же типу, что и «Изюмский краеведческий музей имени Н.В. Сибилёва», и был основан в период 1800–1899 годов. Не включай музеи «Пермский краеведческий музей» и «Изюмский краеведческий музей имени Н.В. Сибилёва» в ответ."
museums_l5_1132,museums,L5,museums_stable_L5_country_seedA+type_seedB+period,"{""bridge"": ""country_from_seedA_type_from_seedB_period"", ""seed_country_qid"": ""Q758657"", ""seed_country_ru"": ""Оклендский военно-исторический музей"", ""seed_type_qid"": ""Q1580885"", ""seed_type_ru"": ""Брерская астрономическая обсерватория"", ""source_dataset"": ""wikidata"", ""year_from"": 1950, ""year_to"": 1999}","{""kind"": ""museum"", ""type_ru"": ""Брерская астрономическая обсерватория"", ""year_from"": 1950, ""year_to"": 1999}",,"Назови 1 музей, который находится в той же стране, что и «Оклендский военно-исторический музей», относится к тому же типу, что и «Брерская астрономическая обсерватория», и был основан в период 1950–1999 годов. Не включай музеи «Оклендский военно-исторический музей» и «Брерская астрономическая обсерватория» в ответ."
museums_l5_1134,museums,L5,museums_stable_L5_country_seedA+type_seedB+period,"{""bridge"": ""country_from_seedA_type_from_seedB_period"", ""seed_country_qid"": ""Q345276"", ""seed_country_ru"": ""Лазенковский дворец"", ""seed_type_qid"": ""Q121133495"", ""seed_type_ru"": ""Сад скульптур (Хайфа)"", ""source_dataset"": ""wikidata"", ""year_from"": 1800, ""year_to"": 1899}","{""kind"": ""museum"", ""type_ru"": ""Сад скульптур (Хайфа)"", ""year_from"": 1800, ""year_to"": 1899}",,"Назови 1 музей, который находится в той же стране, что и «Лазенковский дворец», относится к тому же типу, что и «Сад скульптур (Хайфа)», и был основан в период 1800–1899 годов. Не включай музеи «Лазенковский дворец» и «Сад скульптур (Хайфа)» в ответ."
museums_l5_1136,museums,L5,museums_stable_L5_country_seedA+type_seedB+period,"{""bridge"": ""country_from_seedA_type_from_seedB_period"", ""seed_country_qid"": ""Q1427503"", ""seed_country_ru"": ""Золотые ворота"", ""seed_type_qid"": ""Q3330552"", ""seed_type_ru"": ""Донецкий краеведческий музей"", ""source_dataset"": ""wikidata"", ""year_from"": 1900, ""year_to"": 1949}","{""kind"": ""museum"", ""type_ru"": ""Донецкий краеведческий музей"", ""year_from"": 1900, ""year_to"": 1949}",,"Назови 1 музей, который находится в той же стране, что и «Золотые ворота», относится к тому же типу, что и «Донецкий краеведческий музей», и был основан в период 1900–1949 годов. Не включай музеи «Золотые ворота» и «Донецкий краеведческий музей» в ответ."
museums_l5_1138,museums,L5,museums_stable_L5_country_seedA+type_seedB+period,"{""bridge"": ""country_from_seedA_type_from_seedB_period"", ""seed_country_qid"": ""Q1954491"", ""seed_country_ru"": ""Музей города Кёнигсберг"", ""seed_type_qid"": ""Q4689069"", ""seed_type_ru"": ""Афганфильм"", ""source_dataset"": ""wikidata"", ""year_from"": 1950, ""year_to"": 1999}","{""city_ru"": ""Афганфильм"", ""kind"": ""museum"", ""type_ru"": ""Афганфильм"", ""year_from"": 1950, ""year_to"": 1999}",,"Назови 1 музей, который находится в той же стране, что и «Музей города Кёнигсберг», относится к тому же типу, что и «Афганфильм», и был основан в период 1950–1999 годов. Не включай музеи «Музей города Кёнигсберг» и «Афганфильм» в ответ."
museums_l5_1140,museums,L5,museums_stable_L5_country_seedA+type_seedB+period,"{""bridge"": ""country_from_seedA_type_from_seedB_period"", ""seed_country_qid"": ""Q12123475"", ""seed_country_ru"": ""Миргородский историко-краеведческий музей"", ""seed_type_qid"": ""Q4328344"", ""seed_type_ru"": ""Ньюарк-хаузес"", ""source_dataset"": ""wikidata"", ""year_from"": 1900, ""year_to"": 1949}","{""kind"": ""museum"", ""type_ru"": ""Ньюарк-хаузес"", ""year_from"": 1900, ""year_to"": 1949}",,"Назови 1 музей, который находится в той же стране, что и «Миргородский историко-краеведческий музей», относится к тому же типу, что и «Ньюарк-хаузес», и был основан в период 1900–1949 годов. Не включай музеи «Миргородский историко-краеведческий музей» и «Ньюарк-хаузес» в ответ."
museums_l5_1142,museums,L5,museums_stable_L5_country_seedA+type_seedB+period,"{""bridge"": ""country_from_seedA_type_from_seedB_period"", ""seed_country_qid"": ""Q2388438"", ""seed_country_ru"": ""железнодорожная линия Данидин"", ""seed_type_qid"": ""Q1232436"", ""seed_type_ru"": ""Панорама «Оборона Севастополя»"", ""source_dataset"": ""wikidata"", ""year_from"": 1800, ""year_to"": 1899}","{""kind"": ""museum"", ""type_ru"": ""Панорама «Оборона Севастополя"", ""year_from"": 1800, ""year_to"": 1899}",,"Назови 1 музей, который находится в той же стране, что и «железнодорожная линия Данидин», относится к тому же типу, что и «Панорама «Оборона Севастополя»», и был основан в период 1800–1899 годов. Не включай музеи «железнодорожная линия Данидин» и «Панорама «Оборона Севастополя»» в ответ."
museums_l5_1144,museums,L5,museums_stable_L5_country_seedA+type_seedB+period,"{""bridge"": ""country_from_seedA_type_from_seedB_period"", ""seed_country_qid"": ""Q2364733"", ""seed_country_ru"": ""USS Massachusetts (BB-59)"", ""seed_type_qid"": ""Q256777"", ""seed_type_ru"": ""Фонд НМАК"", ""source_dataset"": ""wikidata"", ""year_from"": 1800, ""year_to"": 1899}","{""kind"": ""museum"", ""type_ru"": ""Фонд НМАК"", ""year_from"": 1800, ""year_to"": 1899}",,"Назови 1 музей, который находится в той же стране, что и «USS Massachusetts (BB-59)», относится к тому же типу, что и «Фонд НМАК», и был основан в период 1800–1899 годов. Не включай музеи «USS Massachusetts (BB-59)» и «Фонд НМАК» в ответ."
paintings_l5_1081,paintings,L5,genre_creator_collection_year,"{""collection_country_qid"": null, ""collection_country_ru"": null, ""collection_qid"": ""Q1276338"", ""collection_ru"": ""Кэбл-колледж"", ""creator_country_qid"": null, ""creator_country_ru"": null, ""creator_qid"": ""Q211763"", ""creator_ru"": ""Уильям Холман Хант"", ""depicts_qid"": null, ""depicts_ru"": null, ""genre_qid"": ""Q2864737"", ""genre_ru"": ""религиозное искусство"", ""material_qid"": null, ""material_ru"": null, ""mode"": ""genre_creator_collection_year"", ""movement_qid"": null, ""movement_ru"": null, ""source_dataset"": ""wikidata"", ""year_from"": 1800, ""year_to"": 1899}","{""collection_ru"": ""Кэбл-колледж"", ""creator_ru"": ""Уильям Холман Хант"", ""genre_ru"": ""религиозное искусство"", ""kind"": ""painting"", ""year_from"": 1800, ""year_to"": 1899}",,"Назови 3 картин, которые относятся к жанру «религиозное искусство», созданы художником Уильям Холман Хант, хранятся в коллекции «Кэбл-колледж», созданы в период 1800–1899."
paintings_l5_1083,paintings,L5,creator_collection_country_year,"{""collection_country_qid"": ""Q183"", ""collection_country_ru"": ""Германия"", ""collection_qid"": ""Q165631"", ""collection_ru"": ""Берлинская картинная галерея"", ""creator_country_qid"": null, ""creator_country_ru"": null, ""creator_qid"": ""Q41264"", ""creator_ru"": ""Ян Вермеер"", ""depicts_qid"": null, ""depicts_ru"": null, ""genre_qid"": null, ""genre_ru"": null, ""material_qid"": null, ""material_ru"": null, ""mode"": ""creator_collection_country_year"", ""movement_qid"": null, ""movement_ru"": null, ""source_dataset"": ""wikidata"", ""year_from"": 1600, ""year_to"": 1799}","{""collection_ru"": ""Берлинская картинная галерея"", ""creator_ru"": ""Ян Вермеер"", ""kind"": ""painting"", ""year_from"": 1600, ""year_to"": 1799}",,"Назови 2 картины, которые созданы художником Ян Вермеер, хранятся в коллекции «Берлинская картинная галерея», расположенной в стране «Германия», созданы в период 1600–1799."
paintings_l5_1085,paintings,L5,genre_creator_country_year,"{""collection_country_qid"": ""Q38"", ""collection_country_ru"": ""Италия"", ""collection_qid"": null, ""collection_ru"": null, ""creator_country_qid"": null, ""creator_country_ru"": null, ""creator_qid"": ""Q9440"", ""creator_ru"": ""Паоло Веронезе"", ""depicts_qid"": null, ""depicts_ru"": null, ""genre_qid"": ""Q2839016"", ""genre_ru"": ""аллегория"", ""material_qid"": null, ""material_ru"": null, ""mode"": ""genre_creator_country_year"", ""movement_qid"": null, ""movement_ru"": null, ""source_dataset"": ""wikidata"", ""year_from"": 1400, ""year_to"": 1599}","{""collection_ru"": ""Италия"", ""creator_ru"": ""Паоло Веронезе"", ""genre_ru"": ""аллегория"", ""kind"": ""painting"", ""year_from"": 1400, ""year_to"": 1599}",,"Назови картину, которые относятся к жанру «аллегория», созданы художником Паоло Веронезе, хранятся в коллекции или музее в стране «Италия», созданы в период 1400–1599."
paintings_l5_1087,paintings,L5,genre_creator_collection_year,"{""collection_country_qid"": null, ""collection_country_ru"": null, ""collection_qid"": ""Q3044768"", ""collection_ru"": ""Отдел живописи Лувра"", ""creator_country_qid"": null, ""creator_country_ru"": null, ""creator_qid"": ""Q2211325"", ""creator_ru"": ""Жакмар де Эсден"", ""depicts_qid"": null, ""depicts_ru"": null, ""genre_qid"": ""Q2864737"", ""genre_ru"": ""религиозное искусство"", ""material_qid"": null, ""material_ru"": null, ""mode"": ""genre_creator_collection_year"", ""movement_qid"": null, ""movement_ru"": null, ""source_dataset"": ""wikidata"", ""year_from"": 1400, ""year_to"": 1599}","{""collection_ru"": ""Отдел живописи Лувра"", ""creator_ru"": ""Жакмар де Эсден"", ""genre_ru"": ""религиозное искусство"", ""kind"": ""painting"", ""year_from"": 1400, ""year_to"": 1599}",,"Назови картину, которые относятся к жанру «религиозное искусство», созданы художником Жакмар де Эсден, хранятся в коллекции «Отдел живописи Лувра», созданы в период 1400–1599."
paintings_l5_1089,paintings,L5,genre_creator_collection_year,"{""collection_country_qid"": null, ""collection_country_ru"": null, ""collection_qid"": ""Q198347"", ""collection_ru"": ""Исторический музей"", ""creator_country_qid"": null, ""creator_country_ru"": null, ""creator_qid"": ""Q154338"", ""creator_ru"": ""Маттиас Грюневальд"", ""depicts_qid"": null, ""depicts_ru"": null, ""genre_qid"": ""Q2864737"", ""genre_ru"": ""религиозное искусство"", ""material_qid"": null, ""material_ru"": null, ""mode"": ""genre_creator_collection_year"", ""movement_qid"": null, ""movement_ru"": null, ""source_dataset"": ""wikidata"", ""year_from"": 1400, ""year_to"": 1599}","{""collection_ru"": ""Исторический музей"", ""creator_ru"": ""Маттиас Грюневальд"", ""genre_ru"": ""религиозное искусство"", ""kind"": ""painting"", ""year_from"": 1400, ""year_to"": 1599}",,"Назови 3 картин, которые относятся к жанру «религиозное искусство», созданы художником Маттиас Грюневальд, хранятся в коллекции «Исторический музей», созданы в период 1400–1599."
paintings_l5_1093,paintings,L5,genre_creator_collection_year,"{""collection_country_qid"": null, ""collection_country_ru"": null, ""collection_qid"": ""Q95569"", ""collection_ru"": ""Музей истории искусств"", ""creator_country_qid"": null, ""creator_country_ru"": null, ""creator_qid"": ""Q215251"", ""creator_ru"": ""Хуго ван дер Гус"", ""depicts_qid"": null, ""depicts_ru"": null, ""genre_qid"": ""Q2864737"", ""genre_ru"": ""религиозное искусство"", ""material_qid"": null, ""material_ru"": null, ""mode"": ""genre_creator_collection_year"", ""movement_qid"": null, ""movement_ru"": null, ""source_dataset"": ""wikidata"", ""year_from"": 1400, ""year_to"": 1599}","{""collection_ru"": ""Музей истории искусств"", ""creator_ru"": ""Хуго ван дер Гус"", ""genre_ru"": ""религиозное искусство"", ""kind"": ""painting"", ""year_from"": 1400, ""year_to"": 1599}",,"Назови 3 картин, которые относятся к жанру «религиозное искусство», созданы художником Хуго ван дер Гус, хранятся в коллекции «Музей истории искусств», созданы в период 1400–1599."
paintings_l5_1095,paintings,L5,creator_collection_country_year,"{""collection_country_qid"": ""Q38"", ""collection_country_ru"": ""Италия"", ""collection_qid"": ""Q271928"", ""collection_ru"": ""Палаццо Веккьо"", ""creator_country_qid"": null, ""creator_country_ru"": null, ""creator_qid"": ""Q762"", ""creator_ru"": ""Леонардо да Винчи"", ""depicts_qid"": null, ""depicts_ru"": null, ""genre_qid"": null, ""genre_ru"": null, ""material_qid"": null, ""material_ru"": null, ""mode"": ""creator_collection_country_year"", ""movement_qid"": null, ""movement_ru"": null, ""source_dataset"": ""wikidata"", ""year_from"": 1400, ""year_to"": 1599}","{""collection_ru"": ""Палаццо Веккьо"", ""creator_ru"": ""Леонардо да Винчи"", ""kind"": ""painting"", ""year_from"": 1400, ""year_to"": 1599}",,"Назови 3 картин, которые созданы художником Леонардо да Винчи, хранятся в коллекции «Палаццо Веккьо», расположенной в стране «Италия», созданы в период 1400–1599."
paintings_l5_1097,paintings,L5,creator_collection_country_year,"{""collection_country_qid"": ""Q145"", ""collection_country_ru"": ""Великобритания"", ""collection_qid"": ""Q180788"", ""collection_ru"": ""Лондонская национальная галерея"", ""creator_country_qid"": null, ""creator_country_ru"": null, ""creator_qid"": ""Q434575"", ""creator_ru"": ""Артур Хьюз"", ""depicts_qid"": null, ""depicts_ru"": null, ""genre_qid"": null, ""genre_ru"": null, ""material_qid"": null, ""material_ru"": null, ""mode"": ""creator_collection_country_year"", ""movement_qid"": null, ""movement_ru"": null, ""source_dataset"": ""wikidata"", ""year_from"": 1800, ""year_to"": 1899}","{""collection_ru"": ""Лондонская национальная галерея"", ""creator_ru"": ""Артур Хьюз"", ""kind"": ""painting"", ""year_from"": 1800, ""year_to"": 1899}",,"Назови 3 картин, которые созданы художником Артур Хьюз, хранятся в коллекции «Лондонская национальная галерея», расположенной в стране «Великобритания», созданы в период 1800–1899."
paintings_l4_1080,paintings,L4,genre_creator_year,"{""collection_country_qid"": null, ""collection_country_ru"": null, ""collection_qid"": null, ""collection_ru"": null, ""creator_country_qid"": null, ""creator_country_ru"": null, ""creator_qid"": ""Q727637"", ""creator_ru"": ""Войцех Коссак"", ""depicts_qid"": null, ""depicts_ru"": null, ""genre_qid"": ""Q41363"", ""genre_ru"": ""панорама"", ""material_qid"": null, ""material_ru"": null, ""mode"": ""genre_creator_year"", ""movement_qid"": null, ""movement_ru"": null, ""source_dataset"": ""wikidata"", ""year_from"": 1800, ""year_to"": 1899}","{""creator_ru"": ""Войцех Коссак"", ""genre_ru"": ""панорама"", ""kind"": ""painting"", ""year_from"": 1800, ""year_to"": 1899}",,"Назови 4 картин, которые относятся к жанру «панорама», созданы художником Войцех Коссак, созданы в период 1800–1899."
paintings_l4_1082,paintings,L4,genre_creator_year,"{""collection_country_qid"": null, ""collection_country_ru"": null, ""collection_qid"": null, ""collection_ru"": null, ""creator_country_qid"": null, ""creator_country_ru"": null, ""creator_qid"": ""Q45208753"", ""creator_ru"": ""Франческо Босолетти"", ""depicts_qid"": null, ""depicts_ru"": null, ""genre_qid"": ""Q557141"", ""genre_ru"": ""паблик-арт"", ""material_qid"": null, ""material_ru"": null, ""mode"": ""genre_creator_year"", ""movement_qid"": null, ""movement_ru"": null, ""source_dataset"": ""wikidata"", ""year_from"": 1900, ""year_to"": 2024}","{""creator_ru"": ""Франческо Босолетти"", ""genre_ru"": ""паблик-арт"", ""kind"": ""painting"", ""year_from"": 1900, ""year_to"": 2024}",,"Назови 4 картин, которые относятся к жанру «паблик-арт», созданы художником Франческо Босолетти, созданы в период 1900–2024."
paintings_l5_1082,paintings,L5,genre_creator_depicts_year,"{""collection_country_qid"": null, ""collection_country_ru"": null, ""collection_qid"": null, ""collection_ru"": null, ""creator_country_qid"": null, ""creator_country_ru"": null, ""creator_qid"": ""Q1375268"", ""creator_ru"": ""Ян Вильденс"", ""depicts_qid"": ""Q154425"", ""depicts_ru"": ""палец стопы"", ""genre_qid"": ""Q3374376"", ""genre_ru"": ""мифологическая живопись"", ""material_qid"": null, ""material_ru"": null, ""mode"": ""genre_creator_depicts_year"", ""movement_qid"": null, ""movement_ru"": null, ""source_dataset"": ""wikidata"", ""year_from"": 1600, ""year_to"": 1799}","{""creator_ru"": ""Ян Вильденс"", ""depicts_ru"": ""палец стопы"", ""genre_ru"": ""мифологическая живопись"", ""kind"": ""painting"", ""year_from"": 1600, ""year_to"": 1799}",,"Назови 3 картин, которые относятся к жанру «мифологическая живопись», созданы художником Ян Вильденс, изображают «палец стопы», созданы в период 1600–1799."
paintings_l5_1084,paintings,L5,genre_creator_movement_year,"{""collection_country_qid"": null, ""collection_country_ru"": null, ""collection_qid"": null, ""collection_ru"": null, ""creator_country_qid"": null, ""creator_country_ru"": null, ""creator_qid"": ""Q923415"", ""creator_ru"": ""Ян Станиславский"", ""depicts_qid"": null, ""depicts_ru"": null, ""genre_qid"": ""Q41363"", ""genre_ru"": ""панорама"", ""material_qid"": null, ""material_ru"": null, ""mode"": ""genre_creator_movement_year"", ""movement_qid"": ""Q277466"", ""movement_ru"": ""историзм"", ""source_dataset"": ""wikidata"", ""year_from"": 1800, ""year_to"": 1899}","{""creator_ru"": ""Ян Станиславский"", ""genre_ru"": ""панорама"", ""kind"": ""painting"", ""movement_ru"": ""историзм"", ""year_from"": 1800, ""year_to"": 1899}",,"Назови 3 картин, которые относятся к жанру «панорама», связаны с художественным направлением «историзм», созданы художником Ян Станиславский, созданы в период 1800–1899."
zero_gold_zero_cinema_101,cinema,zero_gold,,"{""_source_record"": {""domain"": ""cinema"", ""gold_answer_labels_ru"": [], ""gold_answer_qids"": [], ""id"": ""zero_cinema_101"", ""no_answer_reason"": ""Номинация или победа за звуковой монтаж в сочетании с полным отсутствием реплик и ранним периодом образует заведомо пустое пересечение."", ""no_answer_type"": ""mutually_exclusive_filters"", ""query_text_ru"": ""Назови 5 фильмов, выпущенных в 1928–1934 годах, которые получили «Оскар» за лучший звуковой монтаж и при этом не содержат ни одной разговорной реплики.""}, ""source_dataset"": ""zero_gold""}","{""kind"": ""film"", ""year_from"": 1928, ""year_to"": 1934}",,"Назови 5 фильмов, выпущенных в 1928–1934 годах, которые получили «Оскар» за лучший звуковой монтаж и при этом не содержат ни одной разговорной реплики."
zero_gold_zero_cinema_102,cinema,zero_gold,,"{""_source_record"": {""domain"": ""cinema"", ""gold_answer_labels_ru"": [], ""gold_answer_qids"": [], ""id"": ""zero_cinema_102"", ""no_answer_reason"": ""Оригинальные проекты Netflix относятся к существенно более позднему периоду."", ""no_answer_type"": ""historical_impossibility"", ""query_text_ru"": ""Подбери 5 сериалов, у которых первый сезон вышел до 1980 года, при этом сериал является оригинальным проектом Netflix и ни один сезон не выходил после 1985 года.""}, ""source_dataset"": ""zero_gold""}","{""kind"": ""film"", ""year_from"": 1980, ""year_to"": 1980}",,"Подбери 5 сериалов, у которых первый сезон вышел до 1980 года, при этом сериал является оригинальным проектом Netflix и ни один сезон не выходил после 1985 года."
zero_gold_zero_cinema_103,cinema,zero_gold,,"{""_source_record"": {""domain"": ""cinema"", ""gold_answer_labels_ru"": [], ""gold_answer_qids"": [], ""id"": ""zero_cinema_103"", ""no_answer_reason"": ""Условия на автора первоисточника и период выпуска несовместимы."", ""no_answer_type"": ""temporal_impossibility"", ""query_text_ru"": ""Назови 5 документальных фильмов, основанных на романе Джоан Роулинг, выпущенных до 1995 года и получивших премию BAFTA за лучший британский фильм.""}, ""source_dataset"": ""zero_gold""}","{""kind"": ""film"", ""year_from"": 1995, ""year_to"": 1995}",,"Назови 5 документальных фильмов, основанных на романе Джоан Роулинг, выпущенных до 1995 года и получивших премию BAFTA за лучший британский фильм."
zero_gold_zero_cinema_104,cinema,zero_gold,,"{""_source_record"": {""domain"": ""cinema"", ""gold_answer_labels_ru"": [], ""gold_answer_qids"": [], ""id"": ""zero_cinema_104"", ""no_answer_reason"": ""Современный композитор и заданный исторический период несовместимы."", ""no_answer_type"": ""temporal_impossibility"", ""query_text_ru"": ""Подбери 5 анимационных фильмов, где композитор также писал музыку к фильму «Оппенгеймер», а дата выхода самого фильма находится в диапазоне 1940–1955 годов.""}, ""source_dataset"": ""zero_gold""}","{""kind"": ""film"", ""year_from"": 1940, ""year_to"": 1955}",,"Подбери 5 анимационных фильмов, где композитор также писал музыку к фильму «Оппенгеймер», а дата выхода самого фильма находится в диапазоне 1940–1955 годов."
zero_gold_zero_cinema_106,cinema,zero_gold,,"{""_source_record"": {""domain"": ""cinema"", ""gold_answer_labels_ru"": [], ""gold_answer_qids"": [], ""id"": ""zero_cinema_106"", ""no_answer_reason"": ""Режиссёр, родившийся после 2000 года, не мог снять фильм, вышедший до 1980 года."", ""no_answer_type"": ""temporal_impossibility"", ""query_text_ru"": ""Подбери 5 художественных фильмов, экранизирующих роман XIX века, при этом режиссёр родился после 2000 года, а фильм выпущен до 1980 года.""}, ""source_dataset"": ""zero_gold""}","{""kind"": ""film"", ""year_from"": 2000, ""year_to"": 2000}",,"Подбери 5 художественных фильмов, экранизирующих роман XIX века, при этом режиссёр родился после 2000 года, а фильм выпущен до 1980 года."
zero_gold_zero_cinema_107,cinema,zero_gold,,"{""_source_record"": {""domain"": ""cinema"", ""gold_answer_labels_ru"": [], ""gold_answer_qids"": [], ""id"": ""zero_cinema_107"", ""no_answer_reason"": ""Для обычного сериального производства такое сочетание длины эпизода и числа сезонов практически нереалистично."", ""no_answer_type"": ""empty_intersection"", ""query_text_ru"": ""Назови 5 сериалов, у которых есть хотя бы 8 сезонов, но при этом ни одного эпизода длительностью более 2 минут.""}, ""source_dataset"": ""zero_gold""}","{""kind"": ""film""}",,"Назови 5 сериалов, у которых есть хотя бы 8 сезонов, но при этом ни одного эпизода длительностью более 2 минут."
zero_gold_zero_cinema_110,cinema,zero_gold,,"{""_source_record"": {""domain"": ""cinema"", ""gold_answer_labels_ru"": [], ""gold_answer_qids"": [], ""id"": ""zero_cinema_110"", ""no_answer_reason"": ""Номинация и технологический уровень премии несовместимы с таким ранним периодом."", ""no_answer_type"": ""temporal_impossibility"", ""query_text_ru"": ""Подбери 5 фильмов, получивших «Оскар» за лучшие визуальные эффекты, дата выхода которых раньше 1920 года, а страной производства указана только Япония.""}, ""source_dataset"": ""zero_gold""}","{""kind"": ""film"", ""year_from"": 1920, ""year_to"": 1920}",,"Подбери 5 фильмов, получивших «Оскар» за лучшие визуальные эффекты, дата выхода которых раньше 1920 года, а страной производства указана только Япония."
zero_gold_zero_cinema_111,cinema,zero_gold,,"{""_source_record"": {""domain"": ""cinema"", ""gold_answer_labels_ru"": [], ""gold_answer_qids"": [], ""id"": ""zero_cinema_111"", ""no_answer_reason"": ""Сочетание строго женского состава и такого жёсткого сюжетного условия делает пересечение практически пустым."", ""no_answer_type"": ""empty_intersection"", ""query_text_ru"": ""Назови 5 фильмов, где нет ни одного мужчины среди актёрского состава, но при этом в сюжете указана только мужская военная часть как единственное место действия.""}, ""source_dataset"": ""zero_gold""}","{""kind"": ""film""}",,"Назови 5 фильмов, где нет ни одного мужчины среди актёрского состава, но при этом в сюжете указана только мужская военная часть как единственное место действия."
zero_gold_zero_cinema_112,cinema,zero_gold,,"{""_source_record"": {""domain"": ""cinema"", ""gold_answer_labels_ru"": [], ""gold_answer_qids"": [], ""id"": ""zero_cinema_112"", ""no_answer_reason"": ""Стриминговая платформа Disney+ относится к современному периоду и несовместима с указанной датой первого сезона."", ""no_answer_type"": ""historical_impossibility"", ""query_text_ru"": ""Подбери 5 сериалов, снятых по мотивам комиксов Marvel, при этом первый сезон вышел до 1960 года и сериал изначально распространялся только через Disney+.""}, ""source_dataset"": ""zero_gold""}","{""kind"": ""film"", ""year_from"": 1960, ""year_to"": 1960}",,"Подбери 5 сериалов, снятых по мотивам комиксов Marvel, при этом первый сезон вышел до 1960 года и сериал изначально распространялся только через Disney+."
zero_gold_zero_cinema_113,cinema,zero_gold,,"{""_source_record"": {""domain"": ""cinema"", ""gold_answer_labels_ru"": [], ""gold_answer_qids"": [], ""id"": ""zero_cinema_113"", ""no_answer_reason"": ""Фильм 1990-х не может быть ремейком картины, вышедшей в 2019 году."", ""no_answer_type"": ""temporal_impossibility"", ""query_text_ru"": ""Назови 5 фильмов, которые одновременно являются ремейком картины 2019 года и были выпущены в 1990-х.""}, ""source_dataset"": ""zero_gold""}","{""kind"": ""film"", ""year_from"": 2019, ""year_to"": 2019}",,"Назови 5 фильмов, которые одновременно являются ремейком картины 2019 года и были выпущены в 1990-х."
zero_gold_zero_cinema_115,cinema,zero_gold,,"{""_source_record"": {""domain"": ""cinema"", ""gold_answer_labels_ru"": [], ""gold_answer_qids"": [], ""id"": ""zero_cinema_115"", ""no_answer_reason"": ""Современный оператор и исторический диапазон выпуска несовместимы."", ""no_answer_type"": ""temporal_impossibility"", ""query_text_ru"": ""Назови 5 художественных фильмов, где оператор также работал над фильмом «Барби», но сам фильм вышел до 1950 года и не подвергался восстановлению или повторному релизу после 1960 года.""}, ""source_dataset"": ""zero_gold""}","{""kind"": ""film"", ""year_from"": 1950, ""year_to"": 1950}",,"Назови 5 художественных фильмов, где оператор также работал над фильмом «Барби», но сам фильм вышел до 1950 года и не подвергался восстановлению или повторному релизу после 1960 года."
zero_gold_zero_cinema_116,cinema,zero_gold,,"{""_source_record"": {""domain"": ""cinema"", ""gold_answer_labels_ru"": [], ""gold_answer_qids"": [], ""id"": ""zero_cinema_116"", ""no_answer_reason"": ""Премия «Сезар» относится к гораздо более позднему периоду."", ""no_answer_type"": ""temporal_impossibility"", ""query_text_ru"": ""Подбери 5 фильмов, у которых страна производства — Франция, язык оригинала — японский, дата выхода — 1900–1920 годы, и есть награда «Сезар» за лучший фильм.""}, ""source_dataset"": ""zero_gold""}","{""country_ru"": ""производства — Франция"", ""kind"": ""film"", ""year_from"": 1900, ""year_to"": 1920}",,"Подбери 5 фильмов, у которых страна производства — Франция, язык оригинала — японский, дата выхода — 1900–1920 годы, и есть награда «Сезар» за лучший фильм."
zero_gold_zero_cinema_121,cinema,zero_gold,,"{""_source_record"": {""domain"": ""cinema"", ""gold_answer_labels_ru"": [], ""gold_answer_qids"": [], ""id"": ""zero_cinema_121"", ""no_answer_reason"": ""Использование персонажа из корпуса Агаты Кристи обычно требует формы адаптации или связанной производной работы."", ""no_answer_type"": ""mutually_exclusive_filters"", ""query_text_ru"": ""Назови 5 фильмов, где есть хотя бы один персонаж из романов Агаты Кристи, но фильм не является экранизацией, ремейком, продолжением, адаптацией или свободной интерпретацией какого-либо произведения Агаты Кристи.""}, ""source_dataset"": ""zero_gold""}","{""kind"": ""film""}",,"Назови 5 фильмов, где есть хотя бы один персонаж из романов Агаты Кристи, но фильм не является экранизацией, ремейком, продолжением, адаптацией или свободной интерпретацией какого-либо произведения Агаты Кристи."
zero_gold_zero_cinema_122,cinema,zero_gold,,"{""_source_record"": {""domain"": ""cinema"", ""gold_answer_labels_ru"": [], ""gold_answer_qids"": [], ""id"": ""zero_cinema_122"", ""no_answer_reason"": ""Полнометражный формат противоречит такой экстремально малой длительности."", ""no_answer_type"": ""mutually_exclusive_filters"", ""query_text_ru"": ""Подбери 5 фильмов, у которых длительность меньше 5 минут, формат указан как полнометражный фильм, и есть прокатные сборы более 100 миллионов долларов.""}, ""source_dataset"": ""zero_gold""}","{""kind"": ""film""}",,"Подбери 5 фильмов, у которых длительность меньше 5 минут, формат указан как полнометражный фильм, и есть прокатные сборы более 100 миллионов долларов."
zero_gold_zero_cinema_123,cinema,zero_gold,,"{""_source_record"": {""domain"": ""cinema"", ""gold_answer_labels_ru"": [], ""gold_answer_qids"": [], ""id"": ""zero_cinema_123"", ""no_answer_reason"": ""Человек, умерший до 1900 года, не мог выступить режиссёром и сценаристом современного фильма."", ""no_answer_type"": ""temporal_impossibility"", ""query_text_ru"": ""Назови 5 фильмов, где режиссёр и сценарист — один и тот же человек, этот человек умер до 1900 года, а фильм вышел в 2000–2024 годах.""}, ""source_dataset"": ""zero_gold""}","{""kind"": ""film"", ""year_from"": 2000, ""year_to"": 2024}",,"Назови 5 фильмов, где режиссёр и сценарист — один и тот же человек, этот человек умер до 1900 года, а фильм вышел в 2000–2024 годах."
zero_gold_zero_cinema_124,cinema,zero_gold,,"{""_source_record"": {""domain"": ""cinema"", ""gold_answer_labels_ru"": [], ""gold_answer_qids"": [], ""id"": ""zero_cinema_124"", ""no_answer_reason"": ""Биографическая драма о реальном политике без человеческих персонажей образует заведомо невозможное сочетание."", ""no_answer_type"": ""mutually_exclusive_filters"", ""query_text_ru"": ""Подбери 5 фильмов, в которых нет ни одного персонажа-человека, но при этом фильм классифицирован как чистая биографическая драма о реально существовавшем политике.""}, ""source_dataset"": ""zero_gold""}","{""kind"": ""film""}",,"Подбери 5 фильмов, в которых нет ни одного персонажа-человека, но при этом фильм классифицирован как чистая биографическая драма о реально существовавшем политике."
zero_gold_zero_geo_201,geo,zero_gold,,"{""_source_record"": {""domain"": ""geo"", ""gold_answer_labels_ru"": [], ""gold_answer_qids"": [], ""id"": ""zero_geo_201"", ""no_answer_reason"": ""Гидрографические и региональные условия несовместимы."", ""no_answer_type"": ""hard_contradiction"", ""query_text_ru"": ""Назови 5 рек Европы, которые впадают в Тихий океан, при этом их исток находится в Альпах и они не пересекают территорию Азии.""}, ""source_dataset"": ""zero_gold""}","{""kind"": ""geo_object""}",,"Назови 5 рек Европы, которые впадают в Тихий океан, при этом их исток находится в Альпах и они не пересекают территорию Азии."
zero_gold_zero_geo_202,geo,zero_gold,,"{""_source_record"": {""domain"": ""geo"", ""gold_answer_labels_ru"": [], ""gold_answer_qids"": [], ""id"": ""zero_geo_202"", ""no_answer_reason"": ""Широтное положение и тип климата в сочетании с регионом несовместимы."", ""no_answer_type"": ""hard_contradiction"", ""query_text_ru"": ""Подбери 5 столиц государств Южной Америки, которые находятся севернее Северного полярного круга и при этом имеют тропический климат круглый год.""}, ""source_dataset"": ""zero_gold""}","{""kind"": ""geo_object""}",,"Подбери 5 столиц государств Южной Америки, которые находятся севернее Северного полярного круга и при этом имеют тропический климат круглый год."
zero_gold_zero_geo_203,geo,zero_gold,,"{""_source_record"": {""domain"": ""geo"", ""gold_answer_labels_ru"": [], ""gold_answer_qids"": [], ""id"": ""zero_geo_203"", ""no_answer_reason"": ""Территориальная принадлежность и соседство в такой комбинации невозможны."", ""no_answer_type"": ""hard_contradiction"", ""query_text_ru"": ""Назови 5 островов Средиземного моря, являющихся административной территорией Японии и имеющих сухопутную границу с Францией.""}, ""source_dataset"": ""zero_gold""}","{""kind"": ""island""}",,"Назови 5 островов Средиземного моря, являющихся административной территорией Японии и имеющих сухопутную границу с Францией."
zero_gold_zero_geo_204,geo,zero_gold,,"{""_source_record"": {""domain"": ""geo"", ""gold_answer_labels_ru"": [], ""gold_answer_qids"": [], ""id"": ""zero_geo_204"", ""no_answer_reason"": ""Гидрологические бассейны и указанные условия естественного стока несовместимы."", ""no_answer_type"": ""hard_contradiction"", ""query_text_ru"": ""Подбери 5 озёр Германии, у которых есть сток одновременно в Северное море и в бассейн Амазонки, при этом озеро не соединено каналами.""}, ""source_dataset"": ""zero_gold""}","{""kind"": ""sea""}",,"Подбери 5 озёр Германии, у которых есть сток одновременно в Северное море и в бассейн Амазонки, при этом озеро не соединено каналами."
zero_gold_zero_geo_205,geo,zero_gold,,"{""_source_record"": {""domain"": ""geo"", ""gold_answer_labels_ru"": [], ""gold_answer_qids"": [], ""id"": ""zero_geo_205"", ""no_answer_reason"": ""Климатические и типологические условия образуют практически невозможное пересечение."", ""no_answer_type"": ""empty_intersection"", ""query_text_ru"": ""Назови 5 пустынь, расположенных в пределах Амазонии, где среднегодовое количество осадков превышает 3000 мм и при этом официально классификация объекта — именно пустыня.""}, ""source_dataset"": ""zero_gold""}","{""kind"": ""desert""}",,"Назови 5 пустынь, расположенных в пределах Амазонии, где среднегодовое количество осадков превышает 3000 мм и при этом официально классификация объекта — именно пустыня."
zero_gold_zero_geo_206,geo,zero_gold,,"{""_source_record"": {""domain"": ""geo"", ""gold_answer_labels_ru"": [], ""gold_answer_qids"": [], ""id"": ""zero_geo_206"", ""no_answer_reason"": ""География России несовместима с прямым атлантическим побережьем в такой постановке."", ""no_answer_type"": ""hard_contradiction"", ""query_text_ru"": ""Подбери 5 городов России, которые являются морскими портами на побережье Атлантического океана и при этом не имеют выхода к каким-либо морям через другие государства.""}, ""source_dataset"": ""zero_gold""}","{""kind"": ""city""}",,"Подбери 5 городов России, которые являются морскими портами на побережье Атлантического океана и при этом не имеют выхода к каким-либо морям через другие государства."
zero_gold_zero_geo_207,geo,zero_gold,,"{""_source_record"": {""domain"": ""geo"", ""gold_answer_labels_ru"": [], ""gold_answer_qids"": [], ""id"": ""zero_geo_207"", ""no_answer_reason"": ""Гималаи и территория Японии несовместимы как местоположение одной и той же вершины."", ""no_answer_type"": ""hard_contradiction"", ""query_text_ru"": ""Назови 5 горных вершин Японии, находящихся в Гималаях, при этом вершина целиком расположена в пределах Японии и высота превышает 7000 метров.""}, ""source_dataset"": ""zero_gold""}","{""kind"": ""geo_object""}",,"Назови 5 горных вершин Японии, находящихся в Гималаях, при этом вершина целиком расположена в пределах Японии и высота превышает 7000 метров."
zero_gold_zero_geo_208,geo,zero_gold,,"{""_source_record"": {""domain"": ""geo"", ""gold_answer_labels_ru"": [], ""gold_answer_qids"": [], ""id"": ""zero_geo_208"", ""no_answer_reason"": ""Территориальная принадлежность объекта противоречит региональному расположению."", ""no_answer_type"": ""hard_contradiction"", ""query_text_ru"": ""Подбери 5 национальных парков Африки, расположенных на территории стран, не имеющих территории в Африке, и при этом парк полностью лежит южнее экватора.""}, ""source_dataset"": ""zero_gold""}","{""kind"": ""geo_object""}",,"Подбери 5 национальных парков Африки, расположенных на территории стран, не имеющих территории в Африке, и при этом парк полностью лежит южнее экватора."
zero_gold_zero_geo_209,geo,zero_gold,,"{""_source_record"": {""domain"": ""geo"", ""gold_answer_labels_ru"": [], ""gold_answer_qids"": [], ""id"": ""zero_geo_209"", ""no_answer_reason"": ""Источник, бассейн и ограничение на пересечение стран Европы несовместимы."", ""no_answer_type"": ""hard_contradiction"", ""query_text_ru"": ""Назови 5 рек, которые берут начало в Сахаре, впадают в Балтийское море и при этом на всём протяжении не пересекают ни одну страну Европы.""}, ""source_dataset"": ""zero_gold""}","{""kind"": ""sea""}",,"Назови 5 рек, которые берут начало в Сахаре, впадают в Балтийское море и при этом на всём протяжении не пересекают ни одну страну Европы."
zero_gold_zero_geo_210,geo,zero_gold,,"{""_source_record"": {""domain"": ""geo"", ""gold_answer_labels_ru"": [], ""gold_answer_qids"": [], ""id"": ""zero_geo_210"", ""no_answer_reason"": ""Лингвистические, региональные и политические условия дают заведомо пустое пересечение."", ""no_answer_type"": ""empty_intersection"", ""query_text_ru"": ""Подбери 5 столиц стран, официальным языком которых является исландский, при этом столица расположена в Южной Америке, а сама страна входит в Африканский союз.""}, ""source_dataset"": ""zero_gold""}","{""country_ru"": ""входит в Африканский союз"", ""kind"": ""geo_object""}",,"Подбери 5 столиц стран, официальным языком которых является исландский, при этом столица расположена в Южной Америке, а сама страна входит в Африканский союз."
zero_gold_zero_geo_211,geo,zero_gold,,"{""_source_record"": {""domain"": ""geo"", ""gold_answer_labels_ru"": [], ""gold_answer_qids"": [], ""id"": ""zero_geo_211"", ""no_answer_reason"": ""Один и тот же природный объект не может одновременно целиком находиться на двух разных континентах в такой постановке."", ""no_answer_type"": ""mutually_exclusive_filters"", ""query_text_ru"": ""Назови 5 озёр, расположенных одновременно в Канаде и в Австралии как один и тот же природный объект, при этом площадь озера превышает 1000 км².""}, ""source_dataset"": ""zero_gold""}","{""kind"": ""geo_object""}",,"Назови 5 озёр, расположенных одновременно в Канаде и в Австралии как один и тот же природный объект, при этом площадь озера превышает 1000 км²."
zero_gold_zero_geo_212,geo,zero_gold,,"{""_source_record"": {""domain"": ""geo"", ""gold_answer_labels_ru"": [], ""gold_answer_qids"": [], ""id"": ""zero_geo_212"", ""no_answer_reason"": ""Один город не может одновременно быть столицей двух разных современных государств в данной постановке."", ""no_answer_type"": ""mutually_exclusive_filters"", ""query_text_ru"": ""Подбери 5 городов, являющихся одновременно столицей Японии и столицей Китая в один и тот же момент времени, при этом речь идёт об одном и том же городе.""}, ""source_dataset"": ""zero_gold""}","{""kind"": ""city""}",,"Подбери 5 городов, являющихся одновременно столицей Японии и столицей Китая в один и тот же момент времени, при этом речь идёт об одном и том же городе."
zero_gold_zero_geo_213,geo,zero_gold,,"{""_source_record"": {""domain"": ""geo"", ""gold_answer_labels_ru"": [], ""gold_answer_qids"": [], ""id"": ""zero_geo_213"", ""no_answer_reason"": ""Рельеф и высотные характеристики Нидерландов несовместимы с такими условиями."", ""no_answer_type"": ""empty_intersection"", ""query_text_ru"": ""Назови 5 гор, находящихся на территории Нидерландов, имеющих ледниковую шапку круглый год и высоту более 5000 метров.""}, ""source_dataset"": ""zero_gold""}","{""kind"": ""geo_object""}",,"Назови 5 гор, находящихся на территории Нидерландов, имеющих ледниковую шапку круглый год и высоту более 5000 метров."
zero_gold_zero_geo_214,geo,zero_gold,,"{""_source_record"": {""domain"": ""geo"", ""gold_answer_labels_ru"": [], ""gold_answer_qids"": [], ""id"": ""zero_geo_214"", ""no_answer_reason"": ""Швейцария не имеет морских границ, а условия противоречат географии."", ""no_answer_type"": ""hard_contradiction"", ""query_text_ru"": ""Подбери 5 стран, у которых есть морская граница с Швейцарией и при этом отсутствует выход к любому морю у самой страны.""}, ""source_dataset"": ""zero_gold""}","{""kind"": ""geo_object""}",,"Подбери 5 стран, у которых есть морская граница с Швейцарией и при этом отсутствует выход к любому морю у самой страны."
zero_gold_zero_geo_215,geo,zero_gold,,"{""_source_record"": {""domain"": ""geo"", ""gold_answer_labels_ru"": [], ""gold_answer_qids"": [], ""id"": ""zero_geo_215"", ""no_answer_reason"": ""Регион истока и бассейн стока несовместимы."", ""no_answer_type"": ""hard_contradiction"", ""query_text_ru"": ""Назови 5 рек Дальнего Востока России, которые впадают в Волгу, при этом исток реки находится восточнее Владивостока.""}, ""source_dataset"": ""zero_gold""}","{""kind"": ""geo_object""}",,"Назови 5 рек Дальнего Востока России, которые впадают в Волгу, при этом исток реки находится восточнее Владивостока."
zero_gold_zero_geo_216,geo,zero_gold,,"{""_source_record"": {""domain"": ""geo"", ""gold_answer_labels_ru"": [], ""gold_answer_qids"": [], ""id"": ""zero_geo_216"", ""no_answer_reason"": ""Региональная и широтная постановка заведомо несовместимы."", ""no_answer_type"": ""hard_contradiction"", ""query_text_ru"": ""Подбери 5 стран Европы, расположенных целиком в Южном полушарии, при этом их столица находится севернее 50° северной широты.""}, ""source_dataset"": ""zero_gold""}","{""kind"": ""geo_object""}",,"Подбери 5 стран Европы, расположенных целиком в Южном полушарии, при этом их столица находится севернее 50° северной широты."
zero_gold_zero_geo_217,geo,zero_gold,,"{""_source_record"": {""domain"": ""geo"", ""gold_answer_labels_ru"": [], ""gold_answer_qids"": [], ""id"": ""zero_geo_217"", ""no_answer_reason"": ""Экосистема и климатические характеристики несовместимы с пустынным регионом в такой постановке."", ""no_answer_type"": ""empty_intersection"", ""query_text_ru"": ""Назови 5 национальных парков, находящихся в Сахаре, где основной тип экосистемы указан как влажный тропический лес и при этом среднегодовые осадки превышают 2500 мм.""}, ""source_dataset"": ""zero_gold""}","{""kind"": ""forest""}",,"Назови 5 национальных парков, находящихся в Сахаре, где основной тип экосистемы указан как влажный тропический лес и при этом среднегодовые осадки превышают 2500 мм."
zero_gold_zero_geo_218,geo,zero_gold,,"{""_source_record"": {""domain"": ""geo"", ""gold_answer_labels_ru"": [], ""gold_answer_qids"": [], ""id"": ""zero_geo_218"", ""no_answer_reason"": ""Условия местоположения и политической принадлежности несовместимы."", ""no_answer_type"": ""hard_contradiction"", ""query_text_ru"": ""Подбери 5 островов Карибского моря, которые являются частью Японии, находятся в Северном море и имеют сухопутную границу с Польшей.""}, ""source_dataset"": ""zero_gold""}","{""kind"": ""sea""}",,"Подбери 5 островов Карибского моря, которые являются частью Японии, находятся в Северном море и имеют сухопутную границу с Польшей."
zero_gold_zero_geo_219,geo,zero_gold,,"{""_source_record"": {""domain"": ""geo"", ""gold_answer_labels_ru"": [], ""gold_answer_qids"": [], ""id"": ""zero_geo_219"", ""no_answer_reason"": ""Один и тот же город не может иметь такую двойную географическую привязку."", ""no_answer_type"": ""mutually_exclusive_filters"", ""query_text_ru"": ""Назови 5 городов, лежащих одновременно на берегу Байкала и на побережье Средиземного моря, причём речь идёт об одном и том же городе.""}, ""source_dataset"": ""zero_gold""}","{""kind"": ""city""}",,"Назови 5 городов, лежащих одновременно на берегу Байкала и на побережье Средиземного моря, причём речь идёт об одном и том же городе."
zero_gold_zero_geo_220,geo,zero_gold,,"{""_source_record"": {""domain"": ""geo"", ""gold_answer_labels_ru"": [], ""gold_answer_qids"": [], ""id"": ""zero_geo_220"", ""no_answer_reason"": ""Исключительная экономическая зона в океане несовместима с полным отсутствием морского выхода и заморских владений."", ""no_answer_type"": ""hard_contradiction"", ""query_text_ru"": ""Подбери 5 государств, не имеющих выхода к морю, но у которых официально указана исключительная экономическая зона в Атлантическом океане и при этом нет ни одного заморского владения.""}, ""source_dataset"": ""zero_gold""}","{""kind"": ""geo_object""}",,"Подбери 5 государств, не имеющих выхода к морю, но у которых официально указана исключительная экономическая зона в Атлантическом океане и при этом нет ни одного заморского владения."
zero_gold_zero_books_201,books,zero_gold,,"{""_source_record"": {""domain"": ""books"", ""gold_answer_labels_ru"": [], ""gold_answer_qids"": [], ""id"": ""zero_books_201"", ""no_answer_reason"": ""Премия «Небьюла» относится к существенно более позднему периоду, а отсутствие поздних переизданий делает пересечение практически невозможным."", ""no_answer_type"": ""temporal_impossibility"", ""query_text_ru"": ""Назови 5 романов, впервые опубликованных до 1920 года, которые получили премию «Небьюла» и при этом не переиздавались после 1930 года.""}, ""source_dataset"": ""zero_gold""}","{""kind"": ""book"", ""publication_year_to"": 1920, ""year_from"": 1920, ""year_to"": 1920}",,"Назови 5 романов, впервые опубликованных до 1920 года, которые получили премию «Небьюла» и при этом не переиздавались после 1930 года."
zero_gold_zero_books_202,books,zero_gold,,"{""_source_record"": {""domain"": ""books"", ""gold_answer_labels_ru"": [], ""gold_answer_qids"": [], ""id"": ""zero_books_202"", ""no_answer_reason"": ""Для авторов XIX века и их персонажей такое происхождение через видеоигру исторически несовместимо."", ""no_answer_type"": ""temporal_impossibility"", ""query_text_ru"": ""Подбери 5 детективных романов, написанных авторами XIX века, где хотя бы один главный персонаж впервые появился в видеоигре раньше, чем в книге.""}, ""source_dataset"": ""zero_gold""}","{""kind"": ""book""}",,"Подбери 5 детективных романов, написанных авторами XIX века, где хотя бы один главный персонаж впервые появился в видеоигре раньше, чем в книге."
zero_gold_zero_books_203,books,zero_gold,,"{""_source_record"": {""domain"": ""books"", ""gold_answer_labels_ru"": [], ""gold_answer_qids"": [], ""id"": ""zero_books_203"", ""no_answer_reason"": ""Поздняя первая публикация при отсутствии рукописного архива и ранней дате смерти автора образует практически пустое множество."", ""no_answer_type"": ""empty_intersection"", ""query_text_ru"": ""Назови 5 книг, написанных на латыни, впервые опубликованных после 2015 года, при этом автор умер до 1800 года и не было обнаружено ни одного незавершённого рукописного архива.""}, ""source_dataset"": ""zero_gold""}","{""kind"": ""book"", ""publication_year_to"": 1800, ""year_from"": 2015, ""year_to"": 2015}",,"Назови 5 книг, написанных на латыни, впервые опубликованных после 2015 года, при этом автор умер до 1800 года и не было обнаружено ни одного незавершённого рукописного архива."
zero_gold_zero_books_204,books,zero_gold,,"{""_source_record"": {""domain"": ""books"", ""gold_answer_labels_ru"": [], ""gold_answer_qids"": [], ""id"": ""zero_books_204"", ""no_answer_reason"": ""Автор, умерший до 1850 года, не мог сам выступить переводчиком издания после 2018 года."", ""no_answer_type"": ""temporal_impossibility"", ""query_text_ru"": ""Подбери 5 романов, где автор и переводчик на русский язык — один и тот же человек, при этом автор умер до 1850 года, а первый русский перевод вышел после 2018 года.""}, ""source_dataset"": ""zero_gold""}","{""kind"": ""book"", ""year_from"": 1850, ""year_to"": 1850}",,"Подбери 5 романов, где автор и переводчик на русский язык — один и тот же человек, при этом автор умер до 1850 года, а первый русский перевод вышел после 2018 года."
zero_gold_zero_books_205,books,zero_gold,,"{""_source_record"": {""domain"": ""books"", ""gold_answer_labels_ru"": [], ""gold_answer_qids"": [], ""id"": ""zero_books_205"", ""no_answer_reason"": ""Описание мира без элементов фантастики и при этом отсутствие людей в научно-фантастическом романе образует внутренне конфликтную постановку."", ""no_answer_type"": ""mutually_exclusive_filters"", ""query_text_ru"": ""Назови 5 научно-фантастических романов, получивших Букеровскую премию, где ни один персонаж не является человеком, а действие официально описывается как строго реалистическая современная Британия без элементов фантастики.""}, ""source_dataset"": ""zero_gold""}","{""kind"": ""book""}",,"Назови 5 научно-фантастических романов, получивших Букеровскую премию, где ни один персонаж не является человеком, а действие официально описывается как строго реалистическая современная Британия без элементов фантастики."
zero_gold_zero_books_206,books,zero_gold,,"{""_source_record"": {""domain"": ""books"", ""gold_answer_labels_ru"": [], ""gold_answer_qids"": [], ""id"": ""zero_books_206"", ""no_answer_reason"": ""Современное университетское издательство несовместимо с античной датой первого издания."", ""no_answer_type"": ""historical_impossibility"", ""query_text_ru"": ""Подбери 5 книг, где автором указан римский император, а в качестве издателя — современное университетское издательство, при этом первое издание датировано самим античным периодом.""}, ""source_dataset"": ""zero_gold""}","{""kind"": ""book""}",,"Подбери 5 книг, где автором указан римский император, а в качестве издателя — современное университетское издательство, при этом первое издание датировано самим античным периодом."
zero_gold_zero_books_207,books,zero_gold,,"{""_source_record"": {""domain"": ""books"", ""gold_answer_labels_ru"": [], ""gold_answer_qids"": [], ""id"": ""zero_books_207"", ""no_answer_reason"": ""Кубрик не мог экранизировать произведение, впервые опубликованное и не существовавшее в иной форме после его смерти."", ""no_answer_type"": ""temporal_impossibility"", ""query_text_ru"": ""Назови 5 романов, которые экранизировал Стэнли Кубрик, при этом книга была впервые опубликована после смерти Кубрика и не существовала в виде рукописи или рассказа до этой даты.""}, ""source_dataset"": ""zero_gold""}","{""kind"": ""book""}",,"Назови 5 романов, которые экранизировал Стэнли Кубрик, при этом книга была впервые опубликована после смерти Кубрика и не существовала в виде рукописи или рассказа до этой даты."
zero_gold_zero_books_208,books,zero_gold,,"{""_source_record"": {""domain"": ""books"", ""gold_answer_labels_ru"": [], ""gold_answer_qids"": [], ""id"": ""zero_books_208"", ""no_answer_reason"": ""Полностью вымышленное королевство без вымышленных персонажей и без реальных людей образует противоречивую комбинацию."", ""no_answer_type"": ""mutually_exclusive_filters"", ""query_text_ru"": ""Подбери 5 книг для детей, в которых нет ни одного вымышленного персонажа, но одновременно сюжет официально разворачивается только в полностью вымышленном королевстве и не связан с реальными людьми.""}, ""source_dataset"": ""zero_gold""}","{""kind"": ""book""}",,"Подбери 5 книг для детей, в которых нет ни одного вымышленного персонажа, но одновременно сюжет официально разворачивается только в полностью вымышленном королевстве и не связан с реальными людьми."
zero_gold_zero_people_209,people,zero_gold,,"{""_source_record"": {""domain"": ""people"", ""gold_answer_labels_ru"": [], ""gold_answer_qids"": [], ""id"": ""zero_people_209"", ""no_answer_reason"": ""Для единоличной президентской должности такое сочетание условий обычно невозможно."", ""no_answer_type"": ""mutually_exclusive_filters"", ""query_text_ru"": ""Назови 5 политиков, которые одновременно были президентами одной и той же страны в один и тот же календарный день без режима двоевластия, временного исполняющего обязанности или коллективного органа.""}, ""source_dataset"": ""zero_gold""}","{""kind"": ""person""}",,"Назови 5 политиков, которые одновременно были президентами одной и той же страны в один и тот же календарный день без режима двоевластия, временного исполняющего обязанности или коллективного органа."
zero_gold_zero_people_210,people,zero_gold,,"{""_source_record"": {""domain"": ""people"", ""gold_answer_labels_ru"": [], ""gold_answer_qids"": [], ""id"": ""zero_people_210"", ""no_answer_reason"": ""Нобелевская премия не может быть получена индивидуумом до его рождения."", ""no_answer_type"": ""temporal_impossibility"", ""query_text_ru"": ""Подбери 5 учёных, которые получили Нобелевскую премию по физике до рождения и при этом не являются коллективным псевдонимом, организацией или вымышленным персонажем.""}, ""source_dataset"": ""zero_gold""}","{""kind"": ""person""}",,"Подбери 5 учёных, которые получили Нобелевскую премию по физике до рождения и при этом не являются коллективным псевдонимом, организацией или вымышленным персонажем."
zero_gold_zero_people_211,people,zero_gold,,"{""_source_record"": {""domain"": ""people"", ""gold_answer_labels_ru"": [], ""gold_answer_qids"": [], ""id"": ""zero_people_211"", ""no_answer_reason"": ""Человек не может быть полноценным действующим участником музыкального состава после смерти."", ""no_answer_type"": ""temporal_impossibility"", ""query_text_ru"": ""Назови 5 музыкантов, которые официально состояли в одной группе после собственной смерти не в виде архивных записей, а как полноценные действующие участники состава.""}, ""source_dataset"": ""zero_gold""}","{""kind"": ""person""}",,"Назови 5 музыкантов, которые официально состояли в одной группе после собственной смерти не в виде архивных записей, а как полноценные действующие участники состава."
zero_gold_zero_people_212,people,zero_gold,,"{""_source_record"": {""domain"": ""people"", ""gold_answer_labels_ru"": [], ""gold_answer_qids"": [], ""id"": ""zero_people_212"", ""no_answer_reason"": ""Премия «Оскар» относится к позднейшей эпохе и несовместима с жизненными периодами художников Возрождения."", ""no_answer_type"": ""historical_impossibility"", ""query_text_ru"": ""Подбери 5 художников эпохи Возрождения, получивших премию «Оскар» не посмертно и не через использование архивных работ.""}, ""source_dataset"": ""zero_gold""}","{""award_ru"": ""Оскар"", ""kind"": ""person""}",,"Подбери 5 художников эпохи Возрождения, получивших премию «Оскар» не посмертно и не через использование архивных работ."
zero_gold_zero_people_213,people,zero_gold,,"{""_source_record"": {""domain"": ""people"", ""gold_answer_labels_ru"": [], ""gold_answer_qids"": [], ""id"": ""zero_people_213"", ""no_answer_reason"": ""Биологические отношения в такой форме рефлексивно-циклически невозможны."", ""no_answer_type"": ""hard_contradiction"", ""query_text_ru"": ""Назови 5 писателей, которые одновременно являются биологическими родителями и биологическими детьми одного и того же человека без усыновления, псевдонима или ошибки атрибуции.""}, ""source_dataset"": ""zero_gold""}","{""kind"": ""person""}",,"Назови 5 писателей, которые одновременно являются биологическими родителями и биологическими детьми одного и того же человека без усыновления, псевдонима или ошибки атрибуции."
zero_gold_zero_people_214,people,zero_gold,,"{""_source_record"": {""domain"": ""people"", ""gold_answer_labels_ru"": [], ""gold_answer_qids"": [], ""id"": ""zero_people_214"", ""no_answer_reason"": ""Титул чемпиона мира не может быть получен до существования официального соревнования при отсутствии ретроспективного признания."", ""no_answer_type"": ""category_contradiction"", ""query_text_ru"": ""Подбери 5 чемпионов мира по шахматам, которые завоевали титул до начала официального проведения чемпионатов мира и не признаются предшественниками задним числом.""}, ""source_dataset"": ""zero_gold""}","{""kind"": ""person""}",,"Подбери 5 чемпионов мира по шахматам, которые завоевали титул до начала официального проведения чемпионатов мира и не признаются предшественниками задним числом."
zero_gold_zero_people_215,people,zero_gold,,"{""_source_record"": {""domain"": ""people"", ""gold_answer_labels_ru"": [], ""gold_answer_qids"": [], ""id"": ""zero_people_215"", ""no_answer_reason"": ""При исключении цифровой реконструкции и архивных материалов участие актёра после смерти невозможно."", ""no_answer_type"": ""temporal_impossibility"", ""query_text_ru"": ""Назови 5 актёров, сыгравших персонажа в фильме, вышедшем после их смерти, при этом роль не создана цифровой реконструкцией, не использует архивные съёмки и не является озвучкой, записанной заранее.""}, ""source_dataset"": ""zero_gold""}","{""kind"": ""person""}",,"Назови 5 актёров, сыгравших персонажа в фильме, вышедшем после их смерти, при этом роль не создана цифровой реконструкцией, не использует архивные съёмки и не является озвучкой, записанной заранее."
zero_gold_zero_people_216,people,zero_gold,,"{""_source_record"": {""domain"": ""people"", ""gold_answer_labels_ru"": [], ""gold_answer_qids"": [], ""id"": ""zero_people_216"", ""no_answer_reason"": ""Музыка не могла быть специально написана для фильма до рождения композитора."", ""no_answer_type"": ""temporal_impossibility"", ""query_text_ru"": ""Подбери 5 композиторов, которые написали музыку к фильму, выпущенному до их рождения, при этом произведение создано специально для фильма, а не добавлено в переиздании.""}, ""source_dataset"": ""zero_gold""}","{""kind"": ""person""}",,"Подбери 5 композиторов, которые написали музыку к фильму, выпущенному до их рождения, при этом произведение создано специально для фильма, а не добавлено в переиздании."
zero_gold_zero_museums_217,museums,zero_gold,,"{""_source_record"": {""domain"": ""museums"", ""gold_answer_labels_ru"": [], ""gold_answer_qids"": [], ""id"": ""zero_museums_217"", ""no_answer_reason"": ""NFT-коллекция как исходная постоянная специализация музея несовместима с таким ранним временем основания."", ""no_answer_type"": ""temporal_impossibility"", ""query_text_ru"": ""Назови 5 музеев современного медиаискусства, основанных до 1850 года, где в постоянной коллекции официально заявлены только NFT-объекты и нет ни одной поздней реконструкции экспозиции.""}, ""source_dataset"": ""zero_gold""}","{""kind"": ""museum"", ""year_from"": 1850, ""year_to"": 1850}",,"Назови 5 музеев современного медиаискусства, основанных до 1850 года, где в постоянной коллекции официально заявлены только NFT-объекты и нет ни одной поздней реконструкции экспозиции."
zero_gold_zero_museums_218,museums,zero_gold,,"{""_source_record"": {""domain"": ""museums"", ""gold_answer_labels_ru"": [], ""gold_answer_qids"": [], ""id"": ""zero_museums_218"", ""no_answer_reason"": ""Специализация музея не могла изначально быть посвящена технологии до её появления."", ""no_answer_type"": ""historical_impossibility"", ""query_text_ru"": ""Подбери 5 музеев фотографии, открытых до официального распространения фотографии как технологии, при этом первоначальная миссия музея уже была посвящена именно фотографии и не менялась со временем.""}, ""source_dataset"": ""zero_gold""}","{""kind"": ""museum""}",,"Подбери 5 музеев фотографии, открытых до официального распространения фотографии как технологии, при этом первоначальная миссия музея уже была посвящена именно фотографии и не менялась со временем."
zero_gold_zero_museums_219,museums,zero_gold,,"{""_source_record"": {""domain"": ""museums"", ""gold_answer_labels_ru"": [], ""gold_answer_qids"": [], ""id"": ""zero_museums_219"", ""no_answer_reason"": ""Статус музея как национального и структура учреждающего суверенного государства дают крайне узкое и в данной формулировке пустое пересечение."", ""no_answer_type"": ""empty_intersection"", ""query_text_ru"": ""Назови 5 национальных музеев, расположенных в странах без международного признания государственности, но при этом учреждённых центральным правительством страны — члена G7 как собственные национальные музеи.""}, ""source_dataset"": ""zero_gold""}","{""country_ru"": ""без международного признания государственности"", ""kind"": ""museum""}",,"Назови 5 национальных музеев, расположенных в странах без международного признания государственности, но при этом учреждённых центральным правительством страны — члена G7 как собственные национальные музеи."
zero_gold_zero_museums_220,museums,zero_gold,,"{""_source_record"": {""domain"": ""museums"", ""gold_answer_labels_ru"": [], ""gold_answer_qids"": [], ""id"": ""zero_museums_220"", ""no_answer_reason"": ""Тематика истории интернета несовместима с таким ранним периодом основания при неизменной специализации."", ""no_answer_type"": ""historical_impossibility"", ""query_text_ru"": ""Подбери 5 музеев, посвящённых истории интернета, которые были основаны до изобретения электрического телеграфа и не меняли профиль коллекции с момента основания.""}, ""source_dataset"": ""zero_gold""}","{""kind"": ""museum""}",,"Подбери 5 музеев, посвящённых истории интернета, которые были основаны до изобретения электрического телеграфа и не меняли профиль коллекции с момента основания."
zero_gold_zero_museums_221,museums,zero_gold,,"{""_source_record"": {""domain"": ""museums"", ""gold_answer_labels_ru"": [], ""gold_answer_qids"": [], ""id"": ""zero_museums_221"", ""no_answer_reason"": ""Археологический музей без физических предметов в постоянной экспозиции образует противоречивую институциональную постановку."", ""no_answer_type"": ""mutually_exclusive_filters"", ""query_text_ru"": ""Назови 5 музеев, у которых в постоянной экспозиции нет ни одного физического предмета, но учреждение официально классифицируется именно как археологический музей, а не цифровой архив или медиапространство.""}, ""source_dataset"": ""zero_gold""}","{""kind"": ""museum""}",,"Назови 5 музеев, у которых в постоянной экспозиции нет ни одного физического предмета, но учреждение официально классифицируется именно как археологический музей, а не цифровой архив или медиапространство."
zero_gold_zero_museums_222,museums,zero_gold,,"{""_source_record"": {""domain"": ""museums"", ""gold_answer_labels_ru"": [], ""gold_answer_qids"": [], ""id"": ""zero_museums_222"", ""no_answer_reason"": ""Музей не может изначально находиться в центре города, основанного спустя столетия после его собственного основания, без переноса локации."", ""no_answer_type"": ""temporal_impossibility"", ""query_text_ru"": ""Подбери 5 музеев, расположенных в историческом центре города, который был основан позже самого музея минимум на 300 лет, при этом музей не переносился и не менял локацию.""}, ""source_dataset"": ""zero_gold""}","{""kind"": ""museum""}",,"Подбери 5 музеев, расположенных в историческом центре города, который был основан позже самого музея минимум на 300 лет, при этом музей не переносился и не менял локацию."
zero_gold_zero_paintings_223,paintings,zero_gold,,"{""_source_record"": {""domain"": ""paintings"", ""gold_answer_labels_ru"": [], ""gold_answer_qids"": [], ""id"": ""zero_paintings_223"", ""no_answer_reason"": ""Абстракция как исходная авторская самоидентификация картины до 1600 года практически невозможна."", ""no_answer_type"": ""historical_impossibility"", ""query_text_ru"": ""Назови 5 абстрактных картин, созданных до 1600 года, при этом жанр был указан современными музеями не ретроспективно, а как исходная авторская классификация.""}, ""source_dataset"": ""zero_gold""}","{""kind"": ""painting"", ""year_from"": 1600, ""year_to"": 1600}",,"Назови 5 абстрактных картин, созданных до 1600 года, при этом жанр был указан современными музеями не ретроспективно, а как исходная авторская классификация."
zero_gold_zero_paintings_224,paintings,zero_gold,,"{""_source_record"": {""domain"": ""paintings"", ""gold_answer_labels_ru"": [], ""gold_answer_qids"": [], ""id"": ""zero_paintings_224"", ""no_answer_reason"": ""Единовременное совместное произведение невозможно при таких жизненных датах соавторов."", ""no_answer_type"": ""temporal_impossibility"", ""query_text_ru"": ""Подбери 5 картин, где автором официально указан художник, умерший до рождения другого указанного соавтора, при этом работа создана как единовременное совместное произведение, а не позднейшая коллаборация с использованием эскизов.""}, ""source_dataset"": ""zero_gold""}","{""kind"": ""painting""}",,"Подбери 5 картин, где автором официально указан художник, умерший до рождения другого указанного соавтора, при этом работа создана как единовременное совместное произведение, а не позднейшая коллаборация с использованием эскизов."
zero_gold_zero_paintings_225,paintings,zero_gold,,"{""_source_record"": {""domain"": ""paintings"", ""gold_answer_labels_ru"": [], ""gold_answer_qids"": [], ""id"": ""zero_paintings_225"", ""no_answer_reason"": ""Такая техника и носитель несовместимы с эпохой Возрождения как исходные материалы."", ""no_answer_type"": ""historical_impossibility"", ""query_text_ru"": ""Назови 5 картин эпохи Возрождения, написанных акрилом на алюминиевой панели, при этом техника указана как оригинальная, а не результат реставрации или поздней атрибуции.""}, ""source_dataset"": ""zero_gold""}","{""kind"": ""painting""}",,"Назови 5 картин эпохи Возрождения, написанных акрилом на алюминиевой панели, при этом техника указана как оригинальная, а не результат реставрации или поздней атрибуции."
zero_gold_zero_paintings_226,paintings,zero_gold,,"{""_source_record"": {""domain"": ""paintings"", ""gold_answer_labels_ru"": [], ""gold_answer_qids"": [], ""id"": ""zero_paintings_226"", ""no_answer_reason"": ""Один и тот же физический объект не может одновременно находиться в постоянных экспозициях двух музеев."", ""no_answer_type"": ""mutually_exclusive_filters"", ""query_text_ru"": ""Подбери 5 картин, одновременно входящих в постоянную экспозицию Лувра и Эрмитажа как один и тот же физический объект, при этом произведение не существует в версиях, копиях или временных цифровых репродукциях.""}, ""source_dataset"": ""zero_gold""}","{""kind"": ""painting""}",,"Подбери 5 картин, одновременно входящих в постоянную экспозицию Лувра и Эрмитажа как один и тот же физический объект, при этом произведение не существует в версиях, копиях или временных цифровых репродукциях."
zero_gold_zero_paintings_227,paintings,zero_gold,,"{""_source_record"": {""domain"": ""paintings"", ""gold_answer_labels_ru"": [], ""gold_answer_qids"": [], ""id"": ""zero_paintings_227"", ""no_answer_reason"": ""Автор не может лично завершить картину после своей смерти."", ""no_answer_type"": ""temporal_impossibility"", ""query_text_ru"": ""Назови 5 картин, созданных после смерти автора, при этом дата завершения работы относится к автору лично, а не к мастерской, ученикам или реставраторам.""}, ""source_dataset"": ""zero_gold""}","{""kind"": ""painting""}",,"Назови 5 картин, созданных после смерти автора, при этом дата завершения работы относится к автору лично, а не к мастерской, ученикам или реставраторам."
zero_gold_zero_countries_229,countries,zero_gold,,"{""_source_record"": {""domain"": ""countries"", ""gold_answer_labels_ru"": [], ""gold_answer_qids"": [], ""id"": ""zero_countries_229"", ""no_answer_reason"": ""Такое сочетание институциональных и валютных условий для стран ЕС практически не оставляет валидных объектов."", ""no_answer_type"": ""empty_intersection"", ""query_text_ru"": ""Назови 5 современных государств, которые одновременно входят в Евросоюз, используют доллар США как единственную официальную валюту и не имеют ни одного соглашения с Европейским центральным банком, дерогации или собственного исторического исключения.""}, ""source_dataset"": ""zero_gold""}","{""exists_now"": false, ""historical_only"": true, ""kind"": ""country""}",,"Назови 5 современных государств, которые одновременно входят в Евросоюз, используют доллар США как единственную официальную валюту и не имеют ни одного соглашения с Европейским центральным банком, дерогации или собственного исторического исключения."
zero_gold_zero_countries_230,countries,zero_gold,,"{""_source_record"": {""domain"": ""countries"", ""gold_answer_labels_ru"": [], ""gold_answer_qids"": [], ""id"": ""zero_countries_230"", ""no_answer_reason"": ""Государство с постоянным населением не может существовать без какой-либо территории в данной формулировке."", ""no_answer_type"": ""hard_contradiction"", ""query_text_ru"": ""Подбери 5 стран, признанных ООН, которые не имеют ни сухопутной, ни морской территории, но при этом указаны как полностью суверенные государства с постоянным населением более миллиона человек.""}, ""source_dataset"": ""zero_gold""}","{""kind"": ""country""}",population_mentioned_but_not_parsed,"Подбери 5 стран, признанных ООН, которые не имеют ни сухопутной, ни морской территории, но при этом указаны как полностью суверенные государства с постоянным населением более миллиона человек."
zero_gold_zero_countries_231,countries,zero_gold,,"{""_source_record"": {""domain"": ""countries"", ""gold_answer_labels_ru"": [], ""gold_answer_qids"": [], ""id"": ""zero_countries_231"", ""no_answer_reason"": ""Единый конституционный статус монархии и республики взаимоисключающ в такой постановке."", ""no_answer_type"": ""mutually_exclusive_filters"", ""query_text_ru"": ""Назови 5 государств, которые одновременно являются монархиями и республиками в одном и том же конституционном статусе без федеративного деления, ассоциированного членства или переходного режима.""}, ""source_dataset"": ""zero_gold""}","{""kind"": ""country""}",,"Назови 5 государств, которые одновременно являются монархиями и республиками в одном и том же конституционном статусе без федеративного деления, ассоциированного членства или переходного режима."
zero_gold_zero_countries_232,countries,zero_gold,,"{""_source_record"": {""domain"": ""countries"", ""gold_answer_labels_ru"": [], ""gold_answer_qids"": [], ""id"": ""zero_countries_232"", ""no_answer_reason"": ""Такое сочетание региона и статуса участия в НАТО в данной строгой формулировке даёт пустое множество."", ""no_answer_type"": ""empty_intersection"", ""query_text_ru"": ""Подбери 5 стран Южной Америки, входящих в НАТО и не имеющих ни заморских территорий, ни особых договоров о безопасности, ни переходных форм участия.""}, ""source_dataset"": ""zero_gold""}","{""kind"": ""country""}",,"Подбери 5 стран Южной Америки, входящих в НАТО и не имеющих ни заморских территорий, ни особых договоров о безопасности, ни переходных форм участия."
zero_gold_zero_countries_233,countries,zero_gold,,"{""_source_record"": {""domain"": ""countries"", ""gold_answer_labels_ru"": [], ""gold_answer_qids"": [], ""id"": ""zero_countries_233"", ""no_answer_reason"": ""Комбинация официального языка, масштаба населения и международного статуса заведомо слишком жёсткая."", ""no_answer_type"": ""empty_intersection"", ""query_text_ru"": ""Назови 5 стран, у которых единственный официальный язык — латинский, при этом страна входит в G20 и население превышает 30 миллионов человек.""}, ""source_dataset"": ""zero_gold""}","{""kind"": ""country""}",official_language_mentioned_but_not_parsed;population_mentioned_but_not_parsed,"Назови 5 стран, у которых единственный официальный язык — латинский, при этом страна входит в G20 и население превышает 30 миллионов человек."
zero_gold_zero_countries_234,countries,zero_gold,,"{""_source_record"": {""domain"": ""countries"", ""gold_answer_labels_ru"": [], ""gold_answer_qids"": [], ""id"": ""zero_countries_234"", ""no_answer_reason"": ""Такая сухопутная граница географически невозможна при исключении особых случаев."", ""no_answer_type"": ""hard_contradiction"", ""query_text_ru"": ""Подбери 5 стран Океании, имеющих сухопутную границу с Францией, при этом у страны нет заморских территорий, анклавов и общего континентального шельфа с Францией.""}, ""source_dataset"": ""zero_gold""}","{""kind"": ""country""}",,"Подбери 5 стран Океании, имеющих сухопутную границу с Францией, при этом у страны нет заморских территорий, анклавов и общего континентального шельфа с Францией."
zero_gold_zero_sports_235,sports_clubs,zero_gold,,"{""_source_record"": {""domain"": ""sports_clubs"", ""gold_answer_labels_ru"": [], ""gold_answer_qids"": [], ""id"": ""zero_sports_235"", ""no_answer_reason"": ""Клуб не может выиграть турнир раньше собственного основания при исключении правопреемства."", ""no_answer_type"": ""temporal_impossibility"", ""query_text_ru"": ""Назови 5 футбольных клубов, выигравших Лигу чемпионов УЕФА, но основанных позже даты своей первой победы и не являющихся правопреемниками более раннего клуба.""}, ""source_dataset"": ""zero_gold""}",{},no_domain_cleaner:sports_clubs,"Назови 5 футбольных клубов, выигравших Лигу чемпионов УЕФА, но основанных позже даты своей первой победы и не являющихся правопреемниками более раннего клуба."
zero_gold_zero_sports_236,sports_clubs,zero_gold,,"{""_source_record"": {""domain"": ""sports_clubs"", ""gold_answer_labels_ru"": [], ""gold_answer_qids"": [], ""id"": ""zero_sports_236"", ""no_answer_reason"": ""Постоянная домашняя арена клуба НБА вне Северной Америки в такой строгой постановке невозможна."", ""no_answer_type"": ""hard_contradiction"", ""query_text_ru"": ""Подбери 5 клубов НБА, чья домашняя арена расположена за пределами Северной Америки, при этом клуб не проводил ни одного вынесенного сезона, релокации или особого международного тура.""}, ""source_dataset"": ""zero_gold""}",{},no_domain_cleaner:sports_clubs,"Подбери 5 клубов НБА, чья домашняя арена расположена за пределами Северной Америки, при этом клуб не проводил ни одного вынесенного сезона, релокации или особого международного тура."
zero_gold_zero_sports_237,sports_clubs,zero_gold,,"{""_source_record"": {""domain"": ""sports_clubs"", ""gold_answer_labels_ru"": [], ""gold_answer_qids"": [], ""id"": ""zero_sports_237"", ""no_answer_reason"": ""Такое сочетание географии и статуса участия в НХЛ практически невозможно."", ""no_answer_type"": ""empty_intersection"", ""query_text_ru"": ""Назови 5 хоккейных клубов НХЛ, представляющих страны Южного полушария, при этом клуб является полноценным участником лиги, а не историческим выставочным или тренировочным проектом.""}, ""source_dataset"": ""zero_gold""}",{},no_domain_cleaner:sports_clubs,"Назови 5 хоккейных клубов НХЛ, представляющих страны Южного полушария, при этом клуб является полноценным участником лиги, а не историческим выставочным или тренировочным проектом."
zero_gold_zero_sports_238,sports_clubs,zero_gold,,"{""_source_record"": {""domain"": ""sports_clubs"", ""gold_answer_labels_ru"": [], ""gold_answer_qids"": [], ""id"": ""zero_sports_238"", ""no_answer_reason"": ""Клуб не может выиграть турнир до собственного основания при исключении правопреемства."", ""no_answer_type"": ""temporal_impossibility"", ""query_text_ru"": ""Подбери 5 футбольных клубов Англии, основанных после 2000 года, которые выиграли Кубок Англии до 1950 года и не являются результатом слияния, переименования или юридического правопреемства.""}, ""source_dataset"": ""zero_gold""}",{},no_domain_cleaner:sports_clubs,"Подбери 5 футбольных клубов Англии, основанных после 2000 года, которые выиграли Кубок Англии до 1950 года и не являются результатом слияния, переименования или юридического правопреемства."
zero_gold_zero_airports_240,airports,zero_gold,,"{""_source_record"": {""domain"": ""airports"", ""gold_answer_labels_ru"": [], ""gold_answer_qids"": [], ""id"": ""zero_airports_240"", ""no_answer_reason"": ""Такое сочетание географического положения и инфраструктурного статуса даёт практически пустое пересечение."", ""no_answer_type"": ""empty_intersection"", ""query_text_ru"": ""Подбери 5 аэропортов, расположенных в полностью безморских странах, у которых официально указан собственный морской терминал для международных паромных линий как часть единого аэропортового объекта и при этом отсутствуют любые внешние транспортные анклавы.""}, ""source_dataset"": ""zero_gold""}","{""kind"": ""airport""}",,"Подбери 5 аэропортов, расположенных в полностью безморских странах, у которых официально указан собственный морской терминал для международных паромных линий как часть единого аэропортового объекта и при этом отсутствуют любые внешние транспортные анклавы."
zero_gold_zero_smartphones_241,smartphones,zero_gold,,"{""_source_record"": {""domain"": ""smartphones"", ""gold_answer_labels_ru"": [], ""gold_answer_qids"": [], ""id"": ""zero_smartphones_241"", ""no_answer_reason"": ""Android и 5G как исходные свойства несовместимы с таким ранним периодом серийного выпуска."", ""no_answer_type"": ""temporal_impossibility"", ""query_text_ru"": ""Назови 5 смартфонов, выпущенных серийно до 2005 года, которые изначально поставлялись с Android и имели официальную поддержку 5G без последующих аппаратных ревизий.""}, ""source_dataset"": ""zero_gold""}","{""kind"": ""smartphone"", ""year_from"": 2005, ""year_to"": 2005}",,"Назови 5 смартфонов, выпущенных серийно до 2005 года, которые изначально поставлялись с Android и имели официальную поддержку 5G без последующих аппаратных ревизий."
zero_gold_zero_smartphones_242,smartphones,zero_gold,,"{""_source_record"": {""domain"": ""smartphones"", ""gold_answer_labels_ru"": [], ""gold_answer_qids"": [], ""id"": ""zero_smartphones_242"", ""no_answer_reason"": ""Серийные смартфоны Apple в такой строгой постановке не используют Android как штатную ОС."", ""no_answer_type"": ""mutually_exclusive_filters"", ""query_text_ru"": ""Подбери 5 смартфонов Apple, у которых штатной операционной системой является Android без неофициальных модификаций, джейлбрейка, эмуляции или инженерных прототипов.""}, ""source_dataset"": ""zero_gold""}","{""kind"": ""smartphone""}",,"Подбери 5 смартфонов Apple, у которых штатной операционной системой является Android без неофициальных модификаций, джейлбрейка, эмуляции или инженерных прототипов."
zero_gold_zero_cars_243,cars,zero_gold,,"{""_source_record"": {""domain"": ""cars"", ""gold_answer_labels_ru"": [], ""gold_answer_qids"": [], ""id"": ""zero_cars_243"", ""no_answer_reason"": ""Android Auto относится к гораздо более позднему периоду и не может быть исходной заводской функцией автомобиля до 1950 года."", ""no_answer_type"": ""temporal_impossibility"", ""query_text_ru"": ""Назови 5 серийных автомобилей, выпущенных до 1950 года, которые имели штатную заводскую поддержку Android Auto без модернизации или поздней установки мультимедийных систем.""}, ""source_dataset"": ""zero_gold""}","{""kind"": ""car_model"", ""year_from"": 1950, ""year_to"": 1950}",,"Назови 5 серийных автомобилей, выпущенных до 1950 года, которые имели штатную заводскую поддержку Android Auto без модернизации или поздней установки мультимедийных систем."
zero_gold_zero_dishes_245,dishes,zero_gold,,"{""_source_record"": {""domain"": ""dishes"", ""gold_answer_labels_ru"": [], ""gold_answer_qids"": [], ""id"": ""zero_dishes_245"", ""no_answer_reason"": ""Свинина несовместима с строгой веганской классификацией."", ""no_answer_type"": ""mutually_exclusive_filters"", ""query_text_ru"": ""Назови 5 традиционных национальных блюд, у которых официально указан обязательный основной ингредиент «свинина», но при этом блюдо строго классифицируется как веганское без региональных вариаций и исключений.""}, ""source_dataset"": ""zero_gold""}","{""include_ingredients_ru"": [""свинина""], ""kind"": ""dish""}",,"Назови 5 традиционных национальных блюд, у которых официально указан обязательный основной ингредиент «свинина», но при этом блюдо строго классифицируется как веганское без региональных вариаций и исключений."
zero_gold_zero_paintings_247,paintings,zero_gold,,"{""_source_record"": {""domain"": ""paintings"", ""gold_answer_labels_ru"": [], ""gold_answer_qids"": [], ""id"": ""zero_paintings_247"", ""no_answer_reason"": ""Единственный оригинал не может одновременно иметь два разных текущих местонахождения как один и тот же объект."", ""no_answer_type"": ""mutually_exclusive_filters"", ""query_text_ru"": ""Назови 5 картин, которые официально считаются единственным оригиналом и при этом одновременно имеют два разных места хранения, оба указаны как текущее местонахождение оригинала, без версии, копии, дубля или диптиха.""}, ""source_dataset"": ""zero_gold""}","{""kind"": ""painting""}",,"Назови 5 картин, которые официально считаются единственным оригиналом и при этом одновременно имеют два разных места хранения, оба указаны как текущее местонахождение оригинала, без версии, копии, дубля или диптиха."
zero_gold_zero_museums_248,museums,zero_gold,,"{""_source_record"": {""domain"": ""museums"", ""gold_answer_labels_ru"": [], ""gold_answer_qids"": [], ""id"": ""zero_museums_248"", ""no_answer_reason"": ""Непрерывное ведение сайта с момента основания несовместимо с ранней ликвидацией и историческим периодом."", ""no_answer_type"": ""temporal_impossibility"", ""query_text_ru"": ""Подбери 5 музеев, которые были официально ликвидированы до 1900 года, но при этом непрерывно ведут собственный сайт с момента основания без закрытия, реорганизации и повторного открытия.""}, ""source_dataset"": ""zero_gold""}","{""kind"": ""museum"", ""year_from"": 1900, ""year_to"": 1900}",,"Подбери 5 музеев, которые были официально ликвидированы до 1900 года, но при этом непрерывно ведут собственный сайт с момента основания без закрытия, реорганизации и повторного открытия."
kqapro_accf1b3dde07,kqapro,external_multihop,,"{""_source_record"": {""answer_text_items"": [""Marseille""], ""answer_text_original"": ""Marseille"", ""benchmark_id"": ""kqapro_train_013987"", ""hop_count_estimate"": ""3"", ""manual_bucket"": """", ""manual_decision"": """", ""metadata"": {""answer_text"": ""Marseille"", ""benchmark_id"": ""kqapro_train_013987"", ""hop_count_estimate"": ""3"", ""manual_bucket"": """", ""manual_decision"": """", ""notes"": """", ""primary_reasoning_family"": ""multi_hop"", ""program_length"": ""12"", ""program_signature"": ""Find -> Relate -> QFilterYear -> FilterConcept -> Find -> Relate -> Find -> And -> Relate -> FilterConcept -> And -> What"", ""question_en_original"": ""Which big city was, in 1958, a twinned administrative body of Hamburg, and is the place of the story in Catch Me In You Can (the one that was nominated for Broadcast Film Critics Association Award for Best Film)?"", ""recommended_action"": ""keep_for_reconstruction"", ""reconstructability_score_v2"": ""26"", ""russian_reconstruction_idea"": """", ""target_domain_ru"": """"}, ""notes"": """", ""primary_reasoning_family"": ""multi_hop"", ""program_length"": ""12"", ""program_signature"": ""Find -> Relate -> QFilterYear -> FilterConcept -> Find -> Relate -> Find -> And -> Relate -> FilterConcept -> And -> What"", ""question_en_original"": ""Which big city was, in 1958, a twinned administrative body of Hamburg, and is the place of the story in Catch Me In You Can (the one that was nominated for Broadcast Film Critics Association Award for Best Film)?"", ""question_ru"": ""Какой крупный город в 1958 году стал городом-побратимом Гамбурга и является местом действия истории в фильме «Поймай меня, если сможешь», который был номинирован на премию Ассоциации кинокритиков вещательных компаний за лучший фильм?"", ""question_ru_manual"": ""Какой крупный город в 1958 году стал городом-побратимом Гамбурга и является местом действия истории в фильме «Поймай меня, если сможешь», который был номинирован на премию Ассоциации кинокритиков вещательных компаний за лучший фильм?"", ""russian_reconstruction_idea"": """", ""source_dataset"": ""kqapro"", ""source_stage"": ""stage6_manual_translation"", ""target_domain_ru"": """", ""translation_comment"": """", ""translation_status"": ""manual_translated""}, ""source_dataset"": ""kqapro""}",{},no_domain_cleaner:kqapro,"Какой крупный город в 1958 году стал городом-побратимом Гамбурга и является местом действия истории в фильме «Поймай меня, если сможешь», который был номинирован на премию Ассоциации кинокритиков вещательных компаний за лучший фильм?"
kqapro_57bf48c4d8c5,kqapro,external_multihop,,"{""_source_record"": {""answer_text_items"": [""Michael Jeter""], ""answer_text_original"": ""Michael Jeter"", ""benchmark_id"": ""kqapro_train_035873"", ""hop_count_estimate"": ""3"", ""manual_bucket"": """", ""manual_decision"": """", ""metadata"": {""answer_text"": ""Michael Jeter"", ""benchmark_id"": ""kqapro_train_035873"", ""hop_count_estimate"": ""3"", ""manual_bucket"": """", ""manual_decision"": """", ""notes"": """", ""primary_reasoning_family"": ""multi_hop"", ""program_length"": ""12"", ""program_signature"": ""Find -> Relate -> Find -> And -> Relate -> FilterConcept -> Find -> Relate -> QFilterYear -> FilterConcept -> And -> What"", ""question_en_original"": ""Who is a cast member of \""Taken\"" (which also has Desmond Harrington as a cast member) and won a Tony Award for Best Featured Actor in a Musical in 1990?"", ""recommended_action"": ""keep_for_reconstruction"", ""reconstructability_score_v2"": ""26"", ""russian_reconstruction_idea"": """", ""target_domain_ru"": """"}, ""notes"": """", ""primary_reasoning_family"": ""multi_hop"", ""program_length"": ""12"", ""program_signature"": ""Find -> Relate -> Find -> And -> Relate -> FilterConcept -> Find -> Relate -> QFilterYear -> FilterConcept -> And -> What"", ""question_en_original"": ""Who is a cast member of \""Taken\"" (which also has Desmond Harrington as a cast member) and won a Tony Award for Best Featured Actor in a Musical in 1990?"", ""question_ru"": ""Кто из актёров фильма «Заложница», где также снимался Десмонд Харрингтон, получил премию «Тони» за лучшую мужскую роль второго плана в мюзикле в 1990 году?"", ""question_ru_manual"": ""Кто из актёров фильма «Заложница», где также снимался Десмонд Харрингтон, получил премию «Тони» за лучшую мужскую роль второго плана в мюзикле в 1990 году?"", ""russian_reconstruction_idea"": """", ""source_dataset"": ""kqapro"", ""source_stage"": ""stage6_manual_translation"", ""target_domain_ru"": """", ""translation_comment"": """", ""translation_status"": ""manual_translated""}, ""source_dataset"": ""kqapro""}",{},no_domain_cleaner:kqapro,"Кто из актёров фильма «Заложница», где также снимался Десмонд Харрингтон, получил премию «Тони» за лучшую мужскую роль второго плана в мюзикле в 1990 году?"
kqapro_ed64fe80b461,kqapro,external_multihop,,"{""_source_record"": {""answer_text_items"": [""Thiago Silva""], ""answer_text_original"": ""Thiago Silva"", ""benchmark_id"": ""kqapro_train_075279"", ""hop_count_estimate"": ""3"", ""manual_bucket"": """", ""manual_decision"": """", ""metadata"": {""answer_text"": ""Thiago Silva"", ""benchmark_id"": ""kqapro_train_075279"", ""hop_count_estimate"": ""3"", ""manual_bucket"": """", ""manual_decision"": """", ""notes"": """", ""primary_reasoning_family"": ""multi_hop"", ""program_length"": ""10"", ""program_signature"": ""Find -> Relate -> Find -> And -> Relate -> FilterConcept -> Relate -> QFilterYear -> FilterConcept -> What"", ""question_en_original"": ""What person is a member, starting in 2012, of the association football club whose headquarters location is Paris (that is the narrative location of The Expendables 2)?"", ""recommended_action"": ""keep_for_reconstruction"", ""reconstructability_score_v2"": ""26"", ""russian_reconstruction_idea"": """", ""target_domain_ru"": """"}, ""notes"": """", ""primary_reasoning_family"": ""multi_hop"", ""program_length"": ""10"", ""program_signature"": ""Find -> Relate -> Find -> And -> Relate -> FilterConcept -> Relate -> QFilterYear -> FilterConcept -> What"", ""question_en_original"": ""What person is a member, starting in 2012, of the association football club whose headquarters location is Paris (that is the narrative location of The Expendables 2)?"", ""question_ru"": ""Какой человек с 2012 года является членом футбольного клуба, штаб-квартира которого находится в Париже — городе, где происходит действие фильма «Неудержимые 2»?"", ""question_ru_manual"": ""Какой человек с 2012 года является членом футбольного клуба, штаб-квартира которого находится в Париже — городе, где происходит действие фильма «Неудержимые 2»?"", ""russian_reconstruction_idea"": """", ""source_dataset"": ""kqapro"", ""source_stage"": ""stage6_manual_translation"", ""target_domain_ru"": """", ""translation_comment"": """", ""translation_status"": ""manual_translated""}, ""source_dataset"": ""kqapro""}",{},no_domain_cleaner:kqapro,"Какой человек с 2012 года является членом футбольного клуба, штаб-квартира которого находится в Париже — городе, где происходит действие фильма «Неудержимые 2»?"
kqapro_a25eb1f73006,kqapro,external_multihop,,"{""_source_record"": {""answer_text_items"": [""Ōsaka Prefecture""], ""answer_text_original"": ""Ōsaka Prefecture"", ""benchmark_id"": ""kqapro_train_075408"", ""hop_count_estimate"": ""2"", ""manual_bucket"": """", ""manual_decision"": """", ""metadata"": {""answer_text"": ""Ōsaka Prefecture"", ""benchmark_id"": ""kqapro_train_075408"", ""hop_count_estimate"": ""2"", ""manual_bucket"": """", ""manual_decision"": """", ""notes"": """", ""primary_reasoning_family"": ""multi_hop"", ""program_length"": ""12"", ""program_signature"": ""FindAll -> FilterNum -> FilterConcept -> Find -> Relate -> Find -> And -> Relate -> QFilterDate -> FilterConcept -> And -> What"", ""question_en_original"": ""Which Japanese prefecture consists of more than 15 percent of water area and is the twinned administrative body of Shanghai (the one that is the twinned administrative body of Yokohama) since 21st November 1980 ?"", ""recommended_action"": ""keep_for_reconstruction"", ""reconstructability_score_v2"": ""25"", ""russian_reconstruction_idea"": """", ""target_domain_ru"": """"}, ""notes"": """", ""primary_reasoning_family"": ""multi_hop"", ""program_length"": ""12"", ""program_signature"": ""FindAll -> FilterNum -> FilterConcept -> Find -> Relate -> Find -> And -> Relate -> QFilterDate -> FilterConcept -> And -> What"", ""question_en_original"": ""Which Japanese prefecture consists of more than 15 percent of water area and is the twinned administrative body of Shanghai (the one that is the twinned administrative body of Yokohama) since 21st November 1980 ?"", ""question_ru"": ""Какая японская префектура более чем на 15% состоит из водной площади и с 21 ноября 1980 года является побратимом Шанхая, который, в свою очередь, является побратимом Иокогамы?"", ""question_ru_manual"": ""Какая японская префектура более чем на 15% состоит из водной площади и с 21 ноября 1980 года является побратимом Шанхая, который, в свою очередь, является побратимом Иокогамы?"", ""russian_reconstruction_idea"": """", ""source_dataset"": ""kqapro"", ""source_stage"": ""stage6_manual_translation"", ""target_domain_ru"": """", ""translation_comment"": """", ""translation_status"": ""manual_translated""}, ""source_dataset"": ""kqapro""}",{},no_domain_cleaner:kqapro,"Какая японская префектура более чем на 15% состоит из водной площади и с 21 ноября 1980 года является побратимом Шанхая, который, в свою очередь, является побратимом Иокогамы?"
kqapro_d1898e0d2929,kqapro,external_multihop,,"{""_source_record"": {""answer_text_items"": [""Greene County""], ""answer_text_original"": ""Greene County"", ""benchmark_id"": ""kqapro_train_076295"", ""hop_count_estimate"": ""2"", ""manual_bucket"": """", ""manual_decision"": """", ""metadata"": {""answer_text"": ""Greene County"", ""benchmark_id"": ""kqapro_train_076295"", ""hop_count_estimate"": ""2"", ""manual_bucket"": """", ""manual_decision"": """", ""notes"": """", ""primary_reasoning_family"": ""multi_hop"", ""program_length"": ""12"", ""program_signature"": ""Find -> Relate -> Find -> And -> Relate -> FilterConcept -> FindAll -> FilterNum -> QFilterYear -> FilterConcept -> And -> What"", ""question_en_original"": ""What New York county in New York (the one that is the release region of Monty Python and the Holy Grail) had a population of 48455 at the point in time of this statement which is 2013?"", ""recommended_action"": ""keep_for_reconstruction"", ""reconstructability_score_v2"": ""25"", ""russian_reconstruction_idea"": """", ""target_domain_ru"": """"}, ""notes"": """", ""primary_reasoning_family"": ""multi_hop"", ""program_length"": ""12"", ""program_signature"": ""Find -> Relate -> Find -> And -> Relate -> FilterConcept -> FindAll -> FilterNum -> QFilterYear -> FilterConcept -> And -> What"", ""question_en_original"": ""What New York county in New York (the one that is the release region of Monty Python and the Holy Grail) had a population of 48455 at the point in time of this statement which is 2013?"", ""question_ru"": ""В каком округе штата Нью-Йорк, где был выпущен фильм «Монти Пайтон и Священный Грааль», в 2013 году численность населения составляла 48 455 человек?"", ""question_ru_manual"": ""В каком округе штата Нью-Йорк, где был выпущен фильм «Монти Пайтон и Священный Грааль», в 2013 году численность населения составляла 48 455 человек?"", ""russian_reconstruction_idea"": """", ""source_dataset"": ""kqapro"", ""source_stage"": ""stage6_manual_translation"", ""target_domain_ru"": """", ""translation_comment"": """", ""translation_status"": ""manual_translated""}, ""source_dataset"": ""kqapro""}",{},no_domain_cleaner:kqapro;population_mentioned_but_not_parsed,"В каком округе штата Нью-Йорк, где был выпущен фильм «Монти Пайтон и Священный Грааль», в 2013 году численность населения составляла 48 455 человек?"
kqapro_722c5966e953,kqapro,external_multihop,,"{""_source_record"": {""answer_text_items"": [""Face/Off""], ""answer_text_original"": ""Face/Off"", ""benchmark_id"": ""kqapro_train_035011"", ""hop_count_estimate"": ""2"", ""manual_bucket"": """", ""manual_decision"": """", ""metadata"": {""answer_text"": ""Face/Off"", ""benchmark_id"": ""kqapro_train_035011"", ""hop_count_estimate"": ""2"", ""manual_bucket"": """", ""manual_decision"": """", ""notes"": """", ""primary_reasoning_family"": ""multi_hop"", ""program_length"": ""12"", ""program_signature"": ""Find -> Relate -> Find -> And -> Relate -> FilterConcept -> FindAll -> FilterDate -> QFilterStr -> FilterConcept -> And -> What"", ""question_en_original"": ""Which visual artwork has its narrative location in California (the filming location of An Alan Smithee Film: Burn Hollywood Burn) and was published on 1997-10-08 in Sweden?"", ""recommended_action"": ""keep_for_reconstruction"", ""reconstructability_score_v2"": ""25"", ""russian_reconstruction_idea"": """", ""target_domain_ru"": """"}, ""notes"": """", ""primary_reasoning_family"": ""multi_hop"", ""program_length"": ""12"", ""program_signature"": ""Find -> Relate -> Find -> And -> Relate -> FilterConcept -> FindAll -> FilterDate -> QFilterStr -> FilterConcept -> And -> What"", ""question_en_original"": ""Which visual artwork has its narrative location in California (the filming location of An Alan Smithee Film: Burn Hollywood Burn) and was published on 1997-10-08 in Sweden?"", ""question_ru"": ""Какое визуальное произведение, действие которого происходит в Калифорнии — месте съёмок фильма «Гори, Голливуд, гори», — было опубликовано в Швеции 8 октября 1997 года?"", ""question_ru_manual"": ""Какое визуальное произведение, действие которого происходит в Калифорнии — месте съёмок фильма «Гори, Голливуд, гори», — было опубликовано в Швеции 8 октября 1997 года?"", ""russian_reconstruction_idea"": """", ""source_dataset"": ""kqapro"", ""source_stage"": ""stage6_manual_translation"", ""target_domain_ru"": """", ""translation_comment"": """", ""translation_status"": ""manual_translated""}, ""source_dataset"": ""kqapro""}",{},no_domain_cleaner:kqapro,"Какое визуальное произведение, действие которого происходит в Калифорнии — месте съёмок фильма «Гори, Голливуд, гори», — было опубликовано в Швеции 8 октября 1997 года?"
kqapro_7aa565162073,kqapro,external_multihop,,"{""_source_record"": {""answer_text_items"": [""Everybody Loves Raymond""], ""answer_text_original"": ""Everybody Loves Raymond"", ""benchmark_id"": ""kqapro_train_085057"", ""hop_count_estimate"": ""2"", ""manual_bucket"": """", ""manual_decision"": """", ""metadata"": {""answer_text"": ""Everybody Loves Raymond"", ""benchmark_id"": ""kqapro_train_085057"", ""hop_count_estimate"": ""2"", ""manual_bucket"": """", ""manual_decision"": """", ""notes"": """", ""primary_reasoning_family"": ""multi_hop"", ""program_length"": ""12"", ""program_signature"": ""Find -> Relate -> Find -> And -> Relate -> QFilterStr -> FilterConcept -> FindAll -> FilterYear -> FilterConcept -> And -> What"", ""question_en_original"": ""Which television series contains \""Six Feet Under\"" (which has Patricia Heaton as a cast member and has a series ordinal of 44) and ended after 1882?"", ""recommended_action"": ""keep_for_reconstruction"", ""reconstructability_score_v2"": ""25"", ""russian_reconstruction_idea"": """", ""target_domain_ru"": """"}, ""notes"": """", ""primary_reasoning_family"": ""multi_hop"", ""program_length"": ""12"", ""program_signature"": ""Find -> Relate -> Find -> And -> Relate -> QFilterStr -> FilterConcept -> FindAll -> FilterYear -> FilterConcept -> And -> What"", ""question_en_original"": ""Which television series contains \""Six Feet Under\"" (which has Patricia Heaton as a cast member and has a series ordinal of 44) and ended after 1882?"", ""question_ru"": ""Какой телесериал включает эпизод «Six Feet Under», в котором снималась Патриция Хитон и который имеет порядковый номер 44, и завершился после 1882 года?"", ""question_ru_manual"": ""Какой телесериал включает эпизод «Six Feet Under», в котором снималась Патриция Хитон и который имеет порядковый номер 44, и завершился после 1882 года?"", ""russian_reconstruction_idea"": """", ""source_dataset"": ""kqapro"", ""source_stage"": ""stage6_manual_translation"", ""target_domain_ru"": """", ""translation_comment"": """", ""translation_status"": ""manual_translated""}, ""source_dataset"": ""kqapro""}",{},no_domain_cleaner:kqapro,"Какой телесериал включает эпизод «Six Feet Under», в котором снималась Патриция Хитон и который имеет порядковый номер 44, и завершился после 1882 года?"
kqapro_d3fffa4a9834,kqapro,external_multihop,,"{""_source_record"": {""answer_text_items"": [""Jack Huston""], ""answer_text_original"": ""Jack Huston"", ""benchmark_id"": ""kqapro_train_090128"", ""hop_count_estimate"": ""2"", ""manual_bucket"": """", ""manual_decision"": """", ""metadata"": {""answer_text"": ""Jack Huston"", ""benchmark_id"": ""kqapro_train_090128"", ""hop_count_estimate"": ""2"", ""manual_bucket"": """", ""manual_decision"": """", ""notes"": """", ""primary_reasoning_family"": ""multi_hop"", ""program_length"": ""10"", ""program_signature"": ""Find -> Relate -> QFilterYear -> FilterConcept -> Find -> FilterNum -> Relate -> FilterConcept -> And -> What"", ""question_en_original"": ""What person is the winner of the Screen Actors Guild Award for Outstanding Performance by an Ensemble in a Drama Series in the year 2012 and is a cast member of Ben-Hur whose length is 125 minutes?"", ""recommended_action"": ""keep_for_reconstruction"", ""reconstructability_score_v2"": ""25"", ""russian_reconstruction_idea"": """", ""target_domain_ru"": """"}, ""notes"": """", ""primary_reasoning_family"": ""multi_hop"", ""program_length"": ""10"", ""program_signature"": ""Find -> Relate -> QFilterYear -> FilterConcept -> Find -> FilterNum -> Relate -> FilterConcept -> And -> What"", ""question_en_original"": ""What person is the winner of the Screen Actors Guild Award for Outstanding Performance by an Ensemble in a Drama Series in the year 2012 and is a cast member of Ben-Hur whose length is 125 minutes?"", ""question_ru"": ""Какой человек получил премию Гильдии киноактёров США за лучший актёрский состав в драматическом сериале в 2012 году и снимался в фильме «Бен-Гур» продолжительностью 125 минут?"", ""question_ru_manual"": ""Какой человек получил премию Гильдии киноактёров США за лучший актёрский состав в драматическом сериале в 2012 году и снимался в фильме «Бен-Гур» продолжительностью 125 минут?"", ""russian_reconstruction_idea"": """", ""source_dataset"": ""kqapro"", ""source_stage"": ""stage6_manual_translation"", ""target_domain_ru"": """", ""translation_comment"": """", ""translation_status"": ""manual_translated""}, ""source_dataset"": ""kqapro""}",{},no_domain_cleaner:kqapro,Какой человек получил премию Гильдии киноактёров США за лучший актёрский состав в драматическом сериале в 2012 году и снимался в фильме «Бен-Гур» продолжительностью 125 минут?
kqapro_5a50a1b9962f,kqapro,external_multihop,,"{""_source_record"": {""answer_text_items"": [""Christoph Waltz""], ""answer_text_original"": ""Christoph Waltz"", ""benchmark_id"": ""kqapro_val_007523"", ""hop_count_estimate"": ""2"", ""manual_bucket"": """", ""manual_decision"": """", ""metadata"": {""answer_text"": ""Christoph Waltz"", ""benchmark_id"": ""kqapro_val_007523"", ""hop_count_estimate"": ""2"", ""manual_bucket"": """", ""manual_decision"": """", ""notes"": """", ""primary_reasoning_family"": ""multi_hop"", ""program_length"": ""9"", ""program_signature"": ""Find -> Relate -> QFilterStr -> FilterConcept -> Find -> Relate -> FilterConcept -> And -> What"", ""question_en_original"": ""Which person received the Cannes Film Festival Award for Best Actor and received the Broadcast Film Critics Association Awards 2009?"", ""recommended_action"": ""keep_for_reconstruction"", ""reconstructability_score_v2"": ""25"", ""russian_reconstruction_idea"": """", ""target_domain_ru"": """"}, ""notes"": """", ""primary_reasoning_family"": ""multi_hop"", ""program_length"": ""9"", ""program_signature"": ""Find -> Relate -> QFilterStr -> FilterConcept -> Find -> Relate -> FilterConcept -> And -> What"", ""question_en_original"": ""Which person received the Cannes Film Festival Award for Best Actor and received the Broadcast Film Critics Association Awards 2009?"", ""question_ru"": ""Какой человек получил приз Каннского кинофестиваля за лучшую мужскую роль и премию Ассоциации кинокритиков вещательных компаний в 2009 году?"", ""question_ru_manual"": ""Какой человек получил приз Каннского кинофестиваля за лучшую мужскую роль и премию Ассоциации кинокритиков вещательных компаний в 2009 году?"", ""russian_reconstruction_idea"": """", ""source_dataset"": ""kqapro"", ""source_stage"": ""stage6_manual_translation"", ""target_domain_ru"": """", ""translation_comment"": """", ""translation_status"": ""manual_translated""}, ""source_dataset"": ""kqapro""}",{},no_domain_cleaner:kqapro,Какой человек получил приз Каннского кинофестиваля за лучшую мужскую роль и премию Ассоциации кинокритиков вещательных компаний в 2009 году?
kqapro_04ada9639358,kqapro,external_multihop,,"{""_source_record"": {""answer_text_items"": [""1986""], ""answer_text_original"": ""1986"", ""benchmark_id"": ""kqapro_train_080370"", ""hop_count_estimate"": ""2"", ""manual_bucket"": """", ""manual_decision"": """", ""metadata"": {""answer_text"": ""1986"", ""benchmark_id"": ""kqapro_train_080370"", ""hop_count_estimate"": ""2"", ""manual_bucket"": """", ""manual_decision"": """", ""notes"": """", ""primary_reasoning_family"": ""multi_hop"", ""program_length"": ""9"", ""program_signature"": ""Find -> Relate -> Find -> And -> Find -> Relate -> Find -> And -> QueryRelationQualifier"", ""question_en_original"": ""What is the beginning date that Viacom (that is the owner of Paramount Pictures) is the parent company of Nickelodeon whose headquarters is located in New York City?"", ""recommended_action"": ""keep_for_reconstruction"", ""reconstructability_score_v2"": ""25"", ""russian_reconstruction_idea"": """", ""target_domain_ru"": """"}, ""notes"": """", ""primary_reasoning_family"": ""multi_hop"", ""program_length"": ""9"", ""program_signature"": ""Find -> Relate -> Find -> And -> Find -> Relate -> Find -> And -> QueryRelationQualifier"", ""question_en_original"": ""What is the beginning date that Viacom (that is the owner of Paramount Pictures) is the parent company of Nickelodeon whose headquarters is located in New York City?"", ""question_ru"": ""С какой даты Viacom, владеющая Paramount Pictures, является материнской компанией Nickelodeon, штаб-квартира которой находится в Нью-Йорке?"", ""question_ru_manual"": ""С какой даты Viacom, владеющая Paramount Pictures, является материнской компанией Nickelodeon, штаб-квартира которой находится в Нью-Йорке?"", ""russian_reconstruction_idea"": """", ""source_dataset"": ""kqapro"", ""source_stage"": ""stage6_manual_translation"", ""target_domain_ru"": """", ""translation_comment"": """", ""translation_status"": ""manual_translated""}, ""source_dataset"": ""kqapro""}",{},no_domain_cleaner:kqapro,"С какой даты Viacom, владеющая Paramount Pictures, является материнской компанией Nickelodeon, штаб-квартира которой находится в Нью-Йорке?"
kqapro_1c61dda7d89a,kqapro,external_multihop,,"{""_source_record"": {""answer_text_items"": [""Adele""], ""answer_text_original"": ""Adele"", ""benchmark_id"": ""kqapro_train_093938"", ""hop_count_estimate"": ""2"", ""manual_bucket"": """", ""manual_decision"": """", ""metadata"": {""answer_text"": ""Adele"", ""benchmark_id"": ""kqapro_train_093938"", ""hop_count_estimate"": ""2"", ""manual_bucket"": """", ""manual_decision"": """", ""notes"": """", ""primary_reasoning_family"": ""multi_hop"", ""program_length"": ""9"", ""program_signature"": ""Find -> Relate -> FilterConcept -> Find -> Relate -> QFilterYear -> FilterConcept -> And -> What"", ""question_en_original"": ""Which person received the 54th Annual Grammy Awards and won the MTV Video Music Award for Best Art Direction (the point in time of this statement is 2011)?"", ""recommended_action"": ""keep_for_reconstruction"", ""reconstructability_score_v2"": ""25"", ""russian_reconstruction_idea"": """", ""target_domain_ru"": """"}, ""notes"": """", ""primary_reasoning_family"": ""multi_hop"", ""program_length"": ""9"", ""program_signature"": ""Find -> Relate -> FilterConcept -> Find -> Relate -> QFilterYear -> FilterConcept -> And -> What"", ""question_en_original"": ""Which person received the 54th Annual Grammy Awards and won the MTV Video Music Award for Best Art Direction (the point in time of this statement is 2011)?"", ""question_ru"": ""Какой человек получил премию на 54-й церемонии «Грэмми» и выиграл премию MTV Video Music Award за лучшую художественную постановку в 2011 году?"", ""question_ru_manual"": ""Какой человек получил премию на 54-й церемонии «Грэмми» и выиграл премию MTV Video Music Award за лучшую художественную постановку в 2011 году?"", ""russian_reconstruction_idea"": """", ""source_dataset"": ""kqapro"", ""source_stage"": ""stage6_manual_translation"", ""target_domain_ru"": """", ""translation_comment"": """", ""translation_status"": ""manual_translated""}, ""source_dataset"": ""kqapro""}",{},no_domain_cleaner:kqapro,Какой человек получил премию на 54-й церемонии «Грэмми» и выиграл премию MTV Video Music Award за лучшую художественную постановку в 2011 году?
kqapro_d7d45e334d7b,kqapro,external_multihop,,"{""_source_record"": {""answer_text_items"": [""The Monkees""], ""answer_text_original"": ""The Monkees"", ""benchmark_id"": ""kqapro_train_051875"", ""hop_count_estimate"": ""2"", ""manual_bucket"": """", ""manual_decision"": """", ""metadata"": {""answer_text"": ""The Monkees"", ""benchmark_id"": ""kqapro_train_051875"", ""hop_count_estimate"": ""2"", ""manual_bucket"": """", ""manual_decision"": """", ""notes"": """", ""primary_reasoning_family"": ""multi_hop"", ""program_length"": ""9"", ""program_signature"": ""Find -> Relate -> FilterConcept -> Find -> Relate -> QFilterYear -> FilterConcept -> And -> What"", ""question_en_original"": ""What theatrical genre is situation comedy and was nominated for a Primetime Emmy Award for Outstanding Directing for a Comedy Series in the year 1968?"", ""recommended_action"": ""keep_for_reconstruction"", ""reconstructability_score_v2"": ""25"", ""russian_reconstruction_idea"": """", ""target_domain_ru"": """"}, ""notes"": """", ""primary_reasoning_family"": ""multi_hop"", ""program_length"": ""9"", ""program_signature"": ""Find -> Relate -> FilterConcept -> Find -> Relate -> QFilterYear -> FilterConcept -> And -> What"", ""question_en_original"": ""What theatrical genre is situation comedy and was nominated for a Primetime Emmy Award for Outstanding Directing for a Comedy Series in the year 1968?"", ""question_ru"": ""Какой театральный жанр является ситуационной комедией и был номинирован на прайм-тайм премию «Эмми» за лучшую режиссуру комедийного сериала в 1968 году?"", ""question_ru_manual"": ""Какой театральный жанр является ситуационной комедией и был номинирован на прайм-тайм премию «Эмми» за лучшую режиссуру комедийного сериала в 1968 году?"", ""russian_reconstruction_idea"": """", ""source_dataset"": ""kqapro"", ""source_stage"": ""stage6_manual_translation"", ""target_domain_ru"": """", ""translation_comment"": """", ""translation_status"": ""manual_translated""}, ""source_dataset"": ""kqapro""}",{},no_domain_cleaner:kqapro,Какой театральный жанр является ситуационной комедией и был номинирован на прайм-тайм премию «Эмми» за лучшую режиссуру комедийного сериала в 1968 году?
kqapro_2782f4e536f5,kqapro,external_multihop,,"{""_source_record"": {""answer_text_items"": [""John Adams""], ""answer_text_original"": ""John Adams"", ""benchmark_id"": ""kqapro_train_012433"", ""hop_count_estimate"": ""2"", ""manual_bucket"": """", ""manual_decision"": """", ""metadata"": {""answer_text"": ""John Adams"", ""benchmark_id"": ""kqapro_train_012433"", ""hop_count_estimate"": ""2"", ""manual_bucket"": """", ""manual_decision"": """", ""notes"": """", ""primary_reasoning_family"": ""multi_hop"", ""program_length"": ""9"", ""program_signature"": ""Find -> Relate -> FilterConcept -> Find -> Relate -> QFilterYear -> FilterConcept -> And -> What"", ""question_en_original"": ""What person is a participant in the First Continental Congress and is president of the United States of America until the ending date in 1801?"", ""recommended_action"": ""keep_for_reconstruction"", ""reconstructability_score_v2"": ""25"", ""russian_reconstruction_idea"": """", ""target_domain_ru"": """"}, ""notes"": """", ""primary_reasoning_family"": ""multi_hop"", ""program_length"": ""9"", ""program_signature"": ""Find -> Relate -> FilterConcept -> Find -> Relate -> QFilterYear -> FilterConcept -> And -> What"", ""question_en_original"": ""What person is a participant in the First Continental Congress and is president of the United States of America until the ending date in 1801?"", ""question_ru"": ""Кто был участником Первого Континентального конгресса и занимал должность президента США до 1801 года?"", ""question_ru_manual"": ""Кто был участником Первого Континентального конгресса и занимал должность президента США до 1801 года?"", ""russian_reconstruction_idea"": """", ""source_dataset"": ""kqapro"", ""source_stage"": ""stage6_manual_translation"", ""target_domain_ru"": """", ""translation_comment"": """", ""translation_status"": ""manual_translated""}, ""source_dataset"": ""kqapro""}",{},no_domain_cleaner:kqapro,Кто был участником Первого Континентального конгресса и занимал должность президента США до 1801 года?
kqapro_7d98be3533d7,kqapro,external_multihop,,"{""_source_record"": {""answer_text_items"": [""MTV Video Music Award for Best Choreography""], ""answer_text_original"": ""MTV Video Music Award for Best Choreography"", ""benchmark_id"": ""kqapro_train_024590"", ""hop_count_estimate"": ""2"", ""manual_bucket"": """", ""manual_decision"": """", ""metadata"": {""answer_text"": ""MTV Video Music Award for Best Choreography"", ""benchmark_id"": ""kqapro_train_024590"", ""hop_count_estimate"": ""2"", ""manual_bucket"": """", ""manual_decision"": """", ""notes"": """", ""primary_reasoning_family"": ""multi_hop"", ""program_length"": ""9"", ""program_signature"": ""Find -> Relate -> FilterConcept -> Find -> Relate -> QFilterYear -> FilterConcept -> And -> What"", ""question_en_original"": ""Which MTV Video MusicAward was nominated to Aaliyah and also to Alanis Morissette (the point in time of this statement is 2000) ?"", ""recommended_action"": ""keep_for_reconstruction"", ""reconstructability_score_v2"": ""25"", ""russian_reconstruction_idea"": """", ""target_domain_ru"": """"}, ""notes"": """", ""primary_reasoning_family"": ""multi_hop"", ""program_length"": ""9"", ""program_signature"": ""Find -> Relate -> FilterConcept -> Find -> Relate -> QFilterYear -> FilterConcept -> And -> What"", ""question_en_original"": ""Which MTV Video MusicAward was nominated to Aaliyah and also to Alanis Morissette (the point in time of this statement is 2000) ?"", ""question_ru"": ""На какую премию MTV Video Music Award в 2000 году были номинированы и Aaliyah, и Alanis Morissette?"", ""question_ru_manual"": ""На какую премию MTV Video Music Award в 2000 году были номинированы и Aaliyah, и Alanis Morissette?"", ""russian_reconstruction_idea"": """", ""source_dataset"": ""kqapro"", ""source_stage"": ""stage6_manual_translation"", ""target_domain_ru"": """", ""translation_comment"": """", ""translation_status"": ""manual_translated""}, ""source_dataset"": ""kqapro""}",{},no_domain_cleaner:kqapro,"На какую премию MTV Video Music Award в 2000 году были номинированы и Aaliyah, и Alanis Morissette?"
kqapro_c4722e13a227,kqapro,external_multihop,,"{""_source_record"": {""answer_text_items"": [""Pasadena""], ""answer_text_original"": ""Pasadena"", ""benchmark_id"": ""kqapro_train_078807"", ""hop_count_estimate"": ""1"", ""manual_bucket"": """", ""manual_decision"": """", ""metadata"": {""answer_text"": ""Pasadena"", ""benchmark_id"": ""kqapro_train_078807"", ""hop_count_estimate"": ""1"", ""manual_bucket"": """", ""manual_decision"": """", ""notes"": """", ""primary_reasoning_family"": ""logical_set"", ""program_length"": ""9"", ""program_signature"": ""FindAll -> FilterNum -> QFilterYear -> FilterConcept -> FindAll -> FilterStr -> FilterConcept -> And -> What"", ""question_en_original"": ""What big city has a population that is less than 2900000000 (the point in time of this statement is 2010) and a Dewey Decimal Classification of 2--79493?"", ""recommended_action"": ""keep_for_reconstruction"", ""reconstructability_score_v2"": ""21"", ""russian_reconstruction_idea"": """", ""target_domain_ru"": """"}, ""notes"": """", ""primary_reasoning_family"": ""logical_set"", ""program_length"": ""9"", ""program_signature"": ""FindAll -> FilterNum -> QFilterYear -> FilterConcept -> FindAll -> FilterStr -> FilterConcept -> And -> What"", ""question_en_original"": ""What big city has a population that is less than 2900000000 (the point in time of this statement is 2010) and a Dewey Decimal Classification of 2--79493?"", ""question_ru"": ""Какой крупный город в 2010 году имел население менее 2 900 000 000 человек и классификацию Дьюи 2--79493?"", ""question_ru_manual"": ""Какой крупный город в 2010 году имел население менее 2 900 000 000 человек и классификацию Дьюи 2--79493?"", ""russian_reconstruction_idea"": """", ""source_dataset"": ""kqapro"", ""source_stage"": ""stage6_manual_translation"", ""target_domain_ru"": """", ""translation_comment"": """", ""translation_status"": ""manual_translated""}, ""source_dataset"": ""kqapro""}",{},no_domain_cleaner:kqapro;population_mentioned_but_not_parsed,Какой крупный город в 2010 году имел население менее 2 900 000 000 человек и классификацию Дьюи 2--79493?
kqapro_17fe5373654f,kqapro,external_multihop,,"{""_source_record"": {""answer_text_items"": [""Cayman Islands""], ""answer_text_original"": ""Cayman Islands"", ""benchmark_id"": ""kqapro_train_084257"", ""hop_count_estimate"": ""1"", ""manual_bucket"": """", ""manual_decision"": """", ""metadata"": {""answer_text"": ""Cayman Islands"", ""benchmark_id"": ""kqapro_train_084257"", ""hop_count_estimate"": ""1"", ""manual_bucket"": """", ""manual_decision"": """", ""notes"": """", ""primary_reasoning_family"": ""logical_set"", ""program_length"": ""9"", ""program_signature"": ""FindAll -> FilterNum -> QFilterYear -> FilterConcept -> FindAll -> FilterStr -> FilterConcept -> And -> What"", ""question_en_original"": ""Which administrative territorial entity has a population less than 63000000 in 1972 and an ISO 3166-1 numeric code of 136?"", ""recommended_action"": ""keep_for_reconstruction"", ""reconstructability_score_v2"": ""21"", ""russian_reconstruction_idea"": """", ""target_domain_ru"": """"}, ""notes"": """", ""primary_reasoning_family"": ""logical_set"", ""program_length"": ""9"", ""program_signature"": ""FindAll -> FilterNum -> QFilterYear -> FilterConcept -> FindAll -> FilterStr -> FilterConcept -> And -> What"", ""question_en_original"": ""Which administrative territorial entity has a population less than 63000000 in 1972 and an ISO 3166-1 numeric code of 136?"", ""question_ru"": ""Какая административно-территориальная единица в 1972 году имела население менее 63 000 000 человек и числовой код ISO 3166-1 136?"", ""question_ru_manual"": ""Какая административно-территориальная единица в 1972 году имела население менее 63 000 000 человек и числовой код ISO 3166-1 136?"", ""russian_reconstruction_idea"": """", ""source_dataset"": ""kqapro"", ""source_stage"": ""stage6_manual_translation"", ""target_domain_ru"": """", ""translation_comment"": """", ""translation_status"": ""manual_translated""}, ""source_dataset"": ""kqapro""}",{},no_domain_cleaner:kqapro;population_mentioned_but_not_parsed,Какая административно-территориальная единица в 1972 году имела население менее 63 000 000 человек и числовой код ISO 3166-1 136?
kqapro_6213f0fc911b,kqapro,external_multihop,,"{""_source_record"": {""answer_text_items"": [""Conservative Party""], ""answer_text_original"": ""Conservative Party"", ""benchmark_id"": ""kqapro_train_090019"", ""hop_count_estimate"": ""1"", ""manual_bucket"": """", ""manual_decision"": """", ""metadata"": {""answer_text"": ""Conservative Party"", ""benchmark_id"": ""kqapro_train_090019"", ""hop_count_estimate"": ""1"", ""manual_bucket"": """", ""manual_decision"": """", ""notes"": """", ""primary_reasoning_family"": ""logical_set"", ""program_length"": ""9"", ""program_signature"": ""FindAll -> FilterStr -> FilterConcept -> FindAll -> FilterNum -> QFilterYear -> FilterConcept -> And -> What"", ""question_en_original"": ""Which political party has an sRGB color hex triplet of 0087DC and a member count greater than 59000 (the point in time of this statement is 2013)?"", ""recommended_action"": ""keep_for_reconstruction"", ""reconstructability_score_v2"": ""21"", ""russian_reconstruction_idea"": """", ""target_domain_ru"": """"}, ""notes"": """", ""primary_reasoning_family"": ""logical_set"", ""program_length"": ""9"", ""program_signature"": ""FindAll -> FilterStr -> FilterConcept -> FindAll -> FilterNum -> QFilterYear -> FilterConcept -> And -> What"", ""question_en_original"": ""Which political party has an sRGB color hex triplet of 0087DC and a member count greater than 59000 (the point in time of this statement is 2013)?"", ""question_ru"": ""Какая политическая партия имеет цвет в sRGB с hex-кодом 0087DC и в 2013 году насчитывала более 59 000 членов?"", ""question_ru_manual"": ""Какая политическая партия имеет цвет в sRGB с hex-кодом 0087DC и в 2013 году насчитывала более 59 000 членов?"", ""russian_reconstruction_idea"": """", ""source_dataset"": ""kqapro"", ""source_stage"": ""stage6_manual_translation"", ""target_domain_ru"": """", ""translation_comment"": """", ""translation_status"": ""manual_translated""}, ""source_dataset"": ""kqapro""}",{},no_domain_cleaner:kqapro,Какая политическая партия имеет цвет в sRGB с hex-кодом 0087DC и в 2013 году насчитывала более 59 000 членов?
kqapro_7fd32a8e592e,kqapro,external_multihop,,"{""_source_record"": {""answer_text_items"": [""Johnny Depp""], ""answer_text_original"": ""Johnny Depp"", ""benchmark_id"": ""kqapro_train_074826"", ""hop_count_estimate"": ""1"", ""manual_bucket"": """", ""manual_decision"": """", ""metadata"": {""answer_text"": ""Johnny Depp"", ""benchmark_id"": ""kqapro_train_074826"", ""hop_count_estimate"": ""1"", ""manual_bucket"": """", ""manual_decision"": """", ""notes"": """", ""primary_reasoning_family"": ""logical_set"", ""program_length"": ""9"", ""program_signature"": ""FindAll -> FilterStr -> FilterConcept -> FindAll -> FilterNum -> QFilterYear -> FilterConcept -> And -> What"", ""question_en_original"": ""Who is the person with CANTIC-ID a10073449 and a net worth of greater than 380000000 U.S. dollars (the point in time of this statement is 2017)?"", ""recommended_action"": ""keep_for_reconstruction"", ""reconstructability_score_v2"": ""21"", ""russian_reconstruction_idea"": """", ""target_domain_ru"": """"}, ""notes"": """", ""primary_reasoning_family"": ""logical_set"", ""program_length"": ""9"", ""program_signature"": ""FindAll -> FilterStr -> FilterConcept -> FindAll -> FilterNum -> QFilterYear -> FilterConcept -> And -> What"", ""question_en_original"": ""Who is the person with CANTIC-ID a10073449 and a net worth of greater than 380000000 U.S. dollars (the point in time of this statement is 2017)?"", ""question_ru"": ""Кто имеет CANTIC-ID a10073449 и состояние более 380 миллионов долларов США по данным на 2017 год?"", ""question_ru_manual"": ""Кто имеет CANTIC-ID a10073449 и состояние более 380 миллионов долларов США по данным на 2017 год?"", ""russian_reconstruction_idea"": """", ""source_dataset"": ""kqapro"", ""source_stage"": ""stage6_manual_translation"", ""target_domain_ru"": """", ""translation_comment"": """", ""translation_status"": ""manual_translated""}, ""source_dataset"": ""kqapro""}",{},no_domain_cleaner:kqapro,Кто имеет CANTIC-ID a10073449 и состояние более 380 миллионов долларов США по данным на 2017 год?
kqapro_4c9344fe732e,kqapro,external_multihop,,"{""_source_record"": {""answer_text_items"": [""People's Republic of China""], ""answer_text_original"": ""People's Republic of China"", ""benchmark_id"": ""kqapro_train_081043"", ""hop_count_estimate"": ""1"", ""manual_bucket"": """", ""manual_decision"": """", ""metadata"": {""answer_text"": ""People's Republic of China"", ""benchmark_id"": ""kqapro_train_081043"", ""hop_count_estimate"": ""1"", ""manual_bucket"": """", ""manual_decision"": """", ""notes"": """", ""primary_reasoning_family"": ""logical_set"", ""program_length"": ""9"", ""program_signature"": ""FindAll -> FilterStr -> FilterConcept -> FindAll -> FilterNum -> QFilterYear -> FilterConcept -> And -> What"", ""question_en_original"": ""What is the name of the sovereign state whose demonym is jonguo and whose Human Development Index is less than 0.9 in 2014?"", ""recommended_action"": ""keep_for_reconstruction"", ""reconstructability_score_v2"": ""21"", ""russian_reconstruction_idea"": """", ""target_domain_ru"": """"}, ""notes"": """", ""primary_reasoning_family"": ""logical_set"", ""program_length"": ""9"", ""program_signature"": ""FindAll -> FilterStr -> FilterConcept -> FindAll -> FilterNum -> QFilterYear -> FilterConcept -> And -> What"", ""question_en_original"": ""What is the name of the sovereign state whose demonym is jonguo and whose Human Development Index is less than 0.9 in 2014?"", ""question_ru"": ""Как называется суверенное государство, жителей которого называют jonguo, а индекс человеческого развития в 2014 году был ниже 0,9?"", ""question_ru_manual"": ""Как называется суверенное государство, жителей которого называют jonguo, а индекс человеческого развития в 2014 году был ниже 0,9?"", ""russian_reconstruction_idea"": """", ""source_dataset"": ""kqapro"", ""source_stage"": ""stage6_manual_translation"", ""target_domain_ru"": """", ""translation_comment"": """", ""translation_status"": ""manual_translated""}, ""source_dataset"": ""kqapro""}",{},no_domain_cleaner:kqapro,"Как называется суверенное государство, жителей которого называют jonguo, а индекс человеческого развития в 2014 году был ниже 0,9?"
kqapro_c06df760fa93,kqapro,external_multihop,,"{""_source_record"": {""answer_text_items"": [""Bolivia""], ""answer_text_original"": ""Bolivia"", ""benchmark_id"": ""kqapro_val_009265"", ""hop_count_estimate"": ""1"", ""manual_bucket"": """", ""manual_decision"": """", ""metadata"": {""answer_text"": ""Bolivia"", ""benchmark_id"": ""kqapro_val_009265"", ""hop_count_estimate"": ""1"", ""manual_bucket"": """", ""manual_decision"": """", ""notes"": """", ""primary_reasoning_family"": ""logical_set"", ""program_length"": ""9"", ""program_signature"": ""FindAll -> FilterNum -> QFilterYear -> FilterConcept -> FindAll -> FilterNum -> FilterConcept -> And -> What"", ""question_en_original"": ""What country reached a population of 5762673 in 1983, and is known by having its nominal GDP per capital of 7500 USD?"", ""recommended_action"": ""keep_for_reconstruction"", ""reconstructability_score_v2"": ""21"", ""russian_reconstruction_idea"": """", ""target_domain_ru"": """"}, ""notes"": """", ""primary_reasoning_family"": ""logical_set"", ""program_length"": ""9"", ""program_signature"": ""FindAll -> FilterNum -> QFilterYear -> FilterConcept -> FindAll -> FilterNum -> FilterConcept -> And -> What"", ""question_en_original"": ""What country reached a population of 5762673 in 1983, and is known by having its nominal GDP per capital of 7500 USD?"", ""question_ru"": ""Какая страна в 1983 году достигла численности населения 5 762 673 человек и известна тем, что её номинальный ВВП на душу населения составляет 7 500 долларов США?"", ""question_ru_manual"": ""Какая страна в 1983 году достигла численности населения 5 762 673 человек и известна тем, что её номинальный ВВП на душу населения составляет 7 500 долларов США?"", ""russian_reconstruction_idea"": """", ""source_dataset"": ""kqapro"", ""source_stage"": ""stage6_manual_translation"", ""target_domain_ru"": """", ""translation_comment"": """", ""translation_status"": ""manual_translated""}, ""source_dataset"": ""kqapro""}",{},no_domain_cleaner:kqapro;population_mentioned_but_not_parsed,"Какая страна в 1983 году достигла численности населения 5 762 673 человек и известна тем, что её номинальный ВВП на душу населения составляет 7 500 долларов США?"
kqapro_6c85742b40c7,kqapro,external_multihop,,"{""_source_record"": {""answer_text_items"": [""House of Flying Daggers""], ""answer_text_original"": ""House of Flying Daggers"", ""benchmark_id"": ""kqapro_train_061509"", ""hop_count_estimate"": ""1"", ""manual_bucket"": """", ""manual_decision"": """", ""metadata"": {""answer_text"": ""House of Flying Daggers"", ""benchmark_id"": ""kqapro_train_061509"", ""hop_count_estimate"": ""1"", ""manual_bucket"": """", ""manual_decision"": """", ""notes"": """", ""primary_reasoning_family"": ""logical_set"", ""program_length"": ""9"", ""program_signature"": ""FindAll -> FilterYear -> FilterConcept -> FindAll -> FilterStr -> QFilterStr -> FilterConcept -> And -> What"", ""question_en_original"": ""What visual artwork was published after 1995 and titled 十面埋伏 (the transliteration of this statement is Shi mian mai fu) ?"", ""recommended_action"": ""keep_for_reconstruction"", ""reconstructability_score_v2"": ""21"", ""russian_reconstruction_idea"": """", ""target_domain_ru"": """"}, ""notes"": """", ""primary_reasoning_family"": ""logical_set"", ""program_length"": ""9"", ""program_signature"": ""FindAll -> FilterYear -> FilterConcept -> FindAll -> FilterStr -> QFilterStr -> FilterConcept -> And -> What"", ""question_en_original"": ""What visual artwork was published after 1995 and titled 十面埋伏 (the transliteration of this statement is Shi mian mai fu) ?"", ""question_ru"": ""Какое визуальное произведение было опубликовано после 1995 года и имеет название «十面埋伏»?"", ""question_ru_manual"": ""Какое визуальное произведение было опубликовано после 1995 года и имеет название «十面埋伏»?"", ""russian_reconstruction_idea"": """", ""source_dataset"": ""kqapro"", ""source_stage"": ""stage6_manual_translation"", ""target_domain_ru"": """", ""translation_comment"": """", ""translation_status"": ""manual_translated""}, ""source_dataset"": ""kqapro""}",{},no_domain_cleaner:kqapro,Какое визуальное произведение было опубликовано после 1995 года и имеет название «十面埋伏»?
kqapro_13625a69f143,kqapro,external_multihop,,"{""_source_record"": {""answer_text_items"": [""He's Just Not That into You""], ""answer_text_original"": ""He's Just Not That into You"", ""benchmark_id"": ""kqapro_train_088381"", ""hop_count_estimate"": ""1"", ""manual_bucket"": """", ""manual_decision"": """", ""metadata"": {""answer_text"": ""He's Just Not That into You"", ""benchmark_id"": ""kqapro_train_088381"", ""hop_count_estimate"": ""1"", ""manual_bucket"": """", ""manual_decision"": """", ""notes"": """", ""primary_reasoning_family"": ""logical_set"", ""program_length"": ""9"", ""program_signature"": ""FindAll -> FilterNum -> FilterConcept -> FindAll -> FilterDate -> QFilterStr -> FilterConcept -> And -> What"", ""question_en_original"": ""What visual artwork is costing less than 240000000 USD and it was published in Hungary on 26th February 2009 ?"", ""recommended_action"": ""keep_for_reconstruction"", ""reconstructability_score_v2"": ""21"", ""russian_reconstruction_idea"": """", ""target_domain_ru"": """"}, ""notes"": """", ""primary_reasoning_family"": ""logical_set"", ""program_length"": ""9"", ""program_signature"": ""FindAll -> FilterNum -> FilterConcept -> FindAll -> FilterDate -> QFilterStr -> FilterConcept -> And -> What"", ""question_en_original"": ""What visual artwork is costing less than 240000000 USD and it was published in Hungary on 26th February 2009 ?"", ""question_ru"": ""Какое визуальное произведение стоило менее 240 миллионов долларов США и было выпущено в Венгрии 26 февраля 2009 года?"", ""question_ru_manual"": ""Какое визуальное произведение стоило менее 240 миллионов долларов США и было выпущено в Венгрии 26 февраля 2009 года?"", ""russian_reconstruction_idea"": """", ""source_dataset"": ""kqapro"", ""source_stage"": ""stage6_manual_translation"", ""target_domain_ru"": """", ""translation_comment"": """", ""translation_status"": ""manual_translated""}, ""source_dataset"": ""kqapro""}",{},no_domain_cleaner:kqapro,Какое визуальное произведение стоило менее 240 миллионов долларов США и было выпущено в Венгрии 26 февраля 2009 года?
kqapro_164e2c46d21a,kqapro,external_multihop,,"{""_source_record"": {""answer_text_items"": [""Makati""], ""answer_text_original"": ""Makati"", ""benchmark_id"": ""kqapro_train_009429"", ""hop_count_estimate"": ""1"", ""manual_bucket"": """", ""manual_decision"": """", ""metadata"": {""answer_text"": ""Makati"", ""benchmark_id"": ""kqapro_train_009429"", ""hop_count_estimate"": ""1"", ""manual_bucket"": """", ""manual_decision"": """", ""notes"": """", ""primary_reasoning_family"": ""logical_set"", ""program_length"": ""9"", ""program_signature"": ""FindAll -> FilterNum -> FilterConcept -> FindAll -> FilterNum -> QFilterDate -> FilterConcept -> And -> What"", ""question_en_original"": ""What big city's population is over 530000 and electorate is not 97000 (this statement's date is 2010-01-15)?"", ""recommended_action"": ""keep_for_reconstruction"", ""reconstructability_score_v2"": ""21"", ""russian_reconstruction_idea"": """", ""target_domain_ru"": """"}, ""notes"": """", ""primary_reasoning_family"": ""logical_set"", ""program_length"": ""9"", ""program_signature"": ""FindAll -> FilterNum -> FilterConcept -> FindAll -> FilterNum -> QFilterDate -> FilterConcept -> And -> What"", ""question_en_original"": ""What big city's population is over 530000 and electorate is not 97000 (this statement's date is 2010-01-15)?"", ""question_ru"": ""Какой крупный город по состоянию на 15 января 2010 года имел население более 530 000 человек, а число избирателей не равнялось 97 000?"", ""question_ru_manual"": ""Какой крупный город по состоянию на 15 января 2010 года имел население более 530 000 человек, а число избирателей не равнялось 97 000?"", ""russian_reconstruction_idea"": """", ""source_dataset"": ""kqapro"", ""source_stage"": ""stage6_manual_translation"", ""target_domain_ru"": """", ""translation_comment"": """", ""translation_status"": ""manual_translated""}, ""source_dataset"": ""kqapro""}",{},no_domain_cleaner:kqapro;population_mentioned_but_not_parsed,"Какой крупный город по состоянию на 15 января 2010 года имел население более 530 000 человек, а число избирателей не равнялось 97 000?"
kqapro_a43e8f00b43c,kqapro,external_multihop,,"{""_source_record"": {""answer_text_items"": [""Becket""], ""answer_text_original"": ""Becket"", ""benchmark_id"": ""kqapro_train_050839"", ""hop_count_estimate"": ""1"", ""manual_bucket"": """", ""manual_decision"": """", ""metadata"": {""answer_text"": ""Becket"", ""benchmark_id"": ""kqapro_train_050839"", ""hop_count_estimate"": ""1"", ""manual_bucket"": """", ""manual_decision"": """", ""notes"": """", ""primary_reasoning_family"": ""logical_set"", ""program_length"": ""9"", ""program_signature"": ""FindAll -> FilterStr -> QFilterYear -> FilterConcept -> FindAll -> FilterNum -> FilterConcept -> And -> What"", ""question_en_original"": ""What film is the one whose exploitation visa number 28767 was in 1964 and whose duration is 148 minutes ?"", ""recommended_action"": ""keep_for_reconstruction"", ""reconstructability_score_v2"": ""21"", ""russian_reconstruction_idea"": """", ""target_domain_ru"": """"}, ""notes"": """", ""primary_reasoning_family"": ""logical_set"", ""program_length"": ""9"", ""program_signature"": ""FindAll -> FilterStr -> QFilterYear -> FilterConcept -> FindAll -> FilterNum -> FilterConcept -> And -> What"", ""question_en_original"": ""What film is the one whose exploitation visa number 28767 was in 1964 and whose duration is 148 minutes ?"", ""question_ru"": ""Какой фильм в 1964 году получил прокатное удостоверение № 28767 и имеет продолжительность 148 минут?"", ""question_ru_manual"": ""Какой фильм в 1964 году получил прокатное удостоверение № 28767 и имеет продолжительность 148 минут?"", ""russian_reconstruction_idea"": """", ""source_dataset"": ""kqapro"", ""source_stage"": ""stage6_manual_translation"", ""target_domain_ru"": """", ""translation_comment"": """", ""translation_status"": ""manual_translated""}, ""source_dataset"": ""kqapro""}",{},no_domain_cleaner:kqapro,Какой фильм в 1964 году получил прокатное удостоверение № 28767 и имеет продолжительность 148 минут?
kqapro_54ad132690a5,kqapro,external_multihop,,"{""_source_record"": {""answer_text_items"": [""Jefferson Parish""], ""answer_text_original"": ""Jefferson Parish"", ""benchmark_id"": ""kqapro_val_008716"", ""hop_count_estimate"": ""1"", ""manual_bucket"": """", ""manual_decision"": """", ""metadata"": {""answer_text"": ""Jefferson Parish"", ""benchmark_id"": ""kqapro_val_008716"", ""hop_count_estimate"": ""1"", ""manual_bucket"": """", ""manual_decision"": """", ""notes"": """", ""primary_reasoning_family"": ""logical_set"", ""program_length"": ""9"", ""program_signature"": ""FindAll -> FilterNum -> FilterConcept -> FindAll -> FilterNum -> QFilterYear -> FilterConcept -> And -> What"", ""question_en_original"": ""What Louisiana parish's area is 1663 square kilometers and population is over 3.3 in the year 2015?"", ""recommended_action"": ""keep_for_reconstruction"", ""reconstructability_score_v2"": ""21"", ""russian_reconstruction_idea"": """", ""target_domain_ru"": """"}, ""notes"": """", ""primary_reasoning_family"": ""logical_set"", ""program_length"": ""9"", ""program_signature"": ""FindAll -> FilterNum -> FilterConcept -> FindAll -> FilterNum -> QFilterYear -> FilterConcept -> And -> What"", ""question_en_original"": ""What Louisiana parish's area is 1663 square kilometers and population is over 3.3 in the year 2015?"", ""question_ru"": ""Какой округ штата Луизиана имеет площадь 1663 квадратных километра и население более 3,3 по данным за 2015 год?"", ""question_ru_manual"": ""Какой округ штата Луизиана имеет площадь 1663 квадратных километра и население более 3,3 по данным за 2015 год?"", ""russian_reconstruction_idea"": """", ""source_dataset"": ""kqapro"", ""source_stage"": ""stage6_manual_translation"", ""target_domain_ru"": """", ""translation_comment"": """", ""translation_status"": ""manual_translated""}, ""source_dataset"": ""kqapro""}",{},no_domain_cleaner:kqapro;population_mentioned_but_not_parsed,"Какой округ штата Луизиана имеет площадь 1663 квадратных километра и население более 3,3 по данным за 2015 год?"
kqapro_0c28506dfd3e,kqapro,external_multihop,,"{""_source_record"": {""answer_text_items"": [""Virginia""], ""answer_text_original"": ""Virginia"", ""benchmark_id"": ""kqapro_train_089559"", ""hop_count_estimate"": ""1"", ""manual_bucket"": """", ""manual_decision"": """", ""metadata"": {""answer_text"": ""Virginia"", ""benchmark_id"": ""kqapro_train_089559"", ""hop_count_estimate"": ""1"", ""manual_bucket"": """", ""manual_decision"": """", ""notes"": """", ""primary_reasoning_family"": ""logical_set"", ""program_length"": ""9"", ""program_signature"": ""FindAll -> FilterStr -> FilterConcept -> FindAll -> FilterNum -> QFilterStr -> FilterConcept -> And -> What"", ""question_en_original"": ""Which United States state has the nickname Mother of the Presidents and Mother of the Statesmen and has a population greater than 0.8 (the determination method of this statement is census)?"", ""recommended_action"": ""keep_for_reconstruction"", ""reconstructability_score_v2"": ""19"", ""russian_reconstruction_idea"": """", ""target_domain_ru"": """"}, ""notes"": """", ""primary_reasoning_family"": ""logical_set"", ""program_length"": ""9"", ""program_signature"": ""FindAll -> FilterStr -> FilterConcept -> FindAll -> FilterNum -> QFilterStr -> FilterConcept -> And -> What"", ""question_en_original"": ""Which United States state has the nickname Mother of the Presidents and Mother of the Statesmen and has a population greater than 0.8 (the determination method of this statement is census)?"", ""question_ru"": ""Какой штат США имеет прозвища «Мать президентов» и «Мать государственных деятелей» и, согласно переписи населения, имеет численность населения более 0,8?"", ""question_ru_manual"": ""Какой штат США имеет прозвища «Мать президентов» и «Мать государственных деятелей» и, согласно переписи населения, имеет численность населения более 0,8?"", ""russian_reconstruction_idea"": """", ""source_dataset"": ""kqapro"", ""source_stage"": ""stage6_manual_translation"", ""target_domain_ru"": """", ""translation_comment"": """", ""translation_status"": ""manual_translated""}, ""source_dataset"": ""kqapro""}",{},no_domain_cleaner:kqapro;population_mentioned_but_not_parsed,"Какой штат США имеет прозвища «Мать президентов» и «Мать государственных деятелей» и, согласно переписи населения, имеет численность населения более 0,8?"
kqapro_bfeea2ebeae0,kqapro,external_multihop,,"{""_source_record"": {""answer_text_items"": [""Thailand national football team""], ""answer_text_original"": ""Thailand national football team"", ""benchmark_id"": ""kqapro_train_048912"", ""hop_count_estimate"": ""1"", ""manual_bucket"": """", ""manual_decision"": """", ""metadata"": {""answer_text"": ""Thailand national football team"", ""benchmark_id"": ""kqapro_train_048912"", ""hop_count_estimate"": ""1"", ""manual_bucket"": """", ""manual_decision"": """", ""notes"": """", ""primary_reasoning_family"": ""qualifier"", ""program_length"": ""7"", ""program_signature"": ""FindAll -> FilterNum -> QFilterYear -> FilterConcept -> Relate -> FilterConcept -> What"", ""question_en_original"": ""What national association football team belongs to the constitutional monarchy whose population is 35820705 (the point in time of this statement is 1969)?"", ""recommended_action"": ""keep_for_reconstruction"", ""reconstructability_score_v2"": ""17"", ""russian_reconstruction_idea"": """", ""target_domain_ru"": """"}, ""notes"": """", ""primary_reasoning_family"": ""qualifier"", ""program_length"": ""7"", ""program_signature"": ""FindAll -> FilterNum -> QFilterYear -> FilterConcept -> Relate -> FilterConcept -> What"", ""question_en_original"": ""What national association football team belongs to the constitutional monarchy whose population is 35820705 (the point in time of this statement is 1969)?"", ""question_ru"": ""Какая национальная футбольная сборная относится к конституционной монархии, население которой в 1969 году составляло 35 820 705 человек?"", ""question_ru_manual"": ""Какая национальная футбольная сборная относится к конституционной монархии, население которой в 1969 году составляло 35 820 705 человек?"", ""russian_reconstruction_idea"": """", ""source_dataset"": ""kqapro"", ""source_stage"": ""stage6_manual_translation"", ""target_domain_ru"": """", ""translation_comment"": """", ""translation_status"": ""manual_translated""}, ""source_dataset"": ""kqapro""}",{},no_domain_cleaner:kqapro;population_mentioned_but_not_parsed,"Какая национальная футбольная сборная относится к конституционной монархии, население которой в 1969 году составляло 35 820 705 человек?"
kqapro_aa6f50a17ea2,kqapro,external_multihop,,"{""_source_record"": {""answer_text_items"": [""Gameloft""], ""answer_text_original"": ""Gameloft"", ""benchmark_id"": ""kqapro_train_089268"", ""hop_count_estimate"": ""1"", ""manual_bucket"": """", ""manual_decision"": """", ""metadata"": {""answer_text"": ""Gameloft"", ""benchmark_id"": ""kqapro_train_089268"", ""hop_count_estimate"": ""1"", ""manual_bucket"": """", ""manual_decision"": """", ""notes"": """", ""primary_reasoning_family"": ""qualifier"", ""program_length"": ""7"", ""program_signature"": ""FindAll -> FilterNum -> QFilterYear -> FilterConcept -> Relate -> FilterConcept -> What"", ""question_en_original"": ""Which video game developer is the child organization of the organization whose operating income was less than 1700000000 euros in 2015?"", ""recommended_action"": ""keep_for_reconstruction"", ""reconstructability_score_v2"": ""17"", ""russian_reconstruction_idea"": """", ""target_domain_ru"": """"}, ""notes"": """", ""primary_reasoning_family"": ""qualifier"", ""program_length"": ""7"", ""program_signature"": ""FindAll -> FilterNum -> QFilterYear -> FilterConcept -> Relate -> FilterConcept -> What"", ""question_en_original"": ""Which video game developer is the child organization of the organization whose operating income was less than 1700000000 euros in 2015?"", ""question_ru"": ""Какой разработчик видеоигр является дочерней организацией компании, операционная прибыль которой в 2015 году была меньше 1,7 миллиарда евро?"", ""question_ru_manual"": ""Какой разработчик видеоигр является дочерней организацией компании, операционная прибыль которой в 2015 году была меньше 1,7 миллиарда евро?"", ""russian_reconstruction_idea"": """", ""source_dataset"": ""kqapro"", ""source_stage"": ""stage6_manual_translation"", ""target_domain_ru"": """", ""translation_comment"": """", ""translation_status"": ""manual_translated""}, ""source_dataset"": ""kqapro""}",{},no_domain_cleaner:kqapro,"Какой разработчик видеоигр является дочерней организацией компании, операционная прибыль которой в 2015 году была меньше 1,7 миллиарда евро?"
kqapro_f9674e642a0d,kqapro,external_multihop,,"{""_source_record"": {""answer_text_items"": [""Mighty Morphin Power Rangers""], ""answer_text_original"": ""Mighty Morphin Power Rangers"", ""benchmark_id"": ""kqapro_train_092484"", ""hop_count_estimate"": ""1"", ""manual_bucket"": """", ""manual_decision"": """", ""metadata"": {""answer_text"": ""Mighty Morphin Power Rangers"", ""benchmark_id"": ""kqapro_train_092484"", ""hop_count_estimate"": ""1"", ""manual_bucket"": """", ""manual_decision"": """", ""notes"": """", ""primary_reasoning_family"": ""qualifier"", ""program_length"": ""7"", ""program_signature"": ""FindAll -> FilterNum -> QFilterYear -> FilterConcept -> Relate -> FilterConcept -> What"", ""question_en_original"": ""What Power Rangers originates in the sovereign state whose nominal GDP is 4346734000000 United States dollars in the year 1985?"", ""recommended_action"": ""keep_for_reconstruction"", ""reconstructability_score_v2"": ""17"", ""russian_reconstruction_idea"": """", ""target_domain_ru"": """"}, ""notes"": """", ""primary_reasoning_family"": ""qualifier"", ""program_length"": ""7"", ""program_signature"": ""FindAll -> FilterNum -> QFilterYear -> FilterConcept -> Relate -> FilterConcept -> What"", ""question_en_original"": ""What Power Rangers originates in the sovereign state whose nominal GDP is 4346734000000 United States dollars in the year 1985?"", ""question_ru"": ""Какие «Могучие рейнджеры» происходят из суверенного государства, номинальный ВВП которого в 1985 году составлял 4 346 734 000 000 долларов США?"", ""question_ru_manual"": ""Какие «Могучие рейнджеры» происходят из суверенного государства, номинальный ВВП которого в 1985 году составлял 4 346 734 000 000 долларов США?"", ""russian_reconstruction_idea"": """", ""source_dataset"": ""kqapro"", ""source_stage"": ""stage6_manual_translation"", ""target_domain_ru"": """", ""translation_comment"": """", ""translation_status"": ""manual_translated""}, ""source_dataset"": ""kqapro""}",{},no_domain_cleaner:kqapro,"Какие «Могучие рейнджеры» происходят из суверенного государства, номинальный ВВП которого в 1985 году составлял 4 346 734 000 000 долларов США?"
kqapro_6d3682ff3740,kqapro,external_multihop,,"{""_source_record"": {""answer_text_items"": [""mechanical engineering""], ""answer_text_original"": ""mechanical engineering"", ""benchmark_id"": ""kqapro_train_050852"", ""hop_count_estimate"": ""1"", ""manual_bucket"": """", ""manual_decision"": """", ""metadata"": {""answer_text"": ""mechanical engineering"", ""benchmark_id"": ""kqapro_train_050852"", ""hop_count_estimate"": ""1"", ""manual_bucket"": """", ""manual_decision"": """", ""notes"": """", ""primary_reasoning_family"": ""qualifier"", ""program_length"": ""7"", ""program_signature"": ""FindAll -> FilterNum -> QFilterYear -> FilterConcept -> Relate -> FilterConcept -> What"", ""question_en_original"": ""What engineering field is the part of an industry related to an agent whose total assets equalled 493,071,000,000 USD in 2015?"", ""recommended_action"": ""keep_for_reconstruction"", ""reconstructability_score_v2"": ""17"", ""russian_reconstruction_idea"": """", ""target_domain_ru"": """"}, ""notes"": """", ""primary_reasoning_family"": ""qualifier"", ""program_length"": ""7"", ""program_signature"": ""FindAll -> FilterNum -> QFilterYear -> FilterConcept -> Relate -> FilterConcept -> What"", ""question_en_original"": ""What engineering field is the part of an industry related to an agent whose total assets equalled 493,071,000,000 USD in 2015?"", ""question_ru"": ""Какая инженерная область относится к отрасли, связанной с организацией, чьи совокупные активы в 2015 году составляли 493 071 000 000 долларов США?"", ""question_ru_manual"": ""Какая инженерная область относится к отрасли, связанной с организацией, чьи совокупные активы в 2015 году составляли 493 071 000 000 долларов США?"", ""russian_reconstruction_idea"": """", ""source_dataset"": ""kqapro"", ""source_stage"": ""stage6_manual_translation"", ""target_domain_ru"": """", ""translation_comment"": """", ""translation_status"": ""manual_translated""}, ""source_dataset"": ""kqapro""}",{},no_domain_cleaner:kqapro,"Какая инженерная область относится к отрасли, связанной с организацией, чьи совокупные активы в 2015 году составляли 493 071 000 000 долларов США?"
kqapro_2edea0fa3feb,kqapro,external_multihop,,"{""_source_record"": {""answer_text_items"": [""Shrek the Third""], ""answer_text_original"": ""Shrek the Third"", ""benchmark_id"": ""kqapro_train_080908"", ""hop_count_estimate"": ""1"", ""manual_bucket"": """", ""manual_decision"": """", ""metadata"": {""answer_text"": ""Shrek the Third"", ""benchmark_id"": ""kqapro_train_080908"", ""hop_count_estimate"": ""1"", ""manual_bucket"": """", ""manual_decision"": """", ""notes"": """", ""primary_reasoning_family"": ""qualifier"", ""program_length"": ""7"", ""program_signature"": ""FindAll -> FilterStr -> FilterConcept -> Relate -> QFilterStr -> FilterConcept -> What"", ""question_en_original"": ""What animated feature film includes a voice actor, playing Rapunzel, whose Deutsche Synchronkartei actor-ID is 5701 ?"", ""recommended_action"": ""keep_for_reconstruction"", ""reconstructability_score_v2"": ""17"", ""russian_reconstruction_idea"": """", ""target_domain_ru"": """"}, ""notes"": """", ""primary_reasoning_family"": ""qualifier"", ""program_length"": ""7"", ""program_signature"": ""FindAll -> FilterStr -> FilterConcept -> Relate -> QFilterStr -> FilterConcept -> What"", ""question_en_original"": ""What animated feature film includes a voice actor, playing Rapunzel, whose Deutsche Synchronkartei actor-ID is 5701 ?"", ""question_ru"": ""В каком полнометражном анимационном фильме есть актриса озвучивания, сыгравшая Рапунцель, чей actor-ID в Deutsche Synchronkartei равен 5701?"", ""question_ru_manual"": ""В каком полнометражном анимационном фильме есть актриса озвучивания, сыгравшая Рапунцель, чей actor-ID в Deutsche Synchronkartei равен 5701?"", ""russian_reconstruction_idea"": """", ""source_dataset"": ""kqapro"", ""source_stage"": ""stage6_manual_translation"", ""target_domain_ru"": """", ""translation_comment"": """", ""translation_status"": ""manual_translated""}, ""source_dataset"": ""kqapro""}",{},no_domain_cleaner:kqapro,"В каком полнометражном анимационном фильме есть актриса озвучивания, сыгравшая Рапунцель, чей actor-ID в Deutsche Synchronkartei равен 5701?"
kqapro_aa3849df7055,kqapro,external_multihop,,"{""_source_record"": {""answer_text_items"": [""The Lord of the Rings: The Return of the King""], ""answer_text_original"": ""The Lord of the Rings: The Return of the King"", ""benchmark_id"": ""kqapro_train_028104"", ""hop_count_estimate"": ""1"", ""manual_bucket"": """", ""manual_decision"": """", ""metadata"": {""answer_text"": ""The Lord of the Rings: The Return of the King"", ""benchmark_id"": ""kqapro_train_028104"", ""hop_count_estimate"": ""1"", ""manual_bucket"": """", ""manual_decision"": """", ""notes"": """", ""primary_reasoning_family"": ""qualifier"", ""program_length"": ""7"", ""program_signature"": ""FindAll -> FilterYear -> FilterConcept -> Relate -> QFilterStr -> FilterConcept -> What"", ""question_en_original"": ""What visual artwork received an award whose winner is Barrie M. Osborne at the the Academy Awards having a beginning date in the year 1929?"", ""recommended_action"": ""keep_for_reconstruction"", ""reconstructability_score_v2"": ""17"", ""russian_reconstruction_idea"": """", ""target_domain_ru"": """"}, ""notes"": """", ""primary_reasoning_family"": ""qualifier"", ""program_length"": ""7"", ""program_signature"": ""FindAll -> FilterYear -> FilterConcept -> Relate -> QFilterStr -> FilterConcept -> What"", ""question_en_original"": ""What visual artwork received an award whose winner is Barrie M. Osborne at the the Academy Awards having a beginning date in the year 1929?"", ""question_ru"": ""Какое визуальное произведение получило награду, лауреатом которой был Барри М. Осборн, на премии «Оскар», учреждённой в 1929 году?"", ""question_ru_manual"": ""Какое визуальное произведение получило награду, лауреатом которой был Барри М. Осборн, на премии «Оскар», учреждённой в 1929 году?"", ""russian_reconstruction_idea"": """", ""source_dataset"": ""kqapro"", ""source_stage"": ""stage6_manual_translation"", ""target_domain_ru"": """", ""translation_comment"": """", ""translation_status"": ""manual_translated""}, ""source_dataset"": ""kqapro""}",{},no_domain_cleaner:kqapro,"Какое визуальное произведение получило награду, лауреатом которой был Барри М. Осборн, на премии «Оскар», учреждённой в 1929 году?"
kqapro_a3eef9076d13,kqapro,external_multihop,,"{""_source_record"": {""answer_text_items"": [""Kevin McCarthy""], ""answer_text_original"": ""Kevin McCarthy"", ""benchmark_id"": ""kqapro_train_086137"", ""hop_count_estimate"": ""1"", ""manual_bucket"": """", ""manual_decision"": """", ""metadata"": {""answer_text"": ""Kevin McCarthy"", ""benchmark_id"": ""kqapro_train_086137"", ""hop_count_estimate"": ""1"", ""manual_bucket"": """", ""manual_decision"": """", ""notes"": """", ""primary_reasoning_family"": ""qualifier"", ""program_length"": ""7"", ""program_signature"": ""FindAll -> FilterYear -> FilterConcept -> Relate -> QFilterStr -> FilterConcept -> What"", ""question_en_original"": ""Which person was nominated for the award whose start time is before 1960 (the award-winning work of this statement is Death of a Salesman)"", ""recommended_action"": ""keep_for_reconstruction"", ""reconstructability_score_v2"": ""17"", ""russian_reconstruction_idea"": """", ""target_domain_ru"": """"}, ""notes"": """", ""primary_reasoning_family"": ""qualifier"", ""program_length"": ""7"", ""program_signature"": ""FindAll -> FilterYear -> FilterConcept -> Relate -> QFilterStr -> FilterConcept -> What"", ""question_en_original"": ""Which person was nominated for the award whose start time is before 1960 (the award-winning work of this statement is Death of a Salesman)"", ""question_ru"": ""Кто был номинирован на премию, учреждённую до 1960 года, за работу «Смерть коммивояжёра»?"", ""question_ru_manual"": ""Кто был номинирован на премию, учреждённую до 1960 года, за работу «Смерть коммивояжёра»?"", ""russian_reconstruction_idea"": """", ""source_dataset"": ""kqapro"", ""source_stage"": ""stage6_manual_translation"", ""target_domain_ru"": """", ""translation_comment"": """", ""translation_status"": ""manual_translated""}, ""source_dataset"": ""kqapro""}",{},no_domain_cleaner:kqapro,"Кто был номинирован на премию, учреждённую до 1960 года, за работу «Смерть коммивояжёра»?"
kqapro_293f0ad17a8a,kqapro,external_multihop,,"{""_source_record"": {""answer_text_items"": [""Taken""], ""answer_text_original"": ""Taken"", ""benchmark_id"": ""kqapro_train_085318"", ""hop_count_estimate"": ""1"", ""manual_bucket"": """", ""manual_decision"": """", ""metadata"": {""answer_text"": ""Taken"", ""benchmark_id"": ""kqapro_train_085318"", ""hop_count_estimate"": ""1"", ""manual_bucket"": """", ""manual_decision"": """", ""notes"": """", ""primary_reasoning_family"": ""qualifier"", ""program_length"": ""7"", ""program_signature"": ""FindAll -> FilterYear -> FilterConcept -> Relate -> QFilterStr -> FilterConcept -> What"", ""question_en_original"": ""What work is part of the film series which was published in 2008 (the series ordinal of this statement is 1)?"", ""recommended_action"": ""keep_for_reconstruction"", ""reconstructability_score_v2"": ""17"", ""russian_reconstruction_idea"": """", ""target_domain_ru"": """"}, ""notes"": """", ""primary_reasoning_family"": ""qualifier"", ""program_length"": ""7"", ""program_signature"": ""FindAll -> FilterYear -> FilterConcept -> Relate -> QFilterStr -> FilterConcept -> What"", ""question_en_original"": ""What work is part of the film series which was published in 2008 (the series ordinal of this statement is 1)?"", ""question_ru"": ""Какое произведение является первой частью киносерии и было выпущено в 2008 году?"", ""question_ru_manual"": ""Какое произведение является первой частью киносерии и было выпущено в 2008 году?"", ""russian_reconstruction_idea"": """", ""source_dataset"": ""kqapro"", ""source_stage"": ""stage6_manual_translation"", ""target_domain_ru"": """", ""translation_comment"": """", ""translation_status"": ""manual_translated""}, ""source_dataset"": ""kqapro""}",{},no_domain_cleaner:kqapro,Какое произведение является первой частью киносерии и было выпущено в 2008 году?
kqapro_ef3d29adb7da,kqapro,external_multihop,,"{""_source_record"": {""answer_text_items"": [""LeBron James""], ""answer_text_original"": ""LeBron James"", ""benchmark_id"": ""kqapro_train_019814"", ""hop_count_estimate"": ""1"", ""manual_bucket"": """", ""manual_decision"": """", ""metadata"": {""answer_text"": ""LeBron James"", ""benchmark_id"": ""kqapro_train_019814"", ""hop_count_estimate"": ""1"", ""manual_bucket"": """", ""manual_decision"": """", ""notes"": """", ""primary_reasoning_family"": ""qualifier"", ""program_length"": ""7"", ""program_signature"": ""FindAll -> FilterYear -> FilterConcept -> Relate -> QFilterStr -> FilterConcept -> What"", ""question_en_original"": ""Who was the first overall draft pick of the National Basketabll Association Draft before 2004?"", ""recommended_action"": ""keep_for_reconstruction"", ""reconstructability_score_v2"": ""17"", ""russian_reconstruction_idea"": """", ""target_domain_ru"": """"}, ""notes"": """", ""primary_reasoning_family"": ""qualifier"", ""program_length"": ""7"", ""program_signature"": ""FindAll -> FilterYear -> FilterConcept -> Relate -> QFilterStr -> FilterConcept -> What"", ""question_en_original"": ""Who was the first overall draft pick of the National Basketabll Association Draft before 2004?"", ""question_ru"": ""Кто был выбран под первым общим номером на драфте Национальной баскетбольной ассоциации до 2004 года?"", ""question_ru_manual"": ""Кто был выбран под первым общим номером на драфте Национальной баскетбольной ассоциации до 2004 года?"", ""russian_reconstruction_idea"": """", ""source_dataset"": ""kqapro"", ""source_stage"": ""stage6_manual_translation"", ""target_domain_ru"": """", ""translation_comment"": """", ""translation_status"": ""manual_translated""}, ""source_dataset"": ""kqapro""}",{},no_domain_cleaner:kqapro,Кто был выбран под первым общим номером на драфте Национальной баскетбольной ассоциации до 2004 года?
kqapro_07c07d3a01d7,kqapro,external_multihop,,"{""_source_record"": {""answer_text_items"": [""Mars""], ""answer_text_original"": ""Mars"", ""benchmark_id"": ""kqapro_train_009875"", ""hop_count_estimate"": ""1"", ""manual_bucket"": """", ""manual_decision"": """", ""metadata"": {""answer_text"": ""Mars"", ""benchmark_id"": ""kqapro_train_009875"", ""hop_count_estimate"": ""1"", ""manual_bucket"": """", ""manual_decision"": """", ""notes"": """", ""primary_reasoning_family"": ""qualifier"", ""program_length"": ""7"", ""program_signature"": ""FindAll -> FilterStr -> QFilterStr -> FilterConcept -> Relate -> FilterConcept -> What"", ""question_en_original"": ""What Roman deity is the origin of the calendar-month name whose series ordinal is 3?"", ""recommended_action"": ""keep_for_reconstruction"", ""reconstructability_score_v2"": ""17"", ""russian_reconstruction_idea"": """", ""target_domain_ru"": """"}, ""notes"": """", ""primary_reasoning_family"": ""qualifier"", ""program_length"": ""7"", ""program_signature"": ""FindAll -> FilterStr -> QFilterStr -> FilterConcept -> Relate -> FilterConcept -> What"", ""question_en_original"": ""What Roman deity is the origin of the calendar-month name whose series ordinal is 3?"", ""question_ru"": ""Какое римское божество дало название месяцу календаря, который имеет порядковый номер 3?"", ""question_ru_manual"": ""Какое римское божество дало название месяцу календаря, который имеет порядковый номер 3?"", ""russian_reconstruction_idea"": """", ""source_dataset"": ""kqapro"", ""source_stage"": ""stage6_manual_translation"", ""target_domain_ru"": """", ""translation_comment"": """", ""translation_status"": ""manual_translated""}, ""source_dataset"": ""kqapro""}",{},no_domain_cleaner:kqapro,"Какое римское божество дало название месяцу календаря, который имеет порядковый номер 3?"
kqapro_8292d64fdaea,kqapro,external_multihop,,"{""_source_record"": {""answer_text_items"": [""Harvey Keitel""], ""answer_text_original"": ""Harvey Keitel"", ""benchmark_id"": ""kqapro_train_020501"", ""hop_count_estimate"": ""1"", ""manual_bucket"": """", ""manual_decision"": """", ""metadata"": {""answer_text"": ""Harvey Keitel"", ""benchmark_id"": ""kqapro_train_020501"", ""hop_count_estimate"": ""1"", ""manual_bucket"": """", ""manual_decision"": """", ""notes"": """", ""primary_reasoning_family"": ""qualifier"", ""program_length"": ""7"", ""program_signature"": ""FindAll -> FilterStr -> FilterConcept -> Relate -> QFilterYear -> FilterConcept -> What"", ""question_en_original"": ""What person is the partner of the individual whose Deutsche Synchronkartei actor-ID is 3108 until the ending year 1993?"", ""recommended_action"": ""keep_for_reconstruction"", ""reconstructability_score_v2"": ""17"", ""russian_reconstruction_idea"": """", ""target_domain_ru"": """"}, ""notes"": """", ""primary_reasoning_family"": ""qualifier"", ""program_length"": ""7"", ""program_signature"": ""FindAll -> FilterStr -> FilterConcept -> Relate -> QFilterYear -> FilterConcept -> What"", ""question_en_original"": ""What person is the partner of the individual whose Deutsche Synchronkartei actor-ID is 3108 until the ending year 1993?"", ""question_ru"": ""Кто был партнёром человека с actor-ID 3108 в Deutsche Synchronkartei до 1993 года?"", ""question_ru_manual"": ""Кто был партнёром человека с actor-ID 3108 в Deutsche Synchronkartei до 1993 года?"", ""russian_reconstruction_idea"": """", ""source_dataset"": ""kqapro"", ""source_stage"": ""stage6_manual_translation"", ""target_domain_ru"": """", ""translation_comment"": """", ""translation_status"": ""manual_translated""}, ""source_dataset"": ""kqapro""}",{},no_domain_cleaner:kqapro,Кто был партнёром человека с actor-ID 3108 в Deutsche Synchronkartei до 1993 года?
kqapro_177c79bcd441,kqapro,external_multihop,,"{""_source_record"": {""answer_text_items"": [""Johnny Depp""], ""answer_text_original"": ""Johnny Depp"", ""benchmark_id"": ""kqapro_train_092757"", ""hop_count_estimate"": ""1"", ""manual_bucket"": """", ""manual_decision"": """", ""metadata"": {""answer_text"": ""Johnny Depp"", ""benchmark_id"": ""kqapro_train_092757"", ""hop_count_estimate"": ""1"", ""manual_bucket"": """", ""manual_decision"": """", ""notes"": """", ""primary_reasoning_family"": ""qualifier"", ""program_length"": ""7"", ""program_signature"": ""FindAll -> FilterStr -> QFilterYear -> FilterConcept -> Relate -> FilterConcept -> What"", ""question_en_original"": ""What person is the narrator of the visual artwork whose exploitation visa number is 95267 (the start date of this statement is in 1998)?"", ""recommended_action"": ""keep_for_reconstruction"", ""reconstructability_score_v2"": ""17"", ""russian_reconstruction_idea"": """", ""target_domain_ru"": """"}, ""notes"": """", ""primary_reasoning_family"": ""qualifier"", ""program_length"": ""7"", ""program_signature"": ""FindAll -> FilterStr -> QFilterYear -> FilterConcept -> Relate -> FilterConcept -> What"", ""question_en_original"": ""What person is the narrator of the visual artwork whose exploitation visa number is 95267 (the start date of this statement is in 1998)?"", ""question_ru"": ""Кто был рассказчиком визуального произведения, получившего прокатное удостоверение № 95267 в 1998 году?"", ""question_ru_manual"": ""Кто был рассказчиком визуального произведения, получившего прокатное удостоверение № 95267 в 1998 году?"", ""russian_reconstruction_idea"": """", ""source_dataset"": ""kqapro"", ""source_stage"": ""stage6_manual_translation"", ""target_domain_ru"": """", ""translation_comment"": """", ""translation_status"": ""manual_translated""}, ""source_dataset"": ""kqapro""}",{},no_domain_cleaner:kqapro,"Кто был рассказчиком визуального произведения, получившего прокатное удостоверение № 95267 в 1998 году?"
kqapro_4a3829505502,kqapro,external_multihop,,"{""_source_record"": {""answer_text_items"": [""Clemson University""], ""answer_text_original"": ""Clemson University"", ""benchmark_id"": ""kqapro_train_017656"", ""hop_count_estimate"": ""1"", ""manual_bucket"": """", ""manual_decision"": """", ""metadata"": {""answer_text"": ""Clemson University"", ""benchmark_id"": ""kqapro_train_017656"", ""hop_count_estimate"": ""1"", ""manual_bucket"": """", ""manual_decision"": """", ""notes"": """", ""primary_reasoning_family"": ""qualifier"", ""program_length"": ""7"", ""program_signature"": ""FindAll -> FilterStr -> QFilterYear -> FilterConcept -> Relate -> FilterConcept -> What"", ""question_en_original"": ""Which land-grant university is located in a United-States state whose short name is SC (the start time of this statement is 1963)?"", ""recommended_action"": ""keep_for_reconstruction"", ""reconstructability_score_v2"": ""17"", ""russian_reconstruction_idea"": """", ""target_domain_ru"": """"}, ""notes"": """", ""primary_reasoning_family"": ""qualifier"", ""program_length"": ""7"", ""program_signature"": ""FindAll -> FilterStr -> QFilterYear -> FilterConcept -> Relate -> FilterConcept -> What"", ""question_en_original"": ""Which land-grant university is located in a United-States state whose short name is SC (the start time of this statement is 1963)?"", ""question_ru"": ""Какой университет со статусом land-grant расположен в штате США, краткое название которого с 1963 года — SC?"", ""question_ru_manual"": ""Какой университет со статусом land-grant расположен в штате США, краткое название которого с 1963 года — SC?"", ""russian_reconstruction_idea"": """", ""source_dataset"": ""kqapro"", ""source_stage"": ""stage6_manual_translation"", ""target_domain_ru"": """", ""translation_comment"": """", ""translation_status"": ""manual_translated""}, ""source_dataset"": ""kqapro""}",{},no_domain_cleaner:kqapro,"Какой университет со статусом land-grant расположен в штате США, краткое название которого с 1963 года — SC?"
kqapro_ab5ad65a1138,kqapro,external_multihop,,"{""_source_record"": {""answer_text_items"": [""Jim Carter""], ""answer_text_original"": ""Jim Carter"", ""benchmark_id"": ""kqapro_train_044690"", ""hop_count_estimate"": ""1"", ""manual_bucket"": """", ""manual_decision"": """", ""metadata"": {""answer_text"": ""Jim Carter"", ""benchmark_id"": ""kqapro_train_044690"", ""hop_count_estimate"": ""1"", ""manual_bucket"": """", ""manual_decision"": """", ""notes"": """", ""primary_reasoning_family"": ""qualifier"", ""program_length"": ""7"", ""program_signature"": ""FindAll -> FilterStr -> FilterConcept -> Relate -> QFilterDate -> FilterConcept -> What"", ""question_en_original"": ""What person is the spouse of the individual whose Deutsche Synchronkartei actor-ID is 8136 (this statement's start date is 1983-01-01)?"", ""recommended_action"": ""keep_for_reconstruction"", ""reconstructability_score_v2"": ""17"", ""russian_reconstruction_idea"": """", ""target_domain_ru"": """"}, ""notes"": """", ""primary_reasoning_family"": ""qualifier"", ""program_length"": ""7"", ""program_signature"": ""FindAll -> FilterStr -> FilterConcept -> Relate -> QFilterDate -> FilterConcept -> What"", ""question_en_original"": ""What person is the spouse of the individual whose Deutsche Synchronkartei actor-ID is 8136 (this statement's start date is 1983-01-01)?"", ""question_ru"": ""Кто является супругом человека с actor-ID 8136 в Deutsche Synchronkartei с 1 января 1983 года?"", ""question_ru_manual"": ""Кто является супругом человека с actor-ID 8136 в Deutsche Synchronkartei с 1 января 1983 года?"", ""russian_reconstruction_idea"": """", ""source_dataset"": ""kqapro"", ""source_stage"": ""stage6_manual_translation"", ""target_domain_ru"": """", ""translation_comment"": """", ""translation_status"": ""manual_translated""}, ""source_dataset"": ""kqapro""}",{},no_domain_cleaner:kqapro,Кто является супругом человека с actor-ID 8136 в Deutsche Synchronkartei с 1 января 1983 года?
kqapro_8486c573682e,kqapro,external_multihop,,"{""_source_record"": {""answer_text_items"": [""Watford""], ""answer_text_original"": ""Watford"", ""benchmark_id"": ""kqapro_train_053829"", ""hop_count_estimate"": ""1"", ""manual_bucket"": """", ""manual_decision"": """", ""metadata"": {""answer_text"": ""Watford"", ""benchmark_id"": ""kqapro_train_053829"", ""hop_count_estimate"": ""1"", ""manual_bucket"": """", ""manual_decision"": """", ""notes"": """", ""primary_reasoning_family"": ""qualifier"", ""program_length"": ""7"", ""program_signature"": ""FindAll -> FilterStr -> FilterConcept -> Relate -> QFilterDate -> FilterConcept -> What"", ""question_en_original"": ""Which town is, since 1st January 1956, the twinned administrative body of a big city whose local dialing code is 06131 ?"", ""recommended_action"": ""keep_for_reconstruction"", ""reconstructability_score_v2"": ""17"", ""russian_reconstruction_idea"": """", ""target_domain_ru"": """"}, ""notes"": """", ""primary_reasoning_family"": ""qualifier"", ""program_length"": ""7"", ""program_signature"": ""FindAll -> FilterStr -> FilterConcept -> Relate -> QFilterDate -> FilterConcept -> What"", ""question_en_original"": ""Which town is, since 1st January 1956, the twinned administrative body of a big city whose local dialing code is 06131 ?"", ""question_ru"": ""Какой город с 1 января 1956 года является побратимом крупного города с телефонным кодом 06131?"", ""question_ru_manual"": ""Какой город с 1 января 1956 года является побратимом крупного города с телефонным кодом 06131?"", ""russian_reconstruction_idea"": """", ""source_dataset"": ""kqapro"", ""source_stage"": ""stage6_manual_translation"", ""target_domain_ru"": """", ""translation_comment"": """", ""translation_status"": ""manual_translated""}, ""source_dataset"": ""kqapro""}",{},no_domain_cleaner:kqapro,Какой город с 1 января 1956 года является побратимом крупного города с телефонным кодом 06131?
kqapro_1a9bff68338d,kqapro,external_multihop,,"{""_source_record"": {""answer_text_items"": [""Rudyard Kipling""], ""answer_text_original"": ""Rudyard Kipling"", ""benchmark_id"": ""kqapro_train_064200"", ""hop_count_estimate"": ""1"", ""manual_bucket"": """", ""manual_decision"": """", ""metadata"": {""answer_text"": ""Rudyard Kipling"", ""benchmark_id"": ""kqapro_train_064200"", ""hop_count_estimate"": ""1"", ""manual_bucket"": """", ""manual_decision"": """", ""notes"": """", ""primary_reasoning_family"": ""qualifier"", ""program_length"": ""7"", ""program_signature"": ""FindAll -> FilterStr -> FilterConcept -> Relate -> QFilterDate -> FilterConcept -> What"", ""question_en_original"": ""What person was nominated for the literary award whose RIA Novosti reference is 54756131 on the date 1907-01-01?"", ""recommended_action"": ""keep_for_reconstruction"", ""reconstructability_score_v2"": ""17"", ""russian_reconstruction_idea"": """", ""target_domain_ru"": """"}, ""notes"": """", ""primary_reasoning_family"": ""qualifier"", ""program_length"": ""7"", ""program_signature"": ""FindAll -> FilterStr -> FilterConcept -> Relate -> QFilterDate -> FilterConcept -> What"", ""question_en_original"": ""What person was nominated for the literary award whose RIA Novosti reference is 54756131 on the date 1907-01-01?"", ""question_ru"": ""Кто был номинирован на литературную премию, у которой идентификатор РИА Новости — 54756131, по состоянию на 1 января 1907 года?"", ""question_ru_manual"": ""Кто был номинирован на литературную премию, у которой идентификатор РИА Новости — 54756131, по состоянию на 1 января 1907 года?"", ""russian_reconstruction_idea"": """", ""source_dataset"": ""kqapro"", ""source_stage"": ""stage6_manual_translation"", ""target_domain_ru"": """", ""translation_comment"": """", ""translation_status"": ""manual_translated""}, ""source_dataset"": ""kqapro""}",{},no_domain_cleaner:kqapro,"Кто был номинирован на литературную премию, у которой идентификатор РИА Новости — 54756131, по состоянию на 1 января 1907 года?"
kqapro_ab7e80f38d22,kqapro,external_multihop,,"{""_source_record"": {""answer_text_items"": [""Cyrano de Bergerac""], ""answer_text_original"": ""Cyrano de Bergerac"", ""benchmark_id"": ""kqapro_val_004047"", ""hop_count_estimate"": ""1"", ""manual_bucket"": """", ""manual_decision"": """", ""metadata"": {""answer_text"": ""Cyrano de Bergerac"", ""benchmark_id"": ""kqapro_val_004047"", ""hop_count_estimate"": ""1"", ""manual_bucket"": """", ""manual_decision"": """", ""notes"": """", ""primary_reasoning_family"": ""qualifier"", ""program_length"": ""7"", ""program_signature"": ""FindAll -> FilterStr -> QFilterDate -> FilterConcept -> Relate -> FilterConcept -> What"", ""question_en_original"": ""What person appears in the film whose exploitation visa number is 66874 (this statement's start date is 1990-03-16)?"", ""recommended_action"": ""keep_for_reconstruction"", ""reconstructability_score_v2"": ""17"", ""russian_reconstruction_idea"": """", ""target_domain_ru"": """"}, ""notes"": """", ""primary_reasoning_family"": ""qualifier"", ""program_length"": ""7"", ""program_signature"": ""FindAll -> FilterStr -> QFilterDate -> FilterConcept -> Relate -> FilterConcept -> What"", ""question_en_original"": ""What person appears in the film whose exploitation visa number is 66874 (this statement's start date is 1990-03-16)?"", ""question_ru"": ""Кто снимался в фильме, получившем прокатное удостоверение № 66874 16 марта 1990 года?"", ""question_ru_manual"": ""Кто снимался в фильме, получившем прокатное удостоверение № 66874 16 марта 1990 года?"", ""russian_reconstruction_idea"": """", ""source_dataset"": ""kqapro"", ""source_stage"": ""stage6_manual_translation"", ""target_domain_ru"": """", ""translation_comment"": """", ""translation_status"": ""manual_translated""}, ""source_dataset"": ""kqapro""}",{},no_domain_cleaner:kqapro,"Кто снимался в фильме, получившем прокатное удостоверение № 66874 16 марта 1990 года?"
kqapro_e77cbf08d4a0,kqapro,external_multihop,,"{""_source_record"": {""answer_text_items"": [""Om Shivpuri""], ""answer_text_original"": ""Om Shivpuri"", ""benchmark_id"": ""kqapro_train_087120"", ""hop_count_estimate"": ""1"", ""manual_bucket"": """", ""manual_decision"": """", ""metadata"": {""answer_text"": ""Om Shivpuri"", ""benchmark_id"": ""kqapro_train_087120"", ""hop_count_estimate"": ""1"", ""manual_bucket"": """", ""manual_decision"": """", ""notes"": """", ""primary_reasoning_family"": ""qualifier"", ""program_length"": ""7"", ""program_signature"": ""FindAll -> FilterNum -> QFilterDate -> FilterConcept -> Relate -> FilterConcept -> What"", ""question_en_original"": ""Who is the person born in a state of India, with the population of 68,548,437 people on 1st January 2011?"", ""recommended_action"": ""keep_for_reconstruction"", ""reconstructability_score_v2"": ""17"", ""russian_reconstruction_idea"": """", ""target_domain_ru"": """"}, ""notes"": """", ""primary_reasoning_family"": ""qualifier"", ""program_length"": ""7"", ""program_signature"": ""FindAll -> FilterNum -> QFilterDate -> FilterConcept -> Relate -> FilterConcept -> What"", ""question_en_original"": ""Who is the person born in a state of India, with the population of 68,548,437 people on 1st January 2011?"", ""question_ru"": ""Кто родился в штате Индии, население которого на 1 января 2011 года составляло 68 548 437 человек?"", ""question_ru_manual"": ""Кто родился в штате Индии, население которого на 1 января 2011 года составляло 68 548 437 человек?"", ""russian_reconstruction_idea"": """", ""source_dataset"": ""kqapro"", ""source_stage"": ""stage6_manual_translation"", ""target_domain_ru"": """", ""translation_comment"": """", ""translation_status"": ""manual_translated""}, ""source_dataset"": ""kqapro""}",{},no_domain_cleaner:kqapro;population_mentioned_but_not_parsed,"Кто родился в штате Индии, население которого на 1 января 2011 года составляло 68 548 437 человек?"
kqapro_c95385f5c494,kqapro,external_multihop,,"{""_source_record"": {""answer_text_items"": [""University of Otago""], ""answer_text_original"": ""University of Otago"", ""benchmark_id"": ""kqapro_train_066912"", ""hop_count_estimate"": ""1"", ""manual_bucket"": """", ""manual_decision"": """", ""metadata"": {""answer_text"": ""University of Otago"", ""benchmark_id"": ""kqapro_train_066912"", ""hop_count_estimate"": ""1"", ""manual_bucket"": """", ""manual_decision"": """", ""notes"": """", ""primary_reasoning_family"": ""temporal"", ""program_length"": ""6"", ""program_signature"": ""FindAll -> FilterStr -> FilterConcept -> Relate -> FilterConcept -> What"", ""question_en_original"": ""Which university is in the city with zip codes 9010, 9011, 9012, 9013, 9014, 9016, 9018, 9022, 9023, 9024, 9035, 9076, 9077, 9081, 9082, and 9092?"", ""recommended_action"": ""keep_for_reconstruction"", ""reconstructability_score_v2"": ""14"", ""russian_reconstruction_idea"": """", ""target_domain_ru"": """"}, ""notes"": """", ""primary_reasoning_family"": ""temporal"", ""program_length"": ""6"", ""program_signature"": ""FindAll -> FilterStr -> FilterConcept -> Relate -> FilterConcept -> What"", ""question_en_original"": ""Which university is in the city with zip codes 9010, 9011, 9012, 9013, 9014, 9016, 9018, 9022, 9023, 9024, 9035, 9076, 9077, 9081, 9082, and 9092?"", ""question_ru"": ""Какой университет находится в городе с почтовыми индексами 9010, 9011, 9012, 9013, 9014, 9016, 9018, 9022, 9023, 9024, 9035, 9076, 9077, 9081, 9082 и 9092?"", ""question_ru_manual"": ""Какой университет находится в городе с почтовыми индексами 9010, 9011, 9012, 9013, 9014, 9016, 9018, 9022, 9023, 9024, 9035, 9076, 9077, 9081, 9082 и 9092?"", ""russian_reconstruction_idea"": """", ""source_dataset"": ""kqapro"", ""source_stage"": ""stage6_manual_translation"", ""target_domain_ru"": """", ""translation_comment"": """", ""translation_status"": ""manual_translated""}, ""source_dataset"": ""kqapro""}",{},no_domain_cleaner:kqapro,"Какой университет находится в городе с почтовыми индексами 9010, 9011, 9012, 9013, 9014, 9016, 9018, 9022, 9023, 9024, 9035, 9076, 9077, 9081, 9082 и 9092?"
kqapro_9f90d624172c,kqapro,external_multihop,,"{""_source_record"": {""answer_text_items"": [""Oscar and Lucinda""], ""answer_text_original"": ""Oscar and Lucinda"", ""benchmark_id"": ""kqapro_train_046784"", ""hop_count_estimate"": ""1"", ""manual_bucket"": """", ""manual_decision"": """", ""metadata"": {""answer_text"": ""Oscar and Lucinda"", ""benchmark_id"": ""kqapro_train_046784"", ""hop_count_estimate"": ""1"", ""manual_bucket"": """", ""manual_decision"": """", ""notes"": """", ""primary_reasoning_family"": ""temporal"", ""program_length"": ""6"", ""program_signature"": ""FindAll -> FilterStr -> FilterConcept -> Relate -> FilterConcept -> What"", ""question_en_original"": ""What film was narrated by the person whose audio recording voice was Geoffrey Rush bbc radio4 front row 01 05 2013.flac?"", ""recommended_action"": ""keep_for_reconstruction"", ""reconstructability_score_v2"": ""14"", ""russian_reconstruction_idea"": """", ""target_domain_ru"": """"}, ""notes"": """", ""primary_reasoning_family"": ""temporal"", ""program_length"": ""6"", ""program_signature"": ""FindAll -> FilterStr -> FilterConcept -> Relate -> FilterConcept -> What"", ""question_en_original"": ""What film was narrated by the person whose audio recording voice was Geoffrey Rush bbc radio4 front row 01 05 2013.flac?"", ""question_ru"": ""Какой фильм озвучивал рассказчик, чей голос записан в файле Geoffrey Rush bbc radio4 front row 01 05 2013.flac?"", ""question_ru_manual"": ""Какой фильм озвучивал рассказчик, чей голос записан в файле Geoffrey Rush bbc radio4 front row 01 05 2013.flac?"", ""russian_reconstruction_idea"": """", ""source_dataset"": ""kqapro"", ""source_stage"": ""stage6_manual_translation"", ""target_domain_ru"": """", ""translation_comment"": """", ""translation_status"": ""manual_translated""}, ""source_dataset"": ""kqapro""}",{},no_domain_cleaner:kqapro,"Какой фильм озвучивал рассказчик, чей голос записан в файле Geoffrey Rush bbc radio4 front row 01 05 2013.flac?"
kqapro_c6a81e545dc6,kqapro,external_multihop,,"{""_source_record"": {""answer_text_items"": [""Magdalen College""], ""answer_text_original"": ""Magdalen College"", ""benchmark_id"": ""kqapro_train_038298"", ""hop_count_estimate"": ""1"", ""manual_bucket"": """", ""manual_decision"": """", ""metadata"": {""answer_text"": ""Magdalen College"", ""benchmark_id"": ""kqapro_train_038298"", ""hop_count_estimate"": ""1"", ""manual_bucket"": """", ""manual_decision"": """", ""notes"": """", ""primary_reasoning_family"": ""temporal"", ""program_length"": ""6"", ""program_signature"": ""FindAll -> FilterDate -> FilterConcept -> Relate -> FilterConcept -> What"", ""question_en_original"": ""Which college of the University of Oxford is the education place of the human whose date of death is on 1636-04-18?"", ""recommended_action"": ""keep_for_reconstruction"", ""reconstructability_score_v2"": ""14"", ""russian_reconstruction_idea"": """", ""target_domain_ru"": """"}, ""notes"": """", ""primary_reasoning_family"": ""temporal"", ""program_length"": ""6"", ""program_signature"": ""FindAll -> FilterDate -> FilterConcept -> Relate -> FilterConcept -> What"", ""question_en_original"": ""Which college of the University of Oxford is the education place of the human whose date of death is on 1636-04-18?"", ""question_ru"": ""Какой колледж Оксфордского университета был местом обучения человека, умершего 18 апреля 1636 года?"", ""question_ru_manual"": ""Какой колледж Оксфордского университета был местом обучения человека, умершего 18 апреля 1636 года?"", ""russian_reconstruction_idea"": """", ""source_dataset"": ""kqapro"", ""source_stage"": ""stage6_manual_translation"", ""target_domain_ru"": """", ""translation_comment"": """", ""translation_status"": ""manual_translated""}, ""source_dataset"": ""kqapro""}",{},no_domain_cleaner:kqapro,"Какой колледж Оксфордского университета был местом обучения человека, умершего 18 апреля 1636 года?"
kqapro_b79c43943e94,kqapro,external_multihop,,"{""_source_record"": {""answer_text_items"": [""110th United States Congress""], ""answer_text_original"": ""110th United States Congress"", ""benchmark_id"": ""kqapro_train_000448"", ""hop_count_estimate"": ""1"", ""manual_bucket"": """", ""manual_decision"": """", ""metadata"": {""answer_text"": ""110th United States Congress"", ""benchmark_id"": ""kqapro_train_000448"", ""hop_count_estimate"": ""1"", ""manual_bucket"": """", ""manual_decision"": """", ""notes"": """", ""primary_reasoning_family"": ""temporal"", ""program_length"": ""6"", ""program_signature"": ""FindAll -> FilterDate -> FilterConcept -> Relate -> FilterConcept -> What"", ""question_en_original"": ""What legislative term does the United States Congress follow whose start time is on 2009-01-03?"", ""recommended_action"": ""keep_for_reconstruction"", ""reconstructability_score_v2"": ""14"", ""russian_reconstruction_idea"": """", ""target_domain_ru"": """"}, ""notes"": """", ""primary_reasoning_family"": ""temporal"", ""program_length"": ""6"", ""program_signature"": ""FindAll -> FilterDate -> FilterConcept -> Relate -> FilterConcept -> What"", ""question_en_original"": ""What legislative term does the United States Congress follow whose start time is on 2009-01-03?"", ""question_ru"": ""Какой созыв Конгресса США начался 3 января 2009 года?"", ""question_ru_manual"": ""Какой созыв Конгресса США начался 3 января 2009 года?"", ""russian_reconstruction_idea"": """", ""source_dataset"": ""kqapro"", ""source_stage"": ""stage6_manual_translation"", ""target_domain_ru"": """", ""translation_comment"": """", ""translation_status"": ""manual_translated""}, ""source_dataset"": ""kqapro""}",{},no_domain_cleaner:kqapro,Какой созыв Конгресса США начался 3 января 2009 года?
kqapro_2ad5e2ff0cac,kqapro,external_multihop,,"{""_source_record"": {""answer_text_items"": [""Sun""], ""answer_text_original"": ""Sun"", ""benchmark_id"": ""kqapro_train_074231"", ""hop_count_estimate"": ""1"", ""manual_bucket"": """", ""manual_decision"": """", ""metadata"": {""answer_text"": ""Sun"", ""benchmark_id"": ""kqapro_train_074231"", ""hop_count_estimate"": ""1"", ""manual_bucket"": """", ""manual_decision"": """", ""notes"": """", ""primary_reasoning_family"": ""temporal"", ""program_length"": ""6"", ""program_signature"": ""FindAll -> FilterYear -> FilterConcept -> Relate -> FilterConcept -> What"", ""question_en_original"": ""What star is the parent astronomical body of the inner planet whose discovery/invention date is before -1534?"", ""recommended_action"": ""keep_for_reconstruction"", ""reconstructability_score_v2"": ""14"", ""russian_reconstruction_idea"": """", ""target_domain_ru"": """"}, ""notes"": """", ""primary_reasoning_family"": ""temporal"", ""program_length"": ""6"", ""program_signature"": ""FindAll -> FilterYear -> FilterConcept -> Relate -> FilterConcept -> What"", ""question_en_original"": ""What star is the parent astronomical body of the inner planet whose discovery/invention date is before -1534?"", ""question_ru"": ""Какая звезда является родительским астрономическим телом внутренней планеты, открытой до 1534 года до н. э.?"", ""question_ru_manual"": ""Какая звезда является родительским астрономическим телом внутренней планеты, открытой до 1534 года до н. э.?"", ""russian_reconstruction_idea"": """", ""source_dataset"": ""kqapro"", ""source_stage"": ""stage6_manual_translation"", ""target_domain_ru"": """", ""translation_comment"": """", ""translation_status"": ""manual_translated""}, ""source_dataset"": ""kqapro""}",{},no_domain_cleaner:kqapro,"Какая звезда является родительским астрономическим телом внутренней планеты, открытой до 1534 года до н. э.?"
kqapro_c08b4b442148,kqapro,external_multihop,,"{""_source_record"": {""answer_text_items"": [""Bandai Namco Holdings""], ""answer_text_original"": ""Bandai Namco Holdings"", ""benchmark_id"": ""kqapro_train_091936"", ""hop_count_estimate"": ""1"", ""manual_bucket"": """", ""manual_decision"": """", ""metadata"": {""answer_text"": ""Bandai Namco Holdings"", ""benchmark_id"": ""kqapro_train_091936"", ""hop_count_estimate"": ""1"", ""manual_bucket"": """", ""manual_decision"": """", ""notes"": """", ""primary_reasoning_family"": ""temporal"", ""program_length"": ""6"", ""program_signature"": ""FindAll -> FilterYear -> FilterConcept -> Relate -> FilterConcept -> What"", ""question_en_original"": ""What public company is the parent organization of the video game developer whose beginning date is in 1955?"", ""recommended_action"": ""keep_for_reconstruction"", ""reconstructability_score_v2"": ""14"", ""russian_reconstruction_idea"": """", ""target_domain_ru"": """"}, ""notes"": """", ""primary_reasoning_family"": ""temporal"", ""program_length"": ""6"", ""program_signature"": ""FindAll -> FilterYear -> FilterConcept -> Relate -> FilterConcept -> What"", ""question_en_original"": ""What public company is the parent organization of the video game developer whose beginning date is in 1955?"", ""question_ru"": ""Какая публичная компания является материнской организацией разработчика видеоигр, основанного в 1955 году?"", ""question_ru_manual"": ""Какая публичная компания является материнской организацией разработчика видеоигр, основанного в 1955 году?"", ""russian_reconstruction_idea"": """", ""source_dataset"": ""kqapro"", ""source_stage"": ""stage6_manual_translation"", ""target_domain_ru"": """", ""translation_comment"": """", ""translation_status"": ""manual_translated""}, ""source_dataset"": ""kqapro""}",{},no_domain_cleaner:kqapro,"Какая публичная компания является материнской организацией разработчика видеоигр, основанного в 1955 году?"
kqapro_0006c2562714,kqapro,external_multihop,,"{""_source_record"": {""answer_text_items"": [""Pleasantville""], ""answer_text_original"": ""Pleasantville"", ""benchmark_id"": ""kqapro_train_033032"", ""hop_count_estimate"": ""1"", ""manual_bucket"": """", ""manual_decision"": """", ""metadata"": {""answer_text"": ""Pleasantville"", ""benchmark_id"": ""kqapro_train_033032"", ""hop_count_estimate"": ""1"", ""manual_bucket"": """", ""manual_decision"": """", ""notes"": """", ""primary_reasoning_family"": ""temporal"", ""program_length"": ""6"", ""program_signature"": ""FindAll -> FilterYear -> FilterConcept -> Relate -> FilterConcept -> What"", ""question_en_original"": ""What American city shares a border with a New Jersey city established before 1997?"", ""recommended_action"": ""keep_for_reconstruction"", ""reconstructability_score_v2"": ""14"", ""russian_reconstruction_idea"": """", ""target_domain_ru"": """"}, ""notes"": """", ""primary_reasoning_family"": ""temporal"", ""program_length"": ""6"", ""program_signature"": ""FindAll -> FilterYear -> FilterConcept -> Relate -> FilterConcept -> What"", ""question_en_original"": ""What American city shares a border with a New Jersey city established before 1997?"", ""question_ru"": ""Какой американский город граничит с городом в штате Нью-Джерси, основанным до 1997 года?"", ""question_ru_manual"": ""Какой американский город граничит с городом в штате Нью-Джерси, основанным до 1997 года?"", ""russian_reconstruction_idea"": """", ""source_dataset"": ""kqapro"", ""source_stage"": ""stage6_manual_translation"", ""target_domain_ru"": """", ""translation_comment"": """", ""translation_status"": ""manual_translated""}, ""source_dataset"": ""kqapro""}",{},no_domain_cleaner:kqapro,"Какой американский город граничит с городом в штате Нью-Джерси, основанным до 1997 года?"
kqapro_8b6f08457cc4,kqapro,external_multihop,,"{""_source_record"": {""answer_text_items"": [""Stephen Dillane""], ""answer_text_original"": ""Stephen Dillane"", ""benchmark_id"": ""kqapro_train_057967"", ""hop_count_estimate"": ""1"", ""manual_bucket"": """", ""manual_decision"": """", ""metadata"": {""answer_text"": ""Stephen Dillane"", ""benchmark_id"": ""kqapro_train_057967"", ""hop_count_estimate"": ""1"", ""manual_bucket"": """", ""manual_decision"": """", ""notes"": """", ""primary_reasoning_family"": ""temporal"", ""program_length"": ""6"", ""program_signature"": ""FindAll -> FilterNum -> FilterConcept -> Relate -> FilterConcept -> What"", ""question_en_original"": ""Which individual's workplace is the historic English county under 8900 square kilometres in size?"", ""recommended_action"": ""keep_for_reconstruction"", ""reconstructability_score_v2"": ""14"", ""russian_reconstruction_idea"": """", ""target_domain_ru"": """"}, ""notes"": """", ""primary_reasoning_family"": ""temporal"", ""program_length"": ""6"", ""program_signature"": ""FindAll -> FilterNum -> FilterConcept -> Relate -> FilterConcept -> What"", ""question_en_original"": ""Which individual's workplace is the historic English county under 8900 square kilometres in size?"", ""question_ru"": ""Чьё место работы находится в историческом английском графстве площадью менее 8900 квадратных километров?"", ""question_ru_manual"": ""Чьё место работы находится в историческом английском графстве площадью менее 8900 квадратных километров?"", ""russian_reconstruction_idea"": """", ""source_dataset"": ""kqapro"", ""source_stage"": ""stage6_manual_translation"", ""target_domain_ru"": """", ""translation_comment"": """", ""translation_status"": ""manual_translated""}, ""source_dataset"": ""kqapro""}",{},no_domain_cleaner:kqapro,Чьё место работы находится в историческом английском графстве площадью менее 8900 квадратных километров?
kqapro_3873e5370493,kqapro,external_multihop,,"{""_source_record"": {""answer_text_items"": [""321.322-71""], ""answer_text_original"": ""321.322-71"", ""benchmark_id"": ""kqapro_train_072839"", ""hop_count_estimate"": ""1"", ""manual_bucket"": """", ""manual_decision"": """", ""metadata"": {""answer_text"": ""321.322-71"", ""benchmark_id"": ""kqapro_train_072839"", ""hop_count_estimate"": ""1"", ""manual_bucket"": """", ""manual_decision"": """", ""notes"": """", ""primary_reasoning_family"": ""temporal"", ""program_length"": ""5"", ""program_signature"": ""Find -> FilterDate -> Relate -> FilterConcept -> QueryAttr"", ""question_en_original"": ""What is the Hornbostel-Sachs classification for the class of instruments that is the instrument used by Chris Wood (the one whose date of birth is 1969-11-25)?"", ""recommended_action"": ""keep_for_reconstruction"", ""reconstructability_score_v2"": ""11"", ""russian_reconstruction_idea"": """", ""target_domain_ru"": """"}, ""notes"": """", ""primary_reasoning_family"": ""temporal"", ""program_length"": ""5"", ""program_signature"": ""Find -> FilterDate -> Relate -> FilterConcept -> QueryAttr"", ""question_en_original"": ""What is the Hornbostel-Sachs classification for the class of instruments that is the instrument used by Chris Wood (the one whose date of birth is 1969-11-25)?"", ""question_ru"": ""Какая классификация по системе Хорнбостеля — Закса соответствует классу инструментов, к которому относится инструмент, на котором играет Крис Вуд, родившийся 25 ноября 1969 года?"", ""question_ru_manual"": ""Какая классификация по системе Хорнбостеля — Закса соответствует классу инструментов, к которому относится инструмент, на котором играет Крис Вуд, родившийся 25 ноября 1969 года?"", ""russian_reconstruction_idea"": """", ""source_dataset"": ""kqapro"", ""source_stage"": ""stage6_manual_translation"", ""target_domain_ru"": """", ""translation_comment"": """", ""translation_status"": ""manual_translated""}, ""source_dataset"": ""kqapro""}",{},no_domain_cleaner:kqapro,"Какая классификация по системе Хорнбостеля — Закса соответствует классу инструментов, к которому относится инструмент, на котором играет Крис Вуд, родившийся 25 ноября 1969 года?"
kqapro_393de48c5572,kqapro,external_multihop,,"{""_source_record"": {""answer_text_items"": [""652""], ""answer_text_original"": ""652"", ""benchmark_id"": ""kqapro_train_078977"", ""hop_count_estimate"": ""1"", ""manual_bucket"": """", ""manual_decision"": """", ""metadata"": {""answer_text"": ""652"", ""benchmark_id"": ""kqapro_train_078977"", ""hop_count_estimate"": ""1"", ""manual_bucket"": """", ""manual_decision"": """", ""notes"": """", ""primary_reasoning_family"": ""temporal"", ""program_length"": ""5"", ""program_signature"": ""Find -> FilterDate -> Relate -> FilterConcept -> QueryAttr"", ""question_en_original"": ""What is the IAB code of the science fiction sharing the same genre as Battlestar Galactica (the one whose date of first performance is 2004-10-18)?"", ""recommended_action"": ""keep_for_reconstruction"", ""reconstructability_score_v2"": ""11"", ""russian_reconstruction_idea"": """", ""target_domain_ru"": """"}, ""notes"": """", ""primary_reasoning_family"": ""temporal"", ""program_length"": ""5"", ""program_signature"": ""Find -> FilterDate -> Relate -> FilterConcept -> QueryAttr"", ""question_en_original"": ""What is the IAB code of the science fiction sharing the same genre as Battlestar Galactica (the one whose date of first performance is 2004-10-18)?"", ""question_ru"": ""Какой IAB-код у научной фантастики — жанра, к которому относится «Звёздный крейсер „Галактика“», впервые показанный 18 октября 2004 года?"", ""question_ru_manual"": ""Какой IAB-код у научной фантастики — жанра, к которому относится «Звёздный крейсер „Галактика“», впервые показанный 18 октября 2004 года?"", ""russian_reconstruction_idea"": """", ""source_dataset"": ""kqapro"", ""source_stage"": ""stage6_manual_translation"", ""target_domain_ru"": """", ""translation_comment"": """", ""translation_status"": ""manual_translated""}, ""source_dataset"": ""kqapro""}",{},no_domain_cleaner:kqapro,"Какой IAB-код у научной фантастики — жанра, к которому относится «Звёздный крейсер „Галактика“», впервые показанный 18 октября 2004 года?"
kqapro_24d5da9d232a,kqapro,external_multihop,,"{""_source_record"": {""answer_text_items"": [""93341""], ""answer_text_original"": ""93341"", ""benchmark_id"": ""kqapro_train_044344"", ""hop_count_estimate"": ""1"", ""manual_bucket"": """", ""manual_decision"": """", ""metadata"": {""answer_text"": ""93341"", ""benchmark_id"": ""kqapro_train_044344"", ""hop_count_estimate"": ""1"", ""manual_bucket"": """", ""manual_decision"": """", ""notes"": """", ""primary_reasoning_family"": ""temporal"", ""program_length"": ""5"", ""program_signature"": ""Find -> FilterNum -> Relate -> FilterConcept -> QueryAttr"", ""question_en_original"": ""What is the British Museum person-institution of the person who is the origin of the name Monroe County (the one whose area is 9679 square kilometre) ?"", ""recommended_action"": ""keep_for_reconstruction"", ""reconstructability_score_v2"": ""11"", ""russian_reconstruction_idea"": """", ""target_domain_ru"": """"}, ""notes"": """", ""primary_reasoning_family"": ""temporal"", ""program_length"": ""5"", ""program_signature"": ""Find -> FilterNum -> Relate -> FilterConcept -> QueryAttr"", ""question_en_original"": ""What is the British Museum person-institution of the person who is the origin of the name Monroe County (the one whose area is 9679 square kilometre) ?"", ""question_ru"": ""Какой идентификатор person-institution в Британском музее у человека, в честь которого назван округ Монро площадью 9679 квадратных километров?"", ""question_ru_manual"": ""Какой идентификатор person-institution в Британском музее у человека, в честь которого назван округ Монро площадью 9679 квадратных километров?"", ""russian_reconstruction_idea"": """", ""source_dataset"": ""kqapro"", ""source_stage"": ""stage6_manual_translation"", ""target_domain_ru"": """", ""translation_comment"": """", ""translation_status"": ""manual_translated""}, ""source_dataset"": ""kqapro""}",{},no_domain_cleaner:kqapro,"Какой идентификатор person-institution в Британском музее у человека, в честь которого назван округ Монро площадью 9679 квадратных километров?"
kqapro_533f4c7fe955,kqapro,external_multihop,,"{""_source_record"": {""answer_text_items"": [""1651""], ""answer_text_original"": ""1651"", ""benchmark_id"": ""kqapro_train_020857"", ""hop_count_estimate"": ""1"", ""manual_bucket"": """", ""manual_decision"": """", ""metadata"": {""answer_text"": ""1651"", ""benchmark_id"": ""kqapro_train_020857"", ""hop_count_estimate"": ""1"", ""manual_bucket"": """", ""manual_decision"": """", ""notes"": """", ""primary_reasoning_family"": ""temporal"", ""program_length"": ""5"", ""program_signature"": ""Find -> FilterNum -> Relate -> FilterConcept -> QueryAttr"", ""question_en_original"": ""What is the establishment date of the United States city that is the capital of Middlesex County whose area is 1137 square kilometers?"", ""recommended_action"": ""keep_for_reconstruction"", ""reconstructability_score_v2"": ""11"", ""russian_reconstruction_idea"": """", ""target_domain_ru"": """"}, ""notes"": """", ""primary_reasoning_family"": ""temporal"", ""program_length"": ""5"", ""program_signature"": ""Find -> FilterNum -> Relate -> FilterConcept -> QueryAttr"", ""question_en_original"": ""What is the establishment date of the United States city that is the capital of Middlesex County whose area is 1137 square kilometers?"", ""question_ru"": ""Когда был основан город США, который является административным центром округа Мидлсекс площадью 1137 квадратных километров?"", ""question_ru_manual"": ""Когда был основан город США, который является административным центром округа Мидлсекс площадью 1137 квадратных километров?"", ""russian_reconstruction_idea"": """", ""source_dataset"": ""kqapro"", ""source_stage"": ""stage6_manual_translation"", ""target_domain_ru"": """", ""translation_comment"": """", ""translation_status"": ""manual_translated""}, ""source_dataset"": ""kqapro""}",{},no_domain_cleaner:kqapro,"Когда был основан город США, который является административным центром округа Мидлсекс площадью 1137 квадратных километров?"
kqapro_9f2a9bec5bf0,kqapro,external_multihop,,"{""_source_record"": {""answer_text_items"": [""GB-FAL""], ""answer_text_original"": ""GB-FAL"", ""benchmark_id"": ""kqapro_train_007953"", ""hop_count_estimate"": ""1"", ""manual_bucket"": """", ""manual_decision"": """", ""metadata"": {""answer_text"": ""GB-FAL"", ""benchmark_id"": ""kqapro_train_007953"", ""hop_count_estimate"": ""1"", ""manual_bucket"": """", ""manual_decision"": """", ""notes"": """", ""primary_reasoning_family"": ""temporal"", ""program_length"": ""5"", ""program_signature"": ""Find -> FilterStr -> Relate -> FilterConcept -> QueryAttr"", ""question_en_original"": ""What is the ISO 3166-2 code for the administrative territorial entity that is different from Falkirk (the one whose local dialing code is 01324)?"", ""recommended_action"": ""keep_for_reconstruction"", ""reconstructability_score_v2"": ""11"", ""russian_reconstruction_idea"": """", ""target_domain_ru"": """"}, ""notes"": """", ""primary_reasoning_family"": ""temporal"", ""program_length"": ""5"", ""program_signature"": ""Find -> FilterStr -> Relate -> FilterConcept -> QueryAttr"", ""question_en_original"": ""What is the ISO 3166-2 code for the administrative territorial entity that is different from Falkirk (the one whose local dialing code is 01324)?"", ""question_ru"": ""Какой код ISO 3166-2 у административно-территориальной единицы, отличной от Фолкерка, телефонный код которого — 01324?"", ""question_ru_manual"": ""Какой код ISO 3166-2 у административно-территориальной единицы, отличной от Фолкерка, телефонный код которого — 01324?"", ""russian_reconstruction_idea"": """", ""source_dataset"": ""kqapro"", ""source_stage"": ""stage6_manual_translation"", ""target_domain_ru"": """", ""translation_comment"": """", ""translation_status"": ""manual_translated""}, ""source_dataset"": ""kqapro""}",{},no_domain_cleaner:kqapro,"Какой код ISO 3166-2 у административно-территориальной единицы, отличной от Фолкерка, телефонный код которого — 01324?"
kqapro_5610f1a72214,kqapro,external_multihop,,"{""_source_record"": {""answer_text_items"": [""Saxony""], ""answer_text_original"": ""Saxony"", ""benchmark_id"": ""kqapro_train_048325"", ""hop_count_estimate"": ""1"", ""manual_bucket"": """", ""manual_decision"": """", ""metadata"": {""answer_text"": ""Saxony"", ""benchmark_id"": ""kqapro_train_048325"", ""hop_count_estimate"": ""1"", ""manual_bucket"": """", ""manual_decision"": """", ""notes"": """", ""primary_reasoning_family"": ""comparison_or_superlative"", ""program_length"": ""5"", ""program_signature"": ""Find -> FilterNum -> Relate -> FilterConcept -> SelectAmong"", ""question_en_original"": ""Which one has the largest elevation above sea level between the states of Germany that shares border with Saxony-Anhalt (the one whose nominal GDP per capita is 24000 euro)?"", ""recommended_action"": ""keep_for_reconstruction"", ""reconstructability_score_v2"": ""13"", ""russian_reconstruction_idea"": """", ""target_domain_ru"": """"}, ""notes"": """", ""primary_reasoning_family"": ""comparison_or_superlative"", ""program_length"": ""5"", ""program_signature"": ""Find -> FilterNum -> Relate -> FilterConcept -> SelectAmong"", ""question_en_original"": ""Which one has the largest elevation above sea level between the states of Germany that shares border with Saxony-Anhalt (the one whose nominal GDP per capita is 24000 euro)?"", ""question_ru"": ""Какой из федеральных земель Германии, граничащих с Саксонией-Анхальт, где номинальный ВВП на душу населения составляет 24 000 евро, имеет наибольшую высоту над уровнем моря?"", ""question_ru_manual"": ""Какой из федеральных земель Германии, граничащих с Саксонией-Анхальт, где номинальный ВВП на душу населения составляет 24 000 евро, имеет наибольшую высоту над уровнем моря?"", ""russian_reconstruction_idea"": """", ""source_dataset"": ""kqapro"", ""source_stage"": ""stage6_manual_translation"", ""target_domain_ru"": """", ""translation_comment"": """", ""translation_status"": ""manual_translated""}, ""source_dataset"": ""kqapro""}",{},no_domain_cleaner:kqapro;population_mentioned_but_not_parsed,"Какой из федеральных земель Германии, граничащих с Саксонией-Анхальт, где номинальный ВВП на душу населения составляет 24 000 евро, имеет наибольшую высоту над уровнем моря?"
kqapro_2c3f47fbc955,kqapro,external_multihop,,"{""_source_record"": {""answer_text_items"": [""County Cork""], ""answer_text_original"": ""County Cork"", ""benchmark_id"": ""kqapro_val_002809"", ""hop_count_estimate"": ""1"", ""manual_bucket"": """", ""manual_decision"": """", ""metadata"": {""answer_text"": ""County Cork"", ""benchmark_id"": ""kqapro_val_002809"", ""hop_count_estimate"": ""1"", ""manual_bucket"": """", ""manual_decision"": """", ""notes"": """", ""primary_reasoning_family"": ""comparison_or_superlative"", ""program_length"": ""5"", ""program_signature"": ""Find -> FilterNum -> Relate -> FilterConcept -> SelectAmong"", ""question_en_original"": ""Which Ireland county that is an administrative division of Ireland (whose nominal GDP is 21500472054.5495 United States dollars) has the largest area?"", ""recommended_action"": ""keep_for_reconstruction"", ""reconstructability_score_v2"": ""13"", ""russian_reconstruction_idea"": """", ""target_domain_ru"": """"}, ""notes"": """", ""primary_reasoning_family"": ""comparison_or_superlative"", ""program_length"": ""5"", ""program_signature"": ""Find -> FilterNum -> Relate -> FilterConcept -> SelectAmong"", ""question_en_original"": ""Which Ireland county that is an administrative division of Ireland (whose nominal GDP is 21500472054.5495 United States dollars) has the largest area?"", ""question_ru"": ""Какое графство Ирландии, являющееся административной единицей страны с номинальным ВВП 21 500 472 054,5495 доллара США, имеет наибольшую площадь?"", ""question_ru_manual"": ""Какое графство Ирландии, являющееся административной единицей страны с номинальным ВВП 21 500 472 054,5495 доллара США, имеет наибольшую площадь?"", ""russian_reconstruction_idea"": """", ""source_dataset"": ""kqapro"", ""source_stage"": ""stage6_manual_translation"", ""target_domain_ru"": """", ""translation_comment"": """", ""translation_status"": ""manual_translated""}, ""source_dataset"": ""kqapro""}",{},no_domain_cleaner:kqapro,"Какое графство Ирландии, являющееся административной единицей страны с номинальным ВВП 21 500 472 054,5495 доллара США, имеет наибольшую площадь?"
kqapro_a83d0ffcdba7,kqapro,external_multihop,,"{""_source_record"": {""answer_text_items"": [""Alsace""], ""answer_text_original"": ""Alsace"", ""benchmark_id"": ""kqapro_train_087585"", ""hop_count_estimate"": ""1"", ""manual_bucket"": """", ""manual_decision"": """", ""metadata"": {""answer_text"": ""Alsace"", ""benchmark_id"": ""kqapro_train_087585"", ""hop_count_estimate"": ""1"", ""manual_bucket"": """", ""manual_decision"": """", ""notes"": """", ""primary_reasoning_family"": ""comparison_or_superlative"", ""program_length"": ""5"", ""program_signature"": ""Find -> FilterStr -> Relate -> FilterConcept -> SelectAmong"", ""question_en_original"": ""Which has the largest population among the former French regions that share a border with Lorraine (whose Dewey Decimal Classification is 2--4438)?"", ""recommended_action"": ""keep_for_reconstruction"", ""reconstructability_score_v2"": ""13"", ""russian_reconstruction_idea"": """", ""target_domain_ru"": """"}, ""notes"": """", ""primary_reasoning_family"": ""comparison_or_superlative"", ""program_length"": ""5"", ""program_signature"": ""Find -> FilterStr -> Relate -> FilterConcept -> SelectAmong"", ""question_en_original"": ""Which has the largest population among the former French regions that share a border with Lorraine (whose Dewey Decimal Classification is 2--4438)?"", ""question_ru"": ""Какой из бывших регионов Франции, граничащих с Лотарингией, у которой классификация Дьюи — 2--4438, имеет наибольшее население?"", ""question_ru_manual"": ""Какой из бывших регионов Франции, граничащих с Лотарингией, у которой классификация Дьюи — 2--4438, имеет наибольшее население?"", ""russian_reconstruction_idea"": """", ""source_dataset"": ""kqapro"", ""source_stage"": ""stage6_manual_translation"", ""target_domain_ru"": """", ""translation_comment"": """", ""translation_status"": ""manual_translated""}, ""source_dataset"": ""kqapro""}",{},no_domain_cleaner:kqapro;population_mentioned_but_not_parsed,"Какой из бывших регионов Франции, граничащих с Лотарингией, у которой классификация Дьюи — 2--4438, имеет наибольшее население?"
kqapro_aa5ed09a2e1d,kqapro,external_multihop,,"{""_source_record"": {""answer_text_items"": [""Mariposa County""], ""answer_text_original"": ""Mariposa County"", ""benchmark_id"": ""kqapro_train_039318"", ""hop_count_estimate"": ""1"", ""manual_bucket"": """", ""manual_decision"": """", ""metadata"": {""answer_text"": ""Mariposa County"", ""benchmark_id"": ""kqapro_train_039318"", ""hop_count_estimate"": ""1"", ""manual_bucket"": """", ""manual_decision"": """", ""notes"": """", ""primary_reasoning_family"": ""comparison_or_superlative"", ""program_length"": ""5"", ""program_signature"": ""Find -> FilterDate -> Relate -> FilterConcept -> SelectAmong"", ""question_en_original"": ""Which among the California counties is an administrative division of California (the one whose inception time is 1850-09-09) with the largest area?"", ""recommended_action"": ""keep_for_reconstruction"", ""reconstructability_score_v2"": ""13"", ""russian_reconstruction_idea"": """", ""target_domain_ru"": """"}, ""notes"": """", ""primary_reasoning_family"": ""comparison_or_superlative"", ""program_length"": ""5"", ""program_signature"": ""Find -> FilterDate -> Relate -> FilterConcept -> SelectAmong"", ""question_en_original"": ""Which among the California counties is an administrative division of California (the one whose inception time is 1850-09-09) with the largest area?"", ""question_ru"": ""Какой из округов Калифорнии, являющихся административными единицами штата Калифорния, основанного 9 сентября 1850 года, имеет наибольшую площадь?"", ""question_ru_manual"": ""Какой из округов Калифорнии, являющихся административными единицами штата Калифорния, основанного 9 сентября 1850 года, имеет наибольшую площадь?"", ""russian_reconstruction_idea"": """", ""source_dataset"": ""kqapro"", ""source_stage"": ""stage6_manual_translation"", ""target_domain_ru"": """", ""translation_comment"": """", ""translation_status"": ""manual_translated""}, ""source_dataset"": ""kqapro""}",{},no_domain_cleaner:kqapro,"Какой из округов Калифорнии, являющихся административными единицами штата Калифорния, основанного 9 сентября 1850 года, имеет наибольшую площадь?"
kqapro_e6989a5520c8,kqapro,external_multihop,,"{""_source_record"": {""answer_text_items"": [""Boone County""], ""answer_text_original"": ""Boone County"", ""benchmark_id"": ""kqapro_train_040051"", ""hop_count_estimate"": ""1"", ""manual_bucket"": """", ""manual_decision"": """", ""metadata"": {""answer_text"": ""Boone County"", ""benchmark_id"": ""kqapro_train_040051"", ""hop_count_estimate"": ""1"", ""manual_bucket"": """", ""manual_decision"": """", ""notes"": """", ""primary_reasoning_family"": ""comparison_or_superlative"", ""program_length"": ""5"", ""program_signature"": ""Find -> FilterYear -> Relate -> FilterConcept -> SelectAmong"", ""question_en_original"": ""Which has the largest area among the Indiana counties that share a border with Marion County (which began in 1822)?"", ""recommended_action"": ""keep_for_reconstruction"", ""reconstructability_score_v2"": ""13"", ""russian_reconstruction_idea"": """", ""target_domain_ru"": """"}, ""notes"": """", ""primary_reasoning_family"": ""comparison_or_superlative"", ""program_length"": ""5"", ""program_signature"": ""Find -> FilterYear -> Relate -> FilterConcept -> SelectAmong"", ""question_en_original"": ""Which has the largest area among the Indiana counties that share a border with Marion County (which began in 1822)?"", ""question_ru"": ""Какой из округов Индианы, граничащих с округом Мэрион, основанным в 1822 году, имеет наибольшую площадь?"", ""question_ru_manual"": ""Какой из округов Индианы, граничащих с округом Мэрион, основанным в 1822 году, имеет наибольшую площадь?"", ""russian_reconstruction_idea"": """", ""source_dataset"": ""kqapro"", ""source_stage"": ""stage6_manual_translation"", ""target_domain_ru"": """", ""translation_comment"": """", ""translation_status"": ""manual_translated""}, ""source_dataset"": ""kqapro""}",{},no_domain_cleaner:kqapro,"Какой из округов Индианы, граничащих с округом Мэрион, основанным в 1822 году, имеет наибольшую площадь?"
kqapro_583cc6d592a7,kqapro,external_multihop,,"{""_source_record"": {""answer_text_items"": [""Superman III""], ""answer_text_original"": ""Superman III"", ""benchmark_id"": ""kqapro_train_071599"", ""hop_count_estimate"": ""1"", ""manual_bucket"": """", ""manual_decision"": """", ""metadata"": {""answer_text"": ""Superman III"", ""benchmark_id"": ""kqapro_train_071599"", ""hop_count_estimate"": ""1"", ""manual_bucket"": """", ""manual_decision"": """", ""notes"": """", ""primary_reasoning_family"": ""logical_set"", ""program_length"": ""9"", ""program_signature"": ""FindAll -> FilterYear -> QFilterStr -> FilterConcept -> FindAll -> FilterStr -> FilterConcept -> And -> What"", ""question_en_original"": ""Which movie was published in Germany after 1979 and that has 57759 as its exploitation visa number?"", ""recommended_action"": ""keep_for_reconstruction"", ""reconstructability_score_v2"": ""21"", ""russian_reconstruction_idea"": """", ""target_domain_ru"": """"}, ""notes"": """", ""primary_reasoning_family"": ""logical_set"", ""program_length"": ""9"", ""program_signature"": ""FindAll -> FilterYear -> QFilterStr -> FilterConcept -> FindAll -> FilterStr -> FilterConcept -> And -> What"", ""question_en_original"": ""Which movie was published in Germany after 1979 and that has 57759 as its exploitation visa number?"", ""question_ru"": ""Какой фильм был выпущен в Германии после 1979 года и имеет прокатное удостоверение № 57759?"", ""question_ru_manual"": ""Какой фильм был выпущен в Германии после 1979 года и имеет прокатное удостоверение № 57759?"", ""russian_reconstruction_idea"": """", ""source_dataset"": ""kqapro"", ""source_stage"": ""stage6_manual_translation"", ""target_domain_ru"": """", ""translation_comment"": """", ""translation_status"": ""manual_translated""}, ""source_dataset"": ""kqapro""}",{},no_domain_cleaner:kqapro,Какой фильм был выпущен в Германии после 1979 года и имеет прокатное удостоверение № 57759?
kqapro_205e56214b8d,kqapro,external_multihop,,"{""_source_record"": {""answer_text_items"": [""Lebanon""], ""answer_text_original"": ""Lebanon"", ""benchmark_id"": ""kqapro_train_056260"", ""hop_count_estimate"": ""1"", ""manual_bucket"": """", ""manual_decision"": """", ""metadata"": {""answer_text"": ""Lebanon"", ""benchmark_id"": ""kqapro_train_056260"", ""hop_count_estimate"": ""1"", ""manual_bucket"": """", ""manual_decision"": """", ""notes"": """", ""primary_reasoning_family"": ""logical_set"", ""program_length"": ""9"", ""program_signature"": ""FindAll -> FilterYear -> QFilterStr -> FilterConcept -> FindAll -> FilterStr -> FilterConcept -> And -> What"", ""question_en_original"": ""Which film was published after 2006 in Germany and has the exploitation visa number 118477?"", ""recommended_action"": ""keep_for_reconstruction"", ""reconstructability_score_v2"": ""21"", ""russian_reconstruction_idea"": """", ""target_domain_ru"": """"}, ""notes"": """", ""primary_reasoning_family"": ""logical_set"", ""program_length"": ""9"", ""program_signature"": ""FindAll -> FilterYear -> QFilterStr -> FilterConcept -> FindAll -> FilterStr -> FilterConcept -> And -> What"", ""question_en_original"": ""Which film was published after 2006 in Germany and has the exploitation visa number 118477?"", ""question_ru"": ""Какой фильм был выпущен в Германии после 2006 года и имеет прокатное удостоверение № 118477?"", ""question_ru_manual"": ""Какой фильм был выпущен в Германии после 2006 года и имеет прокатное удостоверение № 118477?"", ""russian_reconstruction_idea"": """", ""source_dataset"": ""kqapro"", ""source_stage"": ""stage6_manual_translation"", ""target_domain_ru"": """", ""translation_comment"": """", ""translation_status"": ""manual_translated""}, ""source_dataset"": ""kqapro""}",{},no_domain_cleaner:kqapro,Какой фильм был выпущен в Германии после 2006 года и имеет прокатное удостоверение № 118477?
kqapro_dd6ffb75eace,kqapro,external_multihop,,"{""_source_record"": {""answer_text_items"": [""True Lies""], ""answer_text_original"": ""True Lies"", ""benchmark_id"": ""kqapro_train_071641"", ""hop_count_estimate"": ""1"", ""manual_bucket"": """", ""manual_decision"": """", ""metadata"": {""answer_text"": ""True Lies"", ""benchmark_id"": ""kqapro_train_071641"", ""hop_count_estimate"": ""1"", ""manual_bucket"": """", ""manual_decision"": """", ""notes"": """", ""primary_reasoning_family"": ""logical_set"", ""program_length"": ""9"", ""program_signature"": ""FindAll -> FilterDate -> QFilterStr -> FilterConcept -> FindAll -> FilterYear -> FilterConcept -> And -> What"", ""question_en_original"": ""Which movie released in the USA on 1994-07-15 was released prior to 2007?"", ""recommended_action"": ""keep_for_reconstruction"", ""reconstructability_score_v2"": ""21"", ""russian_reconstruction_idea"": """", ""target_domain_ru"": """"}, ""notes"": """", ""primary_reasoning_family"": ""logical_set"", ""program_length"": ""9"", ""program_signature"": ""FindAll -> FilterDate -> QFilterStr -> FilterConcept -> FindAll -> FilterYear -> FilterConcept -> And -> What"", ""question_en_original"": ""Which movie released in the USA on 1994-07-15 was released prior to 2007?"", ""question_ru"": ""Какой фильм, вышедший в США 15 июля 1994 года, был выпущен до 2007 года?"", ""question_ru_manual"": ""Какой фильм, вышедший в США 15 июля 1994 года, был выпущен до 2007 года?"", ""russian_reconstruction_idea"": """", ""source_dataset"": ""kqapro"", ""source_stage"": ""stage6_manual_translation"", ""target_domain_ru"": """", ""translation_comment"": """", ""translation_status"": ""manual_translated""}, ""source_dataset"": ""kqapro""}",{},no_domain_cleaner:kqapro,"Какой фильм, вышедший в США 15 июля 1994 года, был выпущен до 2007 года?"
kqapro_6a914a446392,kqapro,external_multihop,,"{""_source_record"": {""answer_text_items"": [""Styria""], ""answer_text_original"": ""Styria"", ""benchmark_id"": ""kqapro_train_029626"", ""hop_count_estimate"": ""1"", ""manual_bucket"": """", ""manual_decision"": """", ""metadata"": {""answer_text"": ""Styria"", ""benchmark_id"": ""kqapro_train_029626"", ""hop_count_estimate"": ""1"", ""manual_bucket"": """", ""manual_decision"": """", ""notes"": """", ""primary_reasoning_family"": ""qualifier"", ""program_length"": ""7"", ""program_signature"": ""FindAll -> FilterStr -> FilterConcept -> Relate -> QFilterYear -> FilterConcept -> What"", ""question_en_original"": ""What first-level administrative country subdivision contains the big city whose official name is Graz starting in the year 1918?"", ""recommended_action"": ""keep_for_reconstruction"", ""reconstructability_score_v2"": ""17"", ""russian_reconstruction_idea"": """", ""target_domain_ru"": """"}, ""notes"": """", ""primary_reasoning_family"": ""qualifier"", ""program_length"": ""7"", ""program_signature"": ""FindAll -> FilterStr -> FilterConcept -> Relate -> QFilterYear -> FilterConcept -> What"", ""question_en_original"": ""What first-level administrative country subdivision contains the big city whose official name is Graz starting in the year 1918?"", ""question_ru"": ""В какой административной единице первого уровня находится крупный город, официальное название которого с 1918 года — Graz?"", ""question_ru_manual"": ""В какой административной единице первого уровня находится крупный город, официальное название которого с 1918 года — Graz?"", ""russian_reconstruction_idea"": """", ""source_dataset"": ""kqapro"", ""source_stage"": ""stage6_manual_translation"", ""target_domain_ru"": """", ""translation_comment"": """", ""translation_status"": ""manual_translated""}, ""source_dataset"": ""kqapro""}",{},no_domain_cleaner:kqapro,"В какой административной единице первого уровня находится крупный город, официальное название которого с 1918 года — Graz?"
kqapro_c2d541684ba3,kqapro,external_multihop,,"{""_source_record"": {""answer_text_items"": [""Wuhan""], ""answer_text_original"": ""Wuhan"", ""benchmark_id"": ""kqapro_val_006524"", ""hop_count_estimate"": ""1"", ""manual_bucket"": """", ""manual_decision"": """", ""metadata"": {""answer_text"": ""Wuhan"", ""benchmark_id"": ""kqapro_val_006524"", ""hop_count_estimate"": ""1"", ""manual_bucket"": """", ""manual_decision"": """", ""notes"": """", ""primary_reasoning_family"": ""qualifier"", ""program_length"": ""7"", ""program_signature"": ""FindAll -> FilterStr -> QFilterDate -> FilterConcept -> Relate -> FilterConcept -> What"", ""question_en_original"": ""Which city is the capital of the province of China it's ISO 3166-2 code is CN-HB inception time of this statement is 2017-11-23?"", ""recommended_action"": ""keep_for_reconstruction"", ""reconstructability_score_v2"": ""17"", ""russian_reconstruction_idea"": """", ""target_domain_ru"": """"}, ""notes"": """", ""primary_reasoning_family"": ""qualifier"", ""program_length"": ""7"", ""program_signature"": ""FindAll -> FilterStr -> QFilterDate -> FilterConcept -> Relate -> FilterConcept -> What"", ""question_en_original"": ""Which city is the capital of the province of China it's ISO 3166-2 code is CN-HB inception time of this statement is 2017-11-23?"", ""question_ru"": ""Какой город является столицей провинции Китая с кодом ISO 3166-2 CN-HB по состоянию на 23 ноября 2017 года?"", ""question_ru_manual"": ""Какой город является столицей провинции Китая с кодом ISO 3166-2 CN-HB по состоянию на 23 ноября 2017 года?"", ""russian_reconstruction_idea"": """", ""source_dataset"": ""kqapro"", ""source_stage"": ""stage6_manual_translation"", ""target_domain_ru"": """", ""translation_comment"": """", ""translation_status"": ""manual_translated""}, ""source_dataset"": ""kqapro""}",{},no_domain_cleaner:kqapro,Какой город является столицей провинции Китая с кодом ISO 3166-2 CN-HB по состоянию на 23 ноября 2017 года?
kqapro_51eaeda7dabd,kqapro,external_multihop,,"{""_source_record"": {""answer_text_items"": [""University of York""], ""answer_text_original"": ""University of York"", ""benchmark_id"": ""kqapro_train_019036"", ""hop_count_estimate"": ""1"", ""manual_bucket"": """", ""manual_decision"": """", ""metadata"": {""answer_text"": ""University of York"", ""benchmark_id"": ""kqapro_train_019036"", ""hop_count_estimate"": ""1"", ""manual_bucket"": """", ""manual_decision"": """", ""notes"": """", ""primary_reasoning_family"": ""qualifier"", ""program_length"": ""7"", ""program_signature"": ""FindAll -> FilterStr -> QFilterDate -> FilterConcept -> Relate -> FilterConcept -> What"", ""question_en_original"": ""Which public university is headquartered in the city assigned NUTS code UKE21 on 1999-01-01?"", ""recommended_action"": ""keep_for_reconstruction"", ""reconstructability_score_v2"": ""17"", ""russian_reconstruction_idea"": """", ""target_domain_ru"": """"}, ""notes"": """", ""primary_reasoning_family"": ""qualifier"", ""program_length"": ""7"", ""program_signature"": ""FindAll -> FilterStr -> QFilterDate -> FilterConcept -> Relate -> FilterConcept -> What"", ""question_en_original"": ""Which public university is headquartered in the city assigned NUTS code UKE21 on 1999-01-01?"", ""question_ru"": ""Какой государственный университет расположен в городе, которому 1 января 1999 года был присвоен код NUTS UKE21?"", ""question_ru_manual"": ""Какой государственный университет расположен в городе, которому 1 января 1999 года был присвоен код NUTS UKE21?"", ""russian_reconstruction_idea"": """", ""source_dataset"": ""kqapro"", ""source_stage"": ""stage6_manual_translation"", ""target_domain_ru"": """", ""translation_comment"": """", ""translation_status"": ""manual_translated""}, ""source_dataset"": ""kqapro""}",{},no_domain_cleaner:kqapro,"Какой государственный университет расположен в городе, которому 1 января 1999 года был присвоен код NUTS UKE21?"
kqapro_5eb01d0432a3,kqapro,external_multihop,,"{""_source_record"": {""answer_text_items"": [""Boston""], ""answer_text_original"": ""Boston"", ""benchmark_id"": ""kqapro_train_078180"", ""hop_count_estimate"": ""1"", ""manual_bucket"": """", ""manual_decision"": """", ""metadata"": {""answer_text"": ""Boston"", ""benchmark_id"": ""kqapro_train_078180"", ""hop_count_estimate"": ""1"", ""manual_bucket"": """", ""manual_decision"": """", ""notes"": """", ""primary_reasoning_family"": ""temporal"", ""program_length"": ""6"", ""program_signature"": ""FindAll -> FilterStr -> FilterConcept -> Relate -> FilterConcept -> What"", ""question_en_original"": ""What United States city is the capital of one of the the county and has the Dewey Decimal Classification of 2--74461?"", ""recommended_action"": ""keep_for_reconstruction"", ""reconstructability_score_v2"": ""14"", ""russian_reconstruction_idea"": """", ""target_domain_ru"": """"}, ""notes"": """", ""primary_reasoning_family"": ""temporal"", ""program_length"": ""6"", ""program_signature"": ""FindAll -> FilterStr -> FilterConcept -> Relate -> FilterConcept -> What"", ""question_en_original"": ""What United States city is the capital of one of the the county and has the Dewey Decimal Classification of 2--74461?"", ""question_ru"": ""Какой город США является административным центром одного из округов и имеет классификацию Дьюи 2--74461?"", ""question_ru_manual"": ""Какой город США является административным центром одного из округов и имеет классификацию Дьюи 2--74461?"", ""russian_reconstruction_idea"": """", ""source_dataset"": ""kqapro"", ""source_stage"": ""stage6_manual_translation"", ""target_domain_ru"": """", ""translation_comment"": """", ""translation_status"": ""manual_translated""}, ""source_dataset"": ""kqapro""}",{},no_domain_cleaner:kqapro,Какой город США является административным центром одного из округов и имеет классификацию Дьюи 2--74461?
kqapro_4531564f3e81,kqapro,external_multihop,,"{""_source_record"": {""answer_text_items"": [""DePaul University""], ""answer_text_original"": ""DePaul University"", ""benchmark_id"": ""kqapro_train_093398"", ""hop_count_estimate"": ""1"", ""manual_bucket"": """", ""manual_decision"": """", ""metadata"": {""answer_text"": ""DePaul University"", ""benchmark_id"": ""kqapro_train_093398"", ""hop_count_estimate"": ""1"", ""manual_bucket"": """", ""manual_decision"": """", ""notes"": """", ""primary_reasoning_family"": ""temporal"", ""program_length"": ""6"", ""program_signature"": ""FindAll -> FilterStr -> FilterConcept -> Relate -> FilterConcept -> What"", ""question_en_original"": ""Which higher education institution is the education place of the person whose Deutsche Synchronkartei actor-ID is 4417?"", ""recommended_action"": ""keep_for_reconstruction"", ""reconstructability_score_v2"": ""14"", ""russian_reconstruction_idea"": """", ""target_domain_ru"": """"}, ""notes"": """", ""primary_reasoning_family"": ""temporal"", ""program_length"": ""6"", ""program_signature"": ""FindAll -> FilterStr -> FilterConcept -> Relate -> FilterConcept -> What"", ""question_en_original"": ""Which higher education institution is the education place of the person whose Deutsche Synchronkartei actor-ID is 4417?"", ""question_ru"": ""Какое высшее учебное заведение было местом обучения человека с actor-ID 4417 в Deutsche Synchronkartei?"", ""question_ru_manual"": ""Какое высшее учебное заведение было местом обучения человека с actor-ID 4417 в Deutsche Synchronkartei?"", ""russian_reconstruction_idea"": """", ""source_dataset"": ""kqapro"", ""source_stage"": ""stage6_manual_translation"", ""target_domain_ru"": """", ""translation_comment"": """", ""translation_status"": ""manual_translated""}, ""source_dataset"": ""kqapro""}",{},no_domain_cleaner:kqapro,Какое высшее учебное заведение было местом обучения человека с actor-ID 4417 в Deutsche Synchronkartei?
kqapro_aa5a12585842,kqapro,external_multihop,,"{""_source_record"": {""answer_text_items"": [""Airbus""], ""answer_text_original"": ""Airbus"", ""benchmark_id"": ""kqapro_train_007964"", ""hop_count_estimate"": ""1"", ""manual_bucket"": """", ""manual_decision"": """", ""metadata"": {""answer_text"": ""Airbus"", ""benchmark_id"": ""kqapro_train_007964"", ""hop_count_estimate"": ""1"", ""manual_bucket"": """", ""manual_decision"": """", ""notes"": """", ""primary_reasoning_family"": ""temporal"", ""program_length"": ""6"", ""program_signature"": ""FindAll -> FilterNum -> FilterConcept -> Relate -> FilterConcept -> What"", ""question_en_original"": ""What public company develops the aircraft-functional class with an item-produced quantity of 1527?"", ""recommended_action"": ""keep_for_reconstruction"", ""reconstructability_score_v2"": ""14"", ""russian_reconstruction_idea"": """", ""target_domain_ru"": """"}, ""notes"": """", ""primary_reasoning_family"": ""temporal"", ""program_length"": ""6"", ""program_signature"": ""FindAll -> FilterNum -> FilterConcept -> Relate -> FilterConcept -> What"", ""question_en_original"": ""What public company develops the aircraft-functional class with an item-produced quantity of 1527?"", ""question_ru"": ""Какая публичная компания разрабатывает класс воздушных судов, количество произведённых единиц которого составляет 1527?"", ""question_ru_manual"": ""Какая публичная компания разрабатывает класс воздушных судов, количество произведённых единиц которого составляет 1527?"", ""russian_reconstruction_idea"": """", ""source_dataset"": ""kqapro"", ""source_stage"": ""stage6_manual_translation"", ""target_domain_ru"": """", ""translation_comment"": """", ""translation_status"": ""manual_translated""}, ""source_dataset"": ""kqapro""}",{},no_domain_cleaner:kqapro,"Какая публичная компания разрабатывает класс воздушных судов, количество произведённых единиц которого составляет 1527?"
kqapro_8c10c4000b9d,kqapro,external_multihop,,"{""_source_record"": {""answer_text_items"": [""1199140""], ""answer_text_original"": ""1199140"", ""benchmark_id"": ""kqapro_train_043913"", ""hop_count_estimate"": ""1"", ""manual_bucket"": """", ""manual_decision"": """", ""metadata"": {""answer_text"": ""1199140"", ""benchmark_id"": ""kqapro_train_043913"", ""hop_count_estimate"": ""1"", ""manual_bucket"": """", ""manual_decision"": """", ""notes"": """", ""primary_reasoning_family"": ""temporal"", ""program_length"": ""5"", ""program_signature"": ""Find -> FilterDate -> Relate -> FilterConcept -> QueryAttr"", ""question_en_original"": ""What is the National Heritage List for England number of the college of the University of Oxford where William Baldwin, who was born on January 1, 1563, was educated?"", ""recommended_action"": ""keep_for_reconstruction"", ""reconstructability_score_v2"": ""11"", ""russian_reconstruction_idea"": """", ""target_domain_ru"": """"}, ""notes"": """", ""primary_reasoning_family"": ""temporal"", ""program_length"": ""5"", ""program_signature"": ""Find -> FilterDate -> Relate -> FilterConcept -> QueryAttr"", ""question_en_original"": ""What is the National Heritage List for England number of the college of the University of Oxford where William Baldwin, who was born on January 1, 1563, was educated?"", ""question_ru"": ""Какой номер в Национальном списке наследия Англии имеет колледж Оксфордского университета, где учился Уильям Болдуин, родившийся 1 января 1563 года?"", ""question_ru_manual"": ""Какой номер в Национальном списке наследия Англии имеет колледж Оксфордского университета, где учился Уильям Болдуин, родившийся 1 января 1563 года?"", ""russian_reconstruction_idea"": """", ""source_dataset"": ""kqapro"", ""source_stage"": ""stage6_manual_translation"", ""target_domain_ru"": """", ""translation_comment"": """", ""translation_status"": ""manual_translated""}, ""source_dataset"": ""kqapro""}",{},no_domain_cleaner:kqapro,"Какой номер в Национальном списке наследия Англии имеет колледж Оксфордского университета, где учился Уильям Болдуин, родившийся 1 января 1563 года?"
mintaka_4cbe8970ffaa,politics,external_multihop,,"{""_source_record"": {""answer_mode"": ""list_like"", ""answer_text_original"": """", ""answer_type"": ""entity"", ""auto_decision"": ""keep_for_reconstruction"", ""benchmark_id"": ""mintaka_test_5bd63af8"", ""category"": ""politics"", ""complexity_type"": ""multihop"", ""decision_reasons"": ""multi_answer|list_like|temporal_signal"", ""notes"": """", ""priority_score"": ""10"", ""question_en_original"": ""Who were the first two senators to represent the latest state added to the Union?"", ""question_ru"": ""Кто были первыми двумя сенаторами, представлявшими последний штат, присоединившийся к США?"", ""question_ru_manual"": ""Кто были первыми двумя сенаторами, представлявшими последний штат, присоединившийся к США?"", ""reasoning_family"": ""multihop"", ""reconstructability_score_v2"": ""15"", ""source_dataset"": ""mintaka"", ""source_id"": ""5bd63af8"", ""source_split"": ""test"", ""translation_comment"": """", ""translation_status"": ""manual_translation_ready""}, ""source_dataset"": ""mintaka"", ""source_id"": ""5bd63af8""}",{},no_domain_cleaner:politics,"Кто были первыми двумя сенаторами, представлявшими последний штат, присоединившийся к США?"
mintaka_80fbb7125285,history,external_multihop,,"{""_source_record"": {""answer_mode"": ""list_like"", ""answer_text_original"": """", ""answer_type"": ""entity"", ""auto_decision"": ""keep_for_reconstruction"", ""benchmark_id"": ""mintaka_train_08cbd2e7"", ""category"": ""history"", ""complexity_type"": ""multihop"", ""decision_reasons"": ""multi_answer|list_like|multi_constraint_signal"", ""notes"": """", ""priority_score"": ""10"", ""question_en_original"": ""Which wives of US presidents were also mothers of US presidents?"", ""question_ru"": ""Какие жёны президентов США также были матерями президентов США?"", ""question_ru_manual"": ""Какие жёны президентов США также были матерями президентов США?"", ""reasoning_family"": ""multihop"", ""reconstructability_score_v2"": ""15"", ""source_dataset"": ""mintaka"", ""source_id"": ""08cbd2e7"", ""source_split"": ""train"", ""translation_comment"": """", ""translation_status"": ""manual_translation_ready""}, ""source_dataset"": ""mintaka"", ""source_id"": ""08cbd2e7""}",{},no_domain_cleaner:history,Какие жёны президентов США также были матерями президентов США?
mintaka_d2ea36fd372f,music,external_multihop,,"{""_source_record"": {""answer_mode"": ""list_like"", ""answer_text_original"": """", ""answer_type"": ""entity"", ""auto_decision"": ""keep_for_reconstruction"", ""benchmark_id"": ""mintaka_train_b9354cf6"", ""category"": ""music"", ""complexity_type"": ""multihop"", ""decision_reasons"": ""multi_answer|list_like|multi_constraint_signal"", ""notes"": """", ""priority_score"": ""10"", ""question_en_original"": ""Which city did the band that wrote \""Shiny Happy People\"" come from?"", ""question_ru"": ""Из какого города была группа, написавшая песню «Shiny Happy People»?"", ""question_ru_manual"": ""Из какого города была группа, написавшая песню «Shiny Happy People»?"", ""reasoning_family"": ""multihop"", ""reconstructability_score_v2"": ""14"", ""source_dataset"": ""mintaka"", ""source_id"": ""b9354cf6"", ""source_split"": ""train"", ""translation_comment"": """", ""translation_status"": ""manual_translation_ready""}, ""source_dataset"": ""mintaka"", ""source_id"": ""b9354cf6""}",{},no_domain_cleaner:music,"Из какого города была группа, написавшая песню «Shiny Happy People»?"
mintaka_42686e9a7079,sports,external_multihop,,"{""_source_record"": {""answer_mode"": ""list_like"", ""answer_text_original"": """", ""answer_type"": ""entity"", ""auto_decision"": ""keep_for_reconstruction"", ""benchmark_id"": ""mintaka_test_655db184"", ""category"": ""sports"", ""complexity_type"": ""multihop"", ""decision_reasons"": ""multi_answer|list_like|temporal_signal"", ""notes"": """", ""priority_score"": ""10"", ""question_en_original"": ""Who was the pitcher for the winning team in the first World Series?"", ""question_ru"": ""Кто был питчером победившей команды в первой Мировой серии?"", ""question_ru_manual"": ""Кто был питчером победившей команды в первой Мировой серии?"", ""reasoning_family"": ""multihop"", ""reconstructability_score_v2"": ""13"", ""source_dataset"": ""mintaka"", ""source_id"": ""655db184"", ""source_split"": ""test"", ""translation_comment"": """", ""translation_status"": ""manual_translation_ready""}, ""source_dataset"": ""mintaka"", ""source_id"": ""655db184""}",{},no_domain_cleaner:sports,Кто был питчером победившей команды в первой Мировой серии?
mintaka_32671648bfce,books,external_multihop,,"{""_source_record"": {""answer_mode"": ""list_like"", ""answer_text_original"": """", ""answer_type"": ""entity"", ""auto_decision"": ""keep_for_reconstruction"", ""benchmark_id"": ""mintaka_train_af82fcbd"", ""category"": ""books"", ""complexity_type"": ""multihop"", ""decision_reasons"": ""multi_answer|list_like"", ""notes"": """", ""priority_score"": ""10"", ""question_en_original"": ""Who was in charge of the screenplay on the movie that was based on the third book of Lord of the Rings?"", ""question_ru"": ""Кто отвечал за сценарий фильма, снятого по третьей книге «Властелина колец»?"", ""question_ru_manual"": ""Кто отвечал за сценарий фильма, снятого по третьей книге «Властелина колец»?"", ""reasoning_family"": ""multihop"", ""reconstructability_score_v2"": ""13"", ""source_dataset"": ""mintaka"", ""source_id"": ""af82fcbd"", ""source_split"": ""train"", ""translation_comment"": """", ""translation_status"": ""manual_translation_ready""}, ""source_dataset"": ""mintaka"", ""source_id"": ""af82fcbd""}","{""kind"": ""book""}",,"Кто отвечал за сценарий фильма, снятого по третьей книге «Властелина колец»?"
mintaka_b4131f059cce,videogames,external_multihop,,"{""_source_record"": {""answer_mode"": ""list_like"", ""answer_text_original"": """", ""answer_type"": ""entity"", ""auto_decision"": ""keep_for_reconstruction"", ""benchmark_id"": ""mintaka_train_d8a4fd32"", ""category"": ""videogames"", ""complexity_type"": ""multihop"", ""decision_reasons"": ""multi_answer|list_like"", ""notes"": """", ""priority_score"": ""10"", ""question_en_original"": ""What were the two initial continents in the video game that Blizzard Entertainment released on November 23, 2004?"", ""question_ru"": ""Какие два континента изначально были доступны в видеоигре, выпущенной Blizzard Entertainment 23 ноября 2004 года?"", ""question_ru_manual"": ""Какие два континента изначально были доступны в видеоигре, выпущенной Blizzard Entertainment 23 ноября 2004 года?"", ""reasoning_family"": ""multihop"", ""reconstructability_score_v2"": ""13"", ""source_dataset"": ""mintaka"", ""source_id"": ""d8a4fd32"", ""source_split"": ""train"", ""translation_comment"": """", ""translation_status"": ""manual_translation_ready""}, ""source_dataset"": ""mintaka"", ""source_id"": ""d8a4fd32""}","{""kind"": ""video_game"", ""year_from"": 2004, ""year_to"": 2004}",,"Какие два континента изначально были доступны в видеоигре, выпущенной Blizzard Entertainment 23 ноября 2004 года?"
mintaka_1acf9129a299,videogames,external_multihop,,"{""_source_record"": {""answer_mode"": ""list_like"", ""answer_text_original"": """", ""answer_type"": ""entity"", ""auto_decision"": ""keep_for_reconstruction"", ""benchmark_id"": ""mintaka_train_2c1804b1"", ""category"": ""videogames"", ""complexity_type"": ""multihop"", ""decision_reasons"": ""multi_answer|list_like"", ""notes"": """", ""priority_score"": ""10"", ""question_en_original"": ""In Kingdom Hearts what is the name of Sora's Nobody's best friends?"", ""question_ru"": ""Как зовут лучших друзей Nobody Соры в Kingdom Hearts?"", ""question_ru_manual"": ""Как зовут лучших друзей Nobody Соры в Kingdom Hearts?"", ""reasoning_family"": ""multihop"", ""reconstructability_score_v2"": ""12"", ""source_dataset"": ""mintaka"", ""source_id"": ""2c1804b1"", ""source_split"": ""train"", ""translation_comment"": """", ""translation_status"": ""manual_translation_ready""}, ""source_dataset"": ""mintaka"", ""source_id"": ""2c1804b1""}","{""kind"": ""video_game""}",,Как зовут лучших друзей Nobody Соры в Kingdom Hearts?
mintaka_c7a6efdb356b,books,external_multihop,,"{""_source_record"": {""answer_mode"": ""list_like"", ""answer_text_original"": """", ""answer_type"": ""entity"", ""auto_decision"": ""keep_for_reconstruction"", ""benchmark_id"": ""mintaka_train_fb2caf1b"", ""category"": ""books"", ""complexity_type"": ""multihop"", ""decision_reasons"": ""multi_answer|list_like"", ""notes"": """", ""priority_score"": ""10"", ""question_en_original"": ""Where did the winner of the 2017 Nobel Prize in Literature go to university?"", ""question_ru"": ""В каком университете учился лауреат Нобелевской премии по литературе 2017 года?"", ""question_ru_manual"": ""В каком университете учился лауреат Нобелевской премии по литературе 2017 года?"", ""reasoning_family"": ""multihop"", ""reconstructability_score_v2"": ""12"", ""source_dataset"": ""mintaka"", ""source_id"": ""fb2caf1b"", ""source_split"": ""train"", ""translation_comment"": """", ""translation_status"": ""manual_translation_ready""}, ""source_dataset"": ""mintaka"", ""source_id"": ""fb2caf1b""}","{""kind"": ""book"", ""year_from"": 2017, ""year_to"": 2017}",,В каком университете учился лауреат Нобелевской премии по литературе 2017 года?
mintaka_8c7839e13bda,geography,external_multihop,,"{""_source_record"": {""answer_mode"": ""single"", ""answer_text_original"": """", ""answer_type"": ""entity"", ""auto_decision"": ""keep_for_reconstruction"", ""benchmark_id"": ""mintaka_train_5362eb29"", ""category"": ""geography"", ""complexity_type"": ""multihop"", ""decision_reasons"": ""comparison_signal"", ""notes"": """", ""priority_score"": ""7"", ""question_en_original"": ""What is the smallest country that is part of the largest continent?"", ""question_ru"": ""Какая самая маленькая страна находится на самом большом континенте?"", ""question_ru_manual"": ""Какая самая маленькая страна находится на самом большом континенте?"", ""reasoning_family"": ""multihop"", ""reconstructability_score_v2"": ""12"", ""source_dataset"": ""mintaka"", ""source_id"": ""5362eb29"", ""source_split"": ""train"", ""translation_comment"": """", ""translation_status"": ""manual_translation_ready""}, ""source_dataset"": ""mintaka"", ""source_id"": ""5362eb29""}",{},no_domain_cleaner:geography,Какая самая маленькая страна находится на самом большом континенте?
