recommended_action,count,mean_score,mean_program_length
keep_for_reconstruction,38706,15.244019015139772,5.894254120808143
drop,29989,1.7146953883090466,5.142418886925206
pattern_only,4096,6.6767578125,4.519775390625
